country_iso3,country_name,year,children_under_5_total__number_of_children_under_5,stunting_prevalence_under5_pct,anemia_prevalence_under5_pct,vaccination_measles_first_dose_mcv1,vaccination_hepatitis_b_hepb3,vaccination_diphtheria_tetanus_pertussis_dtp3,vaccination_polio_pol3,vaccination_h_influenzae_type_b_hib3,child_mortality_deaths_per_100_live_births,low_birthweight_pct,stillbirths_per_100_births,gdp_constant_2015_usd,gdp_per_capita_ppp_constant_2021_intl_usd,human_development_index,sex_ratio_at_birth_males_per_100_females,malaria_incidence_rate,malaria_prevalence_rate,under5_mortality_rate,acute_hepatitis_b_incidence_rate,acute_hepatitis_c_incidence_rate,diarrheal_diseases_incidence_rate,neonatal_encephalopathy_due_to_birth_asphyxia_and_trauma_incidence_rate,neonatal_preterm_birth_incidence_rate,neonatal_sepsis_and_other_neonatal_infections_incidence_rate,nutritional_deficiencies_incidence_rate,temp_mean_c,temp_max_c,temp_min_c,rel_humidity_pct,rain_mm_year,female_primary_gross_enrol,female_secondary_gross_enrol,female_tertiary_gross_enrol,female_primary_completion_rate,mortality_under5_malaria
DZA,Algeria,2000,3045059,22.4,39.9,80.0,,86.0,86.0,,4.16,6.7993193,1.7807677,109812000000.0,11558.221,0.651,104.079025,0.081094252,13.63957779,781.2802930020039,430.944719,46.58788027,170497.0316,75.61824605,1924.738678,735.19642,23649.64818,22.614834543456425,35.39466858714628,11.325677925912318,29.081166928487367,63.56719716501346,106.830658,67.32920074,,83.02941132,0.0001319259385393
DZA,Algeria,2001,2968062,21.6,39.3,83.0,,89.0,89.0,,4.01,6.798483,1.7475705,113106000000.0,11742.595,0.659,104.29449,0.052625257,11.97525389,751.7595114163057,390.8577098,45.99420214,165347.58611314982,74.58832487998001,1925.554028,731.750727,22499.92565464184,23.56424658484967,36.33387653498862,11.842088844554224,26.72761092545106,56.99892379013482,106.3227997,72.14031219,,90.35018158,7.370292383867997e-05
DZA,Algeria,2002,2912438,20.8,38.8,81.0,,86.0,86.0,,3.85,6.7952104,1.7155851,119214000000.0,12213.126,0.669,104.46827,0.042959715,10.55152256,716.8294295541973,303.6460397,45.31079564,159849.4752220872,72.70304522,1928.560742,727.4581351,21250.00169,23.22226840828961,35.74425335616635,11.569735706442712,29.09811994,77.98834733212456,108.3622437,76.09771729,,93.38391876,5.658525920033238e-05
DZA,Algeria,2003,2911159,19.9,38.3,84.0,,87.0,87.0,,3.7,6.792877,1.6702511,126963000000.0,12835.182,0.677,104.61243,0.035806481,9.39193449,708.1962746547863,200.372585,44.60074317,154222.3871,70.87498894619999,1936.3455395044496,726.4432364,19979.91123355355,23.17835309705178,36.15966449689221,11.671939477155735,30.94670869574696,106.26831173136648,109.0262375,79.94149017,,95.82872772,4.395741291851049e-05
DZA,Algeria,2004,2968684,19.0,37.9,81.0,81.0,86.0,86.0,,3.54,6.7897086,1.6149257,132676000000.0,13226.765,0.685,104.72067,0.030904099,8.521652091,678.3587645596841,111.9541836,43.92738909,148670.0655129437,69.76613367,1965.166313,730.8422646,18768.41035901141,22.74352306865576,35.52307452031585,10.598877448186284,31.46231274367516,122.96506816528672,109.4446106,84.55516052,19.9779892,98.79808807,4.465110750775552e-05
DZA,Algeria,2005,3052313,18.0,37.4,83.0,83.0,88.0,88.0,,3.4,6.790483,1.5556537,139840000000.0,13738.496,0.692,104.79847,0.027581538,7.967860699570001,663.9886077780807,69.49427211,43.35856138,143280.39843850347,69.74297583055001,1992.626455,738.1499297,17693.86814157417,22.990210604236267,35.65412297595682,11.084248335562314,31.535085466282307,103.18325207990942,109.7248611,87.19509125,23.7013092,100.3195267,3.926018090983839e-05
DZA,Algeria,2006,3165904,17.1,36.9,91.0,80.0,95.0,95.0,,3.26,6.795831,1.4966788,143896000000.0,13920.694,0.698,104.80572,0.025557061,7.648185478,652.2303914472361,61.24136996,42.85858874,137420.9082218355,70.47838212,2020.938365,745.8461618,16702.86570569573,23.04162047580133,35.48793303391985,11.557026650558582,31.589147414996248,101.70799625429976,109.1312103,88.94509125,24.19948006,88.65634918,2.9940653303782733e-05
DZA,Algeria,2007,3319460,16.1,36.3,92.0,90.0,95.0,95.0,,3.13,6.805029,1.4316418,148356000000.0,14114.675,0.704,104.75848,0.027939694,7.423090762,641.5362863424762,54.53253779,42.36217345,130837.9365358329,70.97267017668999,2046.159643,749.0787589,15719.40196963649,23.011622667703687,36.033687485544085,11.236697208493124,29.81336517296929,89.05282579639275,109.4647522,77.93821716,28.00105095,100.139679,2.987228878590569e-05
DZA,Algeria,2008,3504798,15.1,35.8,88.0,91.0,93.0,92.0,93.0,3.01,6.819798,1.3657523,152065000000.0,14206.776,0.711,104.724915,0.003454513,7.231487667260001,628.0969422504958,49.53275939953001,41.89365896,124189.73896370988,71.18650143877001,2065.002553,747.8489236,14791.46679146406,22.83619162161844,35.18791952613223,11.269882276733496,31.26976148026632,103.22336609276876,107.8698196,83.46920013,,110.8741684,8.609266863776364e-06
DZA,Algeria,2009,3699825,14.2,35.2,92.0,94.0,95.0,94.0,95.0,2.9,6.8388534,1.2962937,153890000000.0,14104.428,0.714,104.67053,0.003349447,7.015450658,614.5146974176465,46.41057475,41.47333801,118222.1272603508,71.11930937506999,2074.502769,742.7934237301399,13966.091127176567,22.85172514257763,35.45556397508481,11.526722012120928,31.90793501524676,112.2105964050719,109.5318604,99.03965759,36.69272995,99.18997955,7.070758201795982e-06
DZA,Algeria,2010,3891282,13.4,34.7,95.0,95.0,95.0,95.0,95.0,2.81,6.863209,1.2293658,161277000000.0,14496.421,0.718,104.556145,0.009047495,6.713486884,599.7519572008878,45.32804037,41.12221126,113662.85524455342,70.73623513,2070.516321,734.0150860118899,13289.57334862486,24.08689447812636,36.90130632884946,12.15520695409232,30.066995743721943,96.84435881797933,110.054917,104.4906639,37.16233266,98.29105175,1.139553689346504e-05
DZA,Algeria,2011,4071861,12.6,34.3,95.0,95.0,95.0,95.0,95.0,2.73,6.8931003,1.1729463,166115000000.0,14641.964,0.718,104.403824,0.003230713,5.781873712,583.6332312434151,46.14194463,40.81344499,110473.52965142849,70.03522245615001,2060.681417,721.2854455,12735.372059066827,22.86185635165256,35.30579971935488,11.650255164434633,32.49844596,114.36599248800916,109.1761661,106.7806061,39.3140545,96.68237058,5.671696375748874e-06
DZA,Algeria,2012,4249253,12.0,34.1,95.0,95.0,95.0,95.0,95.0,2.66,6.9238997,1.1204695,170102000000.0,14697.54,0.723,104.315895,0.046830095,4.090882092,567.2646344662544,48.08904574,40.51473111,107853.0329426554,69.06713324,2039.947969,704.5954559,12240.39014709051,22.680238002249528,35.415739297093154,10.77024248250708,31.067252683411976,97.9999533,109.0165731,,41.11363955,98.90973568,6.250363745585685e-05
DZA,Algeria,2013,4416357,11.6,33.9,95.0,95.0,95.0,95.0,95.0,2.6,6.957778,1.0681845,174525000000.0,14778.191,0.727,104.28836,0.00512461,2.190315833,548.4481660824667,50.39911122,40.23872206,105386.72467818012,67.94978340557999,2024.312805,685.1981874778301,11796.12938820013,22.77438602227596,35.52674554397171,10.940370708109398,29.53948838732751,88.59218341511712,109.5885096,,43.7420885,103.0107595,6.481220923047808e-06
DZA,Algeria,2014,4573239,11.2,33.9,95.0,95.0,95.0,95.0,95.0,2.54,6.9896894,1.021297,181680000000.0,15073.763,0.732,104.23405,0.0,0.6410173527499999,530.246977,52.30040096,39.99822583,102655.45636098186,66.72718699,2000.933933,663.6678766,11393.53808604273,23.18293057772826,35.67339247156797,11.705915968059022,29.672786976611576,91.85457127706414,108.6087081,,44.75413308,102.8663228,0.0
DZA,Algeria,2015,4725369,10.8,33.9,95.0,95.0,95.0,95.0,95.0,2.49,7.0231905,0.9812372,187494000000.0,15239.518,0.737,104.1443,0.0,0.0,512.5732886741711,53.02611332,39.80670324,99235.10043910824,65.43780880784999,1977.501528,640.392935,11022.82791923331,22.826819224369967,35.62448715314414,11.380742865462157,31.370938129605403,92.01602014944592,107.1600359,,47.87225186,98.68906581,0.0
DZA,Algeria,2016,4859447,10.4,34.0,94.0,91.0,91.0,91.0,91.0,2.45,7.054225,0.94991535,194806000000.0,15511.686,0.743,104.06785,0.0,0.0,491.0049676748744,52.631706633010005,39.61991725,92887.37472,64.006596,1936.229166,615.9121519,10776.77522664758,23.51507749,36.39543883682899,11.60571916021807,29.665094732992618,85.16909273176552,106.4865732,,56.33628086,100.2973937,0.0
DZA,Algeria,2017,4960909,10.1,34.0,88.0,91.0,91.0,91.0,91.0,2.4,7.087204,0.9286624,197728000000.0,15427.664,0.746,104.06009,0.0,0.0,471.01973130898494,51.85450911,39.40874791,83359.09095251717,62.39998657,1892.198587,590.2180442,10672.56238,23.02425050578848,35.64313577883859,11.573786447811264,30.34562543995545,75.06266371174979,105.5303976,,59.98779814,101.2413963,0.0
DZA,Algeria,2018,5021192,9.7,34.1,80.0,91.0,91.0,91.0,91.0,2.37,7.125422,0.92004526,200496000000.0,15343.426,0.749,104.1126,0.0,0.0,450.5066802428505,50.95979976,39.20853202,73217.74396164595,60.83772123,1854.3091,564.1287001391199,10591.43824573343,23.06273230520495,35.51572682043675,11.200357892492336,32.08339558243836,108.49373501860724,104.7658797,,66.98468147,101.6729123,0.0
DZA,Algeria,2019,5038817,9.4,34.3,80.0,88.0,88.0,88.0,88.0,2.33,7.1599655,0.9162523,202301000000.0,15199.199,0.753,104.18491,0.0,0.0,429.69915383188754,50.19906142,39.054601378680005,65013.87028885842,59.43087551,1816.474562,537.656642,10423.33033818479,23.010353156975523,35.76467527679794,11.137179526781036,29.17251643,76.88316564159037,103.8814329,,67.98477691,98.00969805,0.0
DZA,Algeria,2020,5014113,9.2,,80.0,84.0,84.0,84.0,84.0,2.29,7.197213,0.9142128,192186000000.0,14194.155,0.742,104.23399,0.0,0.0,412.2087227139765,49.81874664,38.9830164,61281.51391254716,58.62615423,1781.082973,509.4856779,10139.71716005986,23.71536328491138,36.20267468973861,12.298083969553783,30.00400018676288,72.49796540645028,106.8764106,,67.54185027,100.6193033,0.0
AGO,Angola,2000,2975119,47.5,72.8,41.0,,31.0,21.0,,20.3,17.426798,2.8839016,35182758019.0,6796.4062,0.391,101.28984,81629.49014567048,25872.21293276114,3434.8099023302743,2086.787522,82.82639432879999,332399.53730383265,317.8795581,3715.131734,1232.496648,63212.230840166325,23.19426234648759,33.411860152527325,14.680262791887856,56.29331592002713,824.5404528873014,,12.10400009,,,443.2198202518052
AGO,Angola,2001,3069116,44.9,71.5,72.0,,42.0,28.0,,19.69,17.246069,2.7933352,36662544314.0,6848.683,0.401,101.29471,82662.27033238672,25748.95848844546,3291.7154790446343,2091.687649,82.5384696,327860.9164,311.35058631026004,3661.152308,1222.227107,60443.72157313719,22.60520459328653,32.29905432076789,14.33895577448464,60.53237054421521,909.0894740832111,,13.23320961,,,446.2070739656549
AGO,Angola,2002,3173050,42.4,70.3,74.0,,47.0,22.0,,18.99,17.044182,2.7043815,41672733511.0,7523.813,0.417,101.3062,78561.98618960485,25289.37718587167,3137.922447230155,2100.489411,82.17965355927001,322179.2257904954,304.5523456,3595.214981,1205.218779,57235.396167209874,23.331817864339342,33.525026702566215,14.68408020658076,56.14325073156088,822.8897772729059,,14.73159981,0.620840013,,443.7875159647008
AGO,Angola,2003,3288738,40.0,68.9,62.0,,46.0,21.0,,18.22,16.853027,2.612961,43125991915.0,7518.8896,0.435,101.339226,79508.46195380516,25047.58267397799,2981.6663743984304,2108.1349589905403,81.78047147,315985.3278048628,297.43340825541003,3535.1799660400898,1183.910583,53753.42712978243,23.79739081631468,34.334752119041305,14.914611180671889,53.22327440963867,610.6593588906128,,,,,452.9577201478956
AGO,Angola,2004,3417108,37.8,67.5,64.0,,47.0,18.0,,17.38,16.667759,2.5220706,48050921277.0,8081.757,0.448,101.383026,77281.74294809888,24520.87334244556,2824.4290006735696,2109.323992,81.371773,309909.4442,289.7752725,3475.877888,1160.168723,50163.64178804096,23.65808055437786,34.12553336215628,14.668158346880844,53.31016948345036,648.8584700685975,,,,,483.7614790745
AGO,Angola,2005,3555065,35.9,66.2,45.0,,47.0,14.0,,16.5,16.478832,2.426103,54852422288.0,8895.377,0.463,101.402725,77443.55789,23993.39584529783,2656.3980497423854,2098.855979,80.98515965,304571.6732050046,281.4418617,3416.0485460405303,1135.864703,46630.94636545635,24.274481930752287,34.89893312104261,15.30109042,51.45650089655689,580.6895369817491,,,,,468.717744880388
AGO,Angola,2006,3700479,34.2,64.9,48.0,,44.0,8.0,,15.55,16.320103,2.3298156,61347946235.0,9588.822,0.475,101.39537,73566.37819778336,22258.05870791887,2566.969083,1992.230858,80.5910712,300029.9976464233,272.4302499,3358.6436203053504,1109.470948,42762.32104080317,23.53005826,34.31183897471288,14.603342068787626,53.92929517666368,677.8080785677492,,,,,422.2723153694163
AGO,Angola,2007,3852065,32.8,63.7,58.0,43.0,43.0,43.0,43.0,14.6,16.172245,2.2603414,69324828859.0,10437.59,0.492,101.365906,64609.20376300496,19023.87676477368,2368.294519355845,1763.2581544606298,80.15567615,295675.98069702234,262.8089225,3302.3440274631203,1080.59872,38395.56582240191,22.97542117716482,33.00972845493492,14.456787951414476,58.38511938400072,1499.0385953097762,,,,,359.5937906351155
AGO,Angola,2008,4008819,31.7,62.6,58.0,45.0,45.0,44.0,45.0,13.7,16.052908,2.2028632,76802645840.0,11134.705,0.504,101.35139,52647.32734256417,15294.03528690402,2201.8617461158483,1494.958861,79.70560815657001,291149.9824364595,252.933985,3274.5250763819304,1050.189215,34040.00126952288,22.20693601156019,31.663290601444945,13.904240182625603,62.734534908925326,885.8831047,104.4829178,19.91744995,,37.37834167,284.533955822004
AGO,Angola,2009,4169334,31.1,61.7,58.0,47.0,47.0,44.0,47.0,12.82,15.94553,2.1588016,78335311067.0,10933.271,0.517,101.35645,43214.15404630047,12274.94079016098,2075.9411891842883,1269.571231,79.27023396,286053.6356076479,243.3451744,3245.9251379584803,1018.08048,30197.349907591142,22.833491651721435,32.563861091569514,14.227380395311622,59.98891254492207,1078.8223421390744,102.9340668,21.15879059,,37.21855927,214.25529190843625
AGO,Angola,2010,4331859,30.8,61.0,59.0,49.0,49.0,45.0,49.0,11.98,15.85004,2.137549,82482120582.0,11077.13,0.528,101.35445,37261.69062,10906.61299096508,1949.2776977710007,1168.246426,78.87591032367999,280009.6602,234.4704989,3218.046965,985.7288588,27367.268013545898,22.36998237606477,31.670783937834912,14.29532414567199,64.55805068932848,1094.8430724615805,101.9112677,22.98756981,,36.91599433,174.7762533769059
AGO,Angola,2011,4494536,30.9,60.6,59.0,50.0,50.0,45.0,50.0,11.21,15.769547,2.110479,85446420441.0,11037.639,0.545,101.32212,33559.93507439413,10715.56907545915,1839.430486292682,1159.00053,78.50004016,271954.18,225.9975674,3179.1263835961204,950.9028333,25363.75018012956,22.27746441992453,31.78405769073383,14.07738090805166,62.16040986933564,1147.4583101306812,99.97005036,22.3924408,3.51201097,36.51438205,143.14810866953783
AGO,Angola,2012,4657077,31.4,60.5,59.0,52.0,52.0,47.0,52.0,10.48,15.682613,2.079197,92712034533.0,11519.993,0.557,101.28599,32459.141430267468,10716.96503780456,1731.5372706376925,1155.101758,78.10303303124999,261425.5617609132,217.7024504,3146.552946,912.7825593,23649.27205350423,22.43227519368807,31.985151321019817,13.89449901,60.59990540180841,1021.5440134904534,,,,,128.59591998323734
AGO,Angola,2013,4818653,32.3,60.7,59.0,54.0,54.0,46.0,54.0,9.83,15.604644,2.0364065,97239220009.0,11626.1875,0.567,101.301575,33683.006365809546,10892.15515297014,1639.1711514783833,1154.615845,77.68775544836001,248909.61695111505,209.8574177,3141.376561,874.265717,22191.77012692325,22.757397349548807,32.61062673686825,14.283042092058553,59.23463688743768,953.3750580702985,,,8.240137602,,120.61572881533569
AGO,Angola,2014,4976190,33.5,61.1,56.0,55.0,55.0,55.0,55.0,9.28,15.539453,1.9941652,101766000000.0,11721.664,0.577,101.33629,35585.390725846424,11138.53981097592,1555.4645658856048,1155.530146,77.25751322,234884.43949422648,202.6535293,3127.163842,837.7323986,20959.71972055241,22.86406487,32.42345783443451,14.415725921051546,60.09957379587585,739.9563563993491,,,,,118.61824263299788
AGO,Angola,2015,5127623,34.8,61.4,52.0,57.0,57.0,57.0,57.0,8.82,15.518385,1.9644654,102543000000.0,11392.906,0.603,101.381294,38474.35753370597,11469.94981359992,1489.9343002254204,1155.905209,76.81535732,219831.1314105996,196.3168827,3142.729852,805.6016617312599,19922.42238480093,23.97901066650529,34.29132912232633,15.192354288494514,53.685232768755526,675.1467357023746,113.2317429,,7.78538128,,131.65966819449767
AGO,Angola,2016,5273800,36.3,61.9,49.0,59.0,59.0,56.0,59.0,8.41,15.515989,1.948776,100799000000.0,10805.712,0.609,101.464226,42835.96199131412,12500.24354930867,1433.4542778273458,1153.773878,76.18413745881999,200208.27949220265,190.816059,3120.97941,778.7692404,18882.36388262388,23.848859734166425,34.09658113,15.360846891697417,55.59303811749029,722.0621616291486,,42.9851257,8.91518938,,133.9495519018652
AGO,Angola,2017,5414976,37.7,62.1,47.0,58.0,58.0,52.0,58.0,8.05,15.530963,1.9474524,100649000000.0,10414.236,0.61,101.53929,50299.65647,14543.06014255494,1379.6128143753344,1149.534835,75.3181071,174887.5914843473,185.9716918,3105.294868,755.3293656,17747.56926119872,23.72612716337736,34.01566504378021,15.277528271257491,55.35913398,760.4512746829789,,,,,139.32023913336943
AGO,Angola,2018,5551186,39.1,62.3,56.0,67.0,67.0,64.0,67.0,7.73,15.543233,1.951677,100050000000.0,10000.944,0.611,101.6025,55647.39846168408,16742.789956671942,1330.8156804321482,1144.739958,74.41630257,147966.7295405681,181.6767376,3070.1697,732.9786483,16644.771911719432,22.885024215153493,32.437020131912924,14.51430951753339,61.728422652703976,964.0932766905828,,,,,147.5640721891236
AGO,Angola,2019,5684340,40.5,62.4,59.0,64.0,64.0,61.0,64.0,7.44,15.541491,1.9706768,99845650843.0,9648.011,0.611,101.66292,59568.35125,18584.00490070039,1287.1988634044078,1140.862043,73.67886424,123515.52179626482,177.77567913714998,3038.550962,709.1440108,15697.89585322213,24.105570617263165,34.3315664,15.399513752322887,52.97963857420251,592.5350475392145,,,,,152.0531947578969
AGO,Angola,2020,5817238,42.0,,54.0,59.0,59.0,59.0,59.0,7.16,15.527791,1.9917401,95809443080.0,8960.338,0.61,101.7153,58727.18877264173,19317.32720851791,1263.3953807655332,1139.3975,73.30640506,105595.6651154672,174.3498912,3012.81883,681.5192854,14907.72856020042,22.67673914734424,32.30486199023833,14.304664063738471,63.06475028327133,1364.6075703124982,,,,,176.12107906739396
BEN,Benin,2000,1287624,34.8,80.3,70.0,,78.0,78.0,,13.61,18.839054,2.8672745,6219354272.0,2536.169,0.415,104.0569,106988.54069189716,34178.53600475256,2890.9465956607182,1247.988463,78.48127826,263544.5164033845,321.0384888,4042.758791,1098.410614,66868.78597,26.69910434776156,36.31127233724681,18.939567669819933,60.55237880341949,882.6641414072913,62.93492126,12.54440022,1.383139968,24.0514698,362.3654029074703
BEN,Benin,2001,1318086,34.9,79.9,68.0,,76.0,77.0,,13.28,18.725464,2.8320215,6551040876.0,2591.065,0.426,103.96719,111973.51782121064,36222.61552572453,2762.829835283319,1158.738615,78.50693007,255429.6044320198,319.7071497,4046.8504064047497,1098.873387,65291.964093865965,26.76586435650322,36.25459860685054,18.898024024266665,60.62666572565959,912.5405272649732,69.48519897,13.90876961,1.66339004,27.0846405,395.25449381547514
BEN,Benin,2002,1350394,35.0,79.4,66.0,15.0,75.0,76.0,,12.96,18.615858,2.7737088,6855207726.0,2630.1807,0.435,103.85317,117777.2364068442,40731.52193723436,2638.813557308451,950.6363904,78.60058012,245308.47992528303,318.6831351,4020.94409,1096.645993,63467.38355651985,26.77101601943396,35.86229723,19.13281439625132,62.20745713407077,1061.3533775895378,75.00662231,15.11863995,,28.66386032,423.5324048074273
BEN,Benin,2003,1385117,35.1,78.8,65.0,73.0,73.0,75.0,,12.65,18.505375,2.7234101,7091272067.0,2639.0437,0.442,103.80072,124356.20123336773,46089.91333715891,2524.384013657349,700.9182822,78.721723,234045.32438266065,317.1650142,4011.175976,1090.771871,61467.39776819722,26.60383071909764,35.240575336061795,18.99155936,66.34300046685604,1298.0516137021457,79.17462158,15.83345985,,32.99763107,446.34220401185866
BEN,Benin,2004,1422838,35.3,78.0,63.0,75.0,72.0,74.0,,12.35,18.3917,2.6634088,7405393050.0,2672.844,0.449,103.82345,130422.02051635676,50616.41830918554,2406.5857733704725,487.2750101,78.8321873,222465.8806521253,314.5961537,3990.892365,1081.186694,59363.74999975611,26.280998815196217,34.64942882633178,18.96488246281229,68.31472432651832,1136.3607415849824,84.26921082,17.08086967,,38.15274048,493.0388812008048
BEN,Benin,2005,1464295,35.6,77.3,61.0,70.0,70.0,73.0,35.0,12.06,18.276115,2.6111798,7532259620.0,2632.4724,0.456,103.80823,133626.23617088975,52561.583041682425,2315.672068459395,387.6236044,78.88941743694001,211449.67085655165,311.1867987,3986.55068,1070.412117,57228.120109789874,26.78665418,35.69220511420691,19.584085534504485,66.50808912336605,985.3863365109884,83.35458374,,,,510.3871318351094
BEN,Benin,2006,1509389,35.8,76.4,66.0,74.0,74.0,76.0,74.0,11.79,18.15885,2.5779948,7829312267.0,2652.2185,0.462,103.693794,132437.41932139493,50994.79518153316,2248.6661149031165,372.8307439,78.89078985,199980.63394812503,306.9904288,3966.45419,1059.518096,54955.78234639421,26.857067670528505,35.77092032850947,19.45832688,64.72086326265499,1054.218636523668,85.14762878,,3.014980078,,504.9694316866786
BEN,Benin,2007,1555953,35.8,75.6,70.0,82.0,82.0,82.0,82.0,11.54,18.037457,2.5517347,8298002249.0,2729.1375,0.469,103.561195,128406.12361798529,47119.97424357415,2174.3698460389783,361.7311757,78.86700052,187358.39719565504,302.3111272,3911.4249,1048.66858,52486.52043864681,26.033210718901103,34.42420002169391,18.91721179301693,68.24263618876377,1278.703009159295,,,3.765619993,,491.5162507399702
BEN,Benin,2008,1601025,35.6,74.7,66.0,75.0,75.0,77.0,75.0,11.3,17.920332,2.5380802,8704320326.0,2777.6196,0.475,103.465065,122973.66067507053,42354.10648335346,2128.305477733526,353.65385631434003,78.82543073487001,174939.6395742224,297.4848347,3854.348017,1037.385526,49957.607605877776,26.00063657319049,34.83560032358354,18.40490947014633,66.49417420880654,1102.952551651039,98.55063629,,3.973530054,50.29291916,474.8300643946839
BEN,Benin,2009,1643881,35.3,73.9,71.0,79.0,79.0,80.0,79.0,11.06,17.813335,2.5237267,8906198943.0,2758.0725,0.48,103.38571,117421.84253666972,38110.31140746683,2097.708245284833,347.8870379,78.77625422348001,164044.27773160368,292.7331164,3786.901677,1024.3849111606498,47504.57522836704,26.49774952,34.62404769900427,19.529411570644687,70.14973219507876,1236.7407819875564,104.2724609,,5.248690128,,452.4470030800886
BEN,Benin,2010,1686518,34.9,73.2,68.0,76.0,76.0,77.0,76.0,10.84,17.707262,2.5064232,9094481753.0,2733.574,0.485,103.31178,108261.07893147126,35526.79477859264,2072.1626649242166,343.7617211,78.72927024,156003.26818091184,288.4456961,3732.530826,1009.317049,45263.931697601314,26.45090930551665,34.592218758956264,19.26009079587184,70.53706979142287,1277.7157865518964,106.5378113,,6.59487009,54.81576157,422.3515165623916
BEN,Benin,2011,1728880,34.5,72.7,70.0,75.0,75.0,77.0,75.0,10.62,17.594774,2.4674447,9364019722.0,2732.0125,0.49,103.278534,98613.15755317708,34406.30466242929,2052.794158975581,338.7744044,78.62168311,150489.90632529865,284.5884784,3672.526195,988.6973128,43209.58864713396,26.083102787921582,34.61814077885787,18.61013134051825,69.35083182463916,1110.5635703092814,108.5554428,35.18872833,5.059740067,60.41033936,379.9818679703668
BEN,Benin,2012,1772670,34.2,72.3,74.0,80.0,80.0,80.0,80.0,10.39,17.475605,2.3694289,9814543622.0,2779.7266,0.497,103.29196,93372.57132872511,33723.84480291777,2026.252087493932,331.82404160895004,78.41858691,145877.25046191283,280.6526514,3675.493927,960.9435199,41220.86702232729,26.094545316922066,34.41966890402093,18.75612029737563,69.67479918552762,1238.210270011166,112.9835815,,6.609099865,61.80091095,368.7669356678253
BEN,Benin,2013,1820732,34.0,72.2,68.0,77.0,77.0,73.0,77.0,10.16,17.349985,2.24211,10520350021.0,2893.0466,0.506,103.30088,92529.3532,33411.48293081494,1991.9162289894607,324.4543981,78.17054023,141561.97178405692,276.7085995,3689.256137,929.8244433,39293.04293610665,26.72965835801577,35.547591839052835,19.099146784535964,67.77512730282295,974.0416374157136,114.2762299,41.85742188,8.153800011,67.44322205,353.4781950625299
BEN,Benin,2014,1872325,33.9,72.1,65.0,74.0,74.0,71.0,74.0,9.93,17.22624,2.1372178,11189200116.0,2987.3823,0.509,103.26947,94873.08343020252,33340.536153261055,1947.651915,318.1691102,77.92823852,136938.36977120777,272.6750947,3691.769867,898.4128903634601,37421.14302382773,27.06506826635248,35.91846230513928,19.471935171581407,64.91099665564526,1089.2880748096452,115.0964584,43.03720856,7.872129917,69.08896637,333.9919482673147
BEN,Benin,2015,1925031,33.8,72.0,67.0,74.0,74.0,72.0,74.0,9.71,17.10543,2.1226082,11388160996.0,2952.0022,0.511,103.236824,102928.44775234844,33590.266892013984,1903.4212958750163,314.4685042,77.74279799813999,131396.0445253819,268.4564428,3688.255426,869.7781072,35599.69979275497,26.77732308387529,36.21383720214111,18.97654105,63.04791028104801,985.5249591468768,117.6635284,46.03787994,7.17110014,70.94106293,357.90033461000445
BEN,Benin,2016,1976313,33.7,71.9,68.0,78.0,78.0,73.0,78.0,9.5,16.978878,2.071211,11768488383.0,2962.6638,0.51,103.232216,112616.23843815856,33894.29790139138,1824.125359,312.26593055435995,77.56852806,122737.77596814762,264.2666883,3695.7908554528094,844.8066764343599,33662.94283509382,26.95882981104452,36.22949429472627,19.53891716910086,65.31936954,1166.632809533921,116.3685532,47.70521164,7.089099884,70.626297,355.52012161749207
BEN,Benin,2017,2022832,33.6,71.7,65.0,76.0,76.0,72.0,76.0,9.27,16.839327,2.0040274,12435945492.0,3041.7793,0.507,103.231834,112623.2836,33623.80337481936,1754.2798921350463,309.2704798,77.34896119,110798.96510236648,259.87342,3703.537982,820.7442740919901,31592.83418964606,26.72628031764474,35.45150015630291,18.981821306631787,65.82329415,1217.6455146618828,112.3419571,,6.932199955,,332.30436687683044
BEN,Benin,2018,2061731,33.3,71.4,61.0,74.0,74.0,70.0,74.0,9.05,16.698124,1.9382659,13268812302.0,3155.4512,0.507,103.220985,109094.58151494245,33158.405782105496,1679.6600482642962,305.3028694,77.11781533,98030.14436264576,255.0016652,3682.095494,796.2994353,29604.65201350856,26.238254029814417,34.67105448,18.86365911939603,69.15224146,1240.0934351463754,108.0920334,,7.386179924,,335.0829329318388
BEN,Benin,2019,2092329,32.9,71.0,58.0,72.0,72.0,69.0,72.0,8.8,16.56131,1.8944727,14179807374.0,3281.1047,0.507,103.23762,107440.47307040368,32841.496991057415,1623.6925594499487,300.1915746,76.90791536857999,86882.64094183665,249.4316863,3645.747949,770.0115504,27912.05575264159,26.444262602512563,34.73787976,19.25096775933404,69.66551484292026,1322.3880953680314,102.7830505,,6.734459877,56.00868988,305.6863422302388
BEN,Benin,2020,2116112,32.7,,54.0,70.0,70.0,67.0,70.0,8.55,16.445827,1.9024532,14725558723.0,3317.8596,0.504,103.28531,101162.98939250168,32327.59657782084,1556.768503060084,293.7450319,76.75094975,79813.44126,241.1056321,3601.533917,740.5090873,26702.92536066875,26.183360488914087,34.855751213838055,18.58490702,69.69981625337373,1292.9586143894535,99.86888885,39.41788101,7.068190098,54.81536102,333.6428664439572
BWA,Botswana,2000,211044,30.3,44.2,91.0,86.0,97.0,97.0,,8.11,18.099129,1.2986959,8491986059.0,13185.817,0.594,102.35868,141.4305048,136.6776031,1052.515754417643,508.8707263,40.86321317,158164.08309602513,171.58001271871998,5333.963828,1919.8139530549704,24363.15817761621,21.63005302809115,33.27688028867627,10.986517401043065,48.28459266544615,594.5547282259412,107.6782684,77.47997284,6.55727005,92.15328979,2.4951089039509524
BWA,Botswana,2001,213629,30.2,43.6,91.0,87.0,97.0,97.0,,8.12,18.134907,1.323896,8513264763.0,12949.641,0.595,102.37894,90.46043099,122.853331,1140.3920915905503,470.2483336,40.58238766,154511.08493108902,169.7678452,5395.123776,1903.9297519720496,23502.66511559028,22.61194771697819,34.834667012944365,11.037163912356492,43.272625439371865,495.6944528084047,109.0722885,76.10018921,6.995989799,96.1399231,1.5956422035243234
BWA,Botswana,2002,217306,30.1,42.9,92.0,88.0,97.0,97.0,,8.0,18.190302,1.3609936,9029979997.0,13479.696,0.594,102.4116,49.84606748,94.4605207,1134.3135566225003,378.8577518,40.171721124570006,151401.51819445431,168.1151055,5474.203952,1897.147596,22781.644771900068,23.048658915890297,35.75025721362164,10.62573663742464,35.861495831613624,297.83823838423206,109.2691269,77.10146332,7.580140114,97.90287018,1.004311681007588
BWA,Botswana,2003,221136,29.8,42.3,92.0,90.0,96.0,96.0,,7.85,18.212397,1.4059508,9447697367.0,13857.259,0.602,102.41163,39.36437902,62.73150168,1114.7832242063855,270.1331313,39.71247748,148545.75653803447,166.8295354,5575.658076,1900.750536,22127.55188548598,23.247700303861336,36.12671450046175,10.763905262234871,37.08851209394467,319.33564306625334,110.0490265,77.88440704,8.837869644,98.72444916,0.8370432102095072
BWA,Botswana,2004,224844,29.6,41.5,93.0,91.0,96.0,96.0,,7.63,18.21189,1.4540133,9703335214.0,13984.842,0.608,102.4085,38.57629328,36.60106832,1091.7835715155802,179.1316816,39.29639448,145477.14137576328,165.95069656430002,5707.904093,1909.562079,21461.10430747529,22.399105773053787,34.50564389072236,10.524782826207709,43.157638078212834,512.8042161389603,110.0006104,79.57183838,8.780940056,98.66542053,0.8005240003410226
BWA,Botswana,2005,228729,29.3,40.0,93.0,92.0,96.0,96.0,,7.03,18.169825,1.4983604,10145481816.0,14361.958,0.616,102.43073,19.31092393,24.54339307,1074.880588798058,140.99218552143998,39.01798552,141681.1763215074,165.2320344,5782.619288,1919.1141398063696,20698.51978299008,23.59562891619609,35.944578921608105,12.268275477273908,38.295313151371765,408.2466919325633,110.9433975,80.36440277,8.477120399,99.57723999,0.4553746378005836
BWA,Botswana,2006,233249,28.9,38.4,94.0,93.0,96.0,96.0,,6.43,18.084373,1.5383427,10994036837.0,15275.583,0.627,102.43477,39.8010445,29.53207699,1288.0814423341346,145.15732174926998,38.93043819,136270.40640615608,164.5085993,5772.893038107191,1923.585615,19785.93709051005,21.599412586582144,33.59702144178825,9.715598178828404,46.32540337246062,591.6890184977132,111.3906631,83.57077026,8.87485981,102.131012,1.2275563146128567
BWA,Botswana,2007,238711,28.3,37.7,95.0,93.0,96.0,96.0,,6.16,17.995556,1.552523,11630872553.0,15850.234,0.64,102.43519,33.91836335,38.27357059,1041.7839039155906,155.600183,38.96841041,129275.02138399988,163.2284198,5753.217843,1927.593337,18782.24369469792,22.75457503380979,35.308301126989946,9.450611233331829,37.74093225253504,389.3471804,110.1380692,84.52295685,,97.61916351,1.0860776318074767
BWA,Botswana,2008,245100,27.8,37.6,95.0,94.0,96.0,96.0,,6.03,17.871035,1.5590233,12009117014.0,16040.315,0.645,102.45138,58.79818846,50.54923984,1022.303776355281,169.5566126,39.05804129,121347.77055539197,161.6756463,5658.439425259619,1934.300032,17760.72157,22.654619856116785,34.78131202786496,11.242221258919074,41.33571663005214,437.3716761663425,109.7081528,81.07814026,,100.946373,1.575596186238343
BWA,Botswana,2009,252110,27.1,37.5,96.0,94.0,96.0,96.0,,5.78,17.754465,1.5565419,10310519328.0,13489.951,0.644,102.46492,68.59837549,60.19620053,1008.2751565390788,184.1885396,39.13469718,113001.60516952736,160.05150372747002,5610.8571134369495,1934.364671,16784.47226093301,22.29251127754388,34.248872165294465,10.716854777133872,45.117965522249456,544.7243129270832,109.5083466,,,103.847847,1.599479441912896
BWA,Botswana,2010,259130,26.2,37.5,96.0,95.0,95.0,96.0,,5.58,17.607035,1.5495582,11353915357.0,14545.02,0.652,102.47943,56.39597149,63.31218713,989.0606258552242,196.6100807,39.12681621,104884.86297558676,158.1823101,5544.823093,1929.296663,15925.03094534798,22.755987618718382,34.63433428768809,10.84157348281734,44.337332063368216,513.9197609187513,,,,,1.4152447556203087
BWA,Botswana,2011,265263,25.4,38.3,97.0,95.0,95.0,96.0,95.0,5.68,17.444548,1.5351455,12130342700.0,15236.719,0.661,102.4905,16.65255768,56.39404462,963.2128954996932,206.3635659,39.02730923,96272.81658833782,156.2268428,5371.902688,1918.517952644669,15148.844922474487,21.88981108352605,34.093782131719216,10.129582117477948,43.95314673898709,526.1660420790685,,,,,0.3897106780931712
BWA,Botswana,2012,269003,24.7,38.7,97.0,95.0,95.0,96.0,95.0,5.34,17.296143,1.5263662,12109617148.0,14957.619,0.667,102.69678,7.434905673319999,44.83036219,926.8766554517332,215.4654506,38.88247466,86724.85081621913,154.2616291,5214.275174,1903.2340856373096,14393.76097736084,22.75495037610435,35.45886120671366,10.041582802171956,37.97304226467104,351.41401497933964,106.3249333,,,104.4112722,0.164243056007718
BWA,Botswana,2013,270349,23.7,39.1,97.0,95.0,95.0,96.0,95.0,5.1,17.173634,1.516127,13454136663.0,16369.426,0.676,102.84328,17.40110297,32.231965,881.8417780970473,224.8794075,38.69969249,77293.31766580805,152.53698984494002,5079.681117,1888.975296,13688.877107659631,22.88260674392896,35.415533764064975,10.572750680795592,37.81998641245804,395.22524927778295,103.8838353,,,101.0653931,0.3991369536002758
BWA,Botswana,2014,270614,23.2,40.0,97.0,95.0,95.0,96.0,95.0,5.11,17.086113,1.506138,14220638232.0,17052.193,0.685,102.72403,50.10381188,23.08208313,841.9855529440032,235.510035,38.48896838,68994.54889,150.8981787,4945.6291411907205,1875.206502,13059.66554075125,21.72620379214978,33.44779833647659,9.744361842408754,46.99211046180469,626.9657231907427,101.0187988,,27.51666938,,1.044888161889003
BWA,Botswana,2015,270394,22.9,41.3,97.0,95.0,95.0,96.0,95.0,4.98,17.04358,1.4996396,13530748844.0,15994.964,0.69,102.585304,11.19451385,16.19631542,820.6398509417717,248.2721392,38.26034655,62851.946695629245,149.3622448,4814.62727,1864.3097605147905,12531.82356001196,23.71071635089792,35.920292167089706,11.381497255569348,35.89635500862203,327.52939177843734,100.2303619,,31.01989562,,0.212619379856881
BWA,Botswana,2016,270484,22.7,42.5,97.0,95.0,95.0,96.0,94.0,4.9,16.998074,1.4928168,14505561464.0,16905.588,0.696,102.461716,26.79075075,19.81368929,782.6359932542847,264.3197847,37.86658432,58125.63309385604,147.6283324,4690.936908,1855.6274656595097,12080.112253415811,23.576721544145386,36.227688017169065,11.863485292986429,39.34737085729043,374.2624821947582,,,26.72112328,,0.5822470880366233
BWA,Botswana,2017,271149,22.6,43.1,97.0,95.0,95.0,96.0,94.0,4.65,16.967636,1.4814041,15102375175.0,17352.896,0.704,102.30282,78.37076935,29.28261402,740.3810662048701,284.1555559,37.26719646,53666.36924448868,145.58002200417002,4572.073458,1845.921804,11671.10029948572,22.398557528822824,34.04371387889952,10.75750789408882,45.36186893067214,537.4097877930527,,,25.38012104,,1.7424943199713552
BWA,Botswana,2018,272339,22.5,43.2,97.0,95.0,95.0,96.0,94.0,4.59,16.914637,1.4638062,15734967212.0,17825.02,0.71,102.08555,21.04550221,33.7065807,707.5677265161124,307.7134047,36.631498,49900.48355709616,143.6065695,4532.399635,1835.082151,11319.32035971719,23.189344562959665,35.301927572318924,10.951951224778751,39.63338129734107,369.14040534167634,,,,,0.44609288820488
BWA,Botswana,2019,274210,22.2,43.3,97.0,95.0,95.0,96.0,94.0,4.5,16.863176,1.4461206,16212015762.0,18106.01,0.718,101.853226,6.598172136,39.36268661,675.4392713907388,334.94446791093003,36.12776714,47268.5156,142.0917636,4499.647499,1823.65016,11041.2051,24.096004356491544,36.48279957700613,12.064999107066203,35.79928748996888,290.5484648067629,,,25.60618036,,0.138930471332407
BWA,Botswana,2020,276685,21.9,,87.0,95.0,95.0,96.0,94.0,4.39,16.83438,1.4329203,14796887965.0,16289.392,0.718,101.65249,36.10466561,43.79455885,640.4684342954057,365.8223044,35.92443965,46201.21264770551,141.00180391524998,4484.238893,1811.072033,10992.74035408505,22.612329338879448,34.88668333821706,10.845074370383232,43.22496878332928,485.9809379868415,,,27.30853172,,0.7540762623722128
BFA,Burkina Faso,2000,2187356,40.4,88.2,48.0,,45.0,45.0,,17.81,20.286467,3.403639,5107828181.0,1428.574,,103.37834,157337.4853133101,67149.76127480177,4057.270441593341,1599.548099,87.46056226,304324.5707190649,410.6279879,4710.9832761978405,1017.640241,83553.22918143493,28.01691703293288,38.58955184214513,19.15537883869909,43.173870065902406,711.2515408582569,35.41294861,7.766799927,,19.5130806,963.3898836733832
BFA,Burkina Faso,2001,2248234,40.6,88.3,63.0,,62.0,62.0,,17.4,20.17004,3.3186438,5445629583.0,1477.2849,,103.48899,158079.15295849784,65649.16380766545,3898.3429428362406,1594.687552,87.4434376,301461.4132501432,407.5744146,4704.122606541831,1020.271166,80167.44336,28.00798208991017,38.56194240207561,18.793912191601475,42.17940343294251,687.7743319186956,37.07601929,7.958380222,,20.3516407,996.2520351539564
BFA,Burkina Faso,2002,2310037,40.8,88.4,64.0,,69.0,69.0,,16.93,20.058067,3.2143464,5682675869.0,1494.678,,103.52879,158358.30564074096,62399.90990160879,3705.996246911318,1586.6861033132298,87.42865029,295813.75159532385,403.2728481,4689.816269,1023.963222,76044.99925479456,28.72550883660463,39.38032881649668,19.535618208467863,40.11915437316134,582.3759650993915,38.19771957,,0.685419977,21.53988075,1060.692731745082
BFA,Burkina Faso,2003,2376090,40.7,88.4,76.0,,79.0,83.0,,16.43,19.938679,3.1003833,6126066307.0,1561.8331,,103.537056,155439.45083992355,58418.78444756356,3486.687082587621,1574.637232,87.41351556,288502.8522774859,398.1947528,4628.623438,1027.8841993055498,71667.48768427696,28.01313786757373,37.82649096629964,18.893734275166526,48.13026705121959,880.6631402998414,40.55615997,9.132559776,0.680220008,23.40872955,1033.076899711403
BFA,Burkina Faso,2004,2447501,40.6,88.3,78.0,,79.0,83.0,,15.86,19.819675,2.9798424,6400419254.0,1581.2562,,103.56764,144838.41136790015,54627.8439,3281.849994259824,1557.440309,87.3980559,280612.4579,392.7210498100901,4524.106019,1029.512236,67495.47974880574,28.29987030619656,38.65298192,19.09227711086049,45.66133689151115,686.6005858706578,45.64191818,10.11203957,,24.78270912,943.5929639999496
BFA,Burkina Faso,2005,2522218,40.3,88.1,84.0,,82.0,94.0,,15.23,19.702154,2.857361,6954815456.0,1664.9955,0.333,103.591125,139711.15143184538,52974.70030411581,3100.2209498819257,1533.92766,87.38225124259999,273217.07406449714,387.2463537,4418.705454744009,1027.299802,63988.94357155021,28.526871230058063,38.609289910301705,19.72048133,46.48622256218616,755.0461719,50.15864182,11.04549026,1.333140016,26.28214073,876.6533101825536
BFA,Burkina Faso,2006,2604018,39.8,88.0,88.0,76.0,86.0,94.0,76.0,14.57,19.588837,2.736864,7389711520.0,1714.7604,0.34,103.54888,140847.80762924353,53720.71807,2913.9358377835324,1379.265096,87.33882741,266298.78199559747,381.3842845,4332.0742,1021.727199,60917.70791056959,28.14108454304963,38.28538593802441,19.313399807462577,45.546108494813176,744.2908521365192,54.02714157,11.84422016,1.418419957,27.90982056,830.5747295584127
BFA,Burkina Faso,2007,2693204,39.1,87.7,94.0,89.0,89.0,93.0,89.0,13.9,19.498653,2.6236432,7693530569.0,1731.9304,0.344,103.5193,143708.54108718675,55578.86833662311,2724.798192410388,1049.582302,87.25080935,258899.09817010647,374.7986637,4258.736935,1013.959628,57848.48122821631,27.700161360274368,38.04483794343947,19.037849009588683,47.94763350647827,793.1279320658025,59.79711151,12.86911964,1.505990028,29.66559982,749.9181134354204
BFA,Burkina Faso,2008,2783740,38.0,87.4,94.0,93.0,93.0,92.0,93.0,13.27,19.419733,2.5317025,8139754707.0,1779.3271,0.357,103.5542,148047.5831,57858.26388,2484.060686669507,664.7339444438801,87.13239078,250688.0629133052,367.8028664,4194.698218,1004.385889,54942.72060407355,27.48914967,37.77456471643774,18.148095135214863,46.11480397032019,821.5557567,65.92285919,15.24967957,1.935789943,33.09318161,736.5703840683258
BFA,Burkina Faso,2009,2873711,36.8,87.1,94.0,92.0,92.0,91.0,92.0,12.68,19.344648,2.4505184,8380850241.0,1779.323,0.366,103.58447,151604.44489526498,59758.52142811674,2300.3724135050456,344.2733573,86.99872748,241305.76412273897,361.0173085,4106.904533,993.3706813,52353.27947851892,28.011063439463225,37.88724823065033,19.298547967902547,50.08656515,839.5273187501077,70.88063812,16.48789978,2.120790005,38.98466873,689.1560699650661
BFA,Burkina Faso,2010,2962771,35.3,86.6,92.0,91.0,91.0,90.0,91.0,12.15,19.259235,2.379863,9088720451.0,1873.9714,0.377,103.57549,150733.99061727492,60396.13225388706,2121.912639842777,207.1153484,86.86441599,230394.11477774903,355.13878471568995,3933.701915,981.5590577,50236.834532368746,27.78516595,37.53012634660169,19.147797117868567,52.78621886170301,941.5488558239488,72.48021154,18.20262721,2.154549036,42.88276803,637.9202991757056
BFA,Burkina Faso,2011,3046814,33.7,86.2,89.0,91.0,91.0,90.0,91.0,11.68,19.16703,2.3065593,9690626654.0,1939.8666,0.389,103.584145,145623.33689775702,58168.727609089285,1955.022523397016,202.4955808,86.68385337136999,215140.0769227904,349.80793761580003,3761.824573,963.6523943,48405.28399602445,27.60186074825668,37.99347493643635,18.829942014750507,50.55661902120246,731.1179261897109,76.39816705,20.15049376,2.577028344,,579.3042019258389
BFA,Burkina Faso,2012,3125547,32.0,85.6,87.0,90.0,90.0,90.0,90.0,11.26,19.072067,2.2129676,10315931043.0,2003.6647,0.398,103.61208,139306.29828955085,53078.92576,1815.2404057100605,200.2527909,86.42249548,194882.1590418281,344.5660286,3612.542404,936.8136134,46589.42705091613,27.31799701743951,36.98455805408224,18.755922185030045,52.61164841731198,963.6107611005012,79.41733599,22.43695176,2.846418756,54.37466327,523.3015052057474
BFA,Burkina Faso,2013,3200943,30.4,84.9,82.0,88.0,88.0,89.0,88.0,10.86,18.98746,2.148942,10913490102.0,2057.064,0.405,103.62843,128116.24475385185,46397.40445,1689.885014087124,199.7240134,86.10949192,172521.0698339232,339.4217784,3512.281107,905.5270322,44837.14319636817,27.729682018911788,37.99232762559984,18.62445680657604,50.75602315859397,857.9272602,81.55349586,25.12466476,2.986289169,60.7490586,455.59354271038865
BFA,Burkina Faso,2014,3271327,28.7,84.0,88.0,91.0,91.0,91.0,91.0,10.47,18.907368,2.0779786,11385699970.0,2083.1985,0.409,103.63297,117387.67207165375,39918.90803817821,1584.9532752235582,200.2649631,85.77432652,150953.41737933044,334.5163934,3448.760071,873.7894404,43195.311551379775,28.067990806152924,38.21059497154702,18.87696359,48.64671878329327,828.0007173751889,83.10847953,27.37725094,3.163390961,61.11651805,396.0589135631871
BFA,Burkina Faso,2015,3334749,27.1,82.9,88.0,91.0,91.0,91.0,91.0,10.11,18.832193,1.9680786,11832159315.0,2101.7026,0.419,103.61413,107577.50160685233,35152.00976118695,1517.3186028800842,201.2146574,85.44683205822001,133073.8510549537,329.8470794,3405.1815320795204,845.7762032,41710.22461,27.38428232698745,37.52483383559319,18.482259511202844,49.02918932711733,928.4855187,83.7284954,31.34991009,3.325921666,61.48700798,371.9863230117932
BFA,Burkina Faso,2016,3388120,25.6,81.6,88.0,91.0,91.0,91.0,91.0,9.77,18.756708,1.923252,12537116611.0,2162.7258,0.427,103.598175,93084.87967,31499.63779435299,1485.5524861811327,204.6371637,85.02651077,116767.69676424123,325.9610954,3367.514674,823.0652985,40150.45792928736,27.80988439428121,38.02593601296453,19.06723902747541,50.364513448432255,889.5929006757503,86.1668542,33.83778584,3.615486341,62.09804459,335.8793404363665
BFA,Burkina Faso,2017,3427890,24.2,80.1,88.0,91.0,91.0,91.0,91.0,9.43,18.68069,1.946901,13314855313.0,2232.2878,0.438,103.58722,85667.77498603577,28464.84398019201,1445.743248168451,211.4305516,84.46021759,99583.71629169064,322.7274457,3349.9663499060903,802.6817703920001,38443.35477010404,28.0554062,38.304573143568575,18.77014190705118,47.027581398172025,787.9306953714914,88.58097141,36.43375128,3.949016315,64.05956094,311.8666349324261
BFA,Burkina Faso,2018,3447352,23.0,78.4,88.0,91.0,91.0,91.0,91.0,9.12,18.60023,1.9819666,14194244128.0,2316.3943,0.449,103.57001,80561.26716020501,25914.94459990673,1399.1276590225243,219.2323286,83.84912722403999,83892.51266157067,319.3059345,3357.8177688869696,782.0783132039099,36872.59853794363,27.72632848,37.268936641958845,19.08110953969892,51.080145917491166,907.5852592,90.50098826,39.43152977,4.59637544,65.19680055,306.98272334695065
BFA,Burkina Faso,2019,3442851,21.9,76.6,88.0,91.0,91.0,91.0,91.0,8.82,18.533672,2.0387144,15030172259.0,2391.5364,0.453,103.547905,77213.23833028573,23955.709867432783,1356.5845139953622,225.6964865,83.29388115,72078.20581266077,314.9995551,3367.2984933230696,760.3829417,35718.69326350876,27.75363970759878,37.727343508202445,19.15006042283266,50.365284163652085,919.9583464224576,89.33009266,40.51753162,4.909927751,64.91803757,291.0158449260619
BFA,Burkina Faso,2020,3416616,21.0,,88.0,91.0,91.0,91.0,91.0,8.53,18.468655,2.0745883,15332394848.0,2380.9316,0.453,103.52885,75664.75195,22735.85022629071,1314.9407721802368,228.464549,82.8957687,66502.19163591537,307.0616469,3369.561417,734.8399055,35140.92508631255,27.48046805279949,37.576612495453375,18.498647421671027,52.63199552678388,958.9005419092936,87.89476577,40.20904615,5.379497184,66.00413375,309.5354722426279
BDI,Burundi,2000,1158598,63.0,67.7,72.0,,80.0,72.0,,15.37,15.638537,3.4779956,1709130260.0,1033.4719,0.308,101.41202,120522.24839320657,49884.72521,3765.491360037388,610.8808179,87.69639302,278683.4739769293,547.3958159,3749.594695,1530.389523,38235.36525274383,20.42788399382897,29.95323684975641,12.672882864435357,66.13119205353912,954.5034540346096,52.71200943,,0.564400017,22.41389084,1037.4942990109146
BDI,Burundi,2001,1175144,62.5,65.8,73.0,,81.0,73.0,,14.85,15.599527,3.3851821,1744266681.0,1028.6185,0.311,101.449066,118791.5902833948,47518.976918149056,3605.073528,570.9944486,87.61266829,279891.6667997224,553.9339277,3765.562029,1522.138699,37344.352310900256,20.00499273851863,28.99960901249906,12.525866353557554,70.57939475,879.9135050317904,55.06679916,,0.559589982,22.65254974,1014.2278894169292
BDI,Burundi,2002,1208994,62.1,63.8,75.0,,81.0,74.0,,14.3,15.56617,3.2702255,1821825838.0,1044.4802,0.324,101.42802,113237.80446877476,43030.62444246506,3438.154717014551,472.2698588,87.48774469451999,281286.8456011711,554.7102443,3750.399877,1501.239842,35090.95277716841,20.53538775847436,29.672862911814832,13.076639452564775,67.64530187406054,923.6376289712816,60.40663147,,0.970860004,22.81196976,1022.8235058976492
BDI,Burundi,2003,1261243,61.6,62.0,76.0,,82.0,75.0,,13.73,15.531147,3.1635885,1799531646.0,999.6158,0.332,101.3584,101929.05111541125,37286.32062775999,3257.2006108704627,349.7232303,87.34953686,282852.9624279834,553.6772095,3715.69646,1465.5599967440498,32297.355713835568,20.480334300509927,30.074078841774124,12.408773796843036,69.24315800951366,998.2927679692814,66.24194336,8.934519768,,25.81163025,959.8525113618118
BDI,Burundi,2004,1324445,61.0,60.3,78.0,83.0,83.0,76.0,83.0,13.1,15.494216,3.0729706,1886514847.0,1009.5892,0.344,101.27659,84062.53149675285,31219.39396,3102.5481063030115,236.9985828,87.23255251,284118.7228572697,552.4848081996901,3678.40192,1428.00291,29833.56354029369,19.700718779458576,28.363972302309808,12.066251585435282,73.10085490046716,1406.9264988797947,72.08495331,10.16691017,1.15862,26.41571999,809.3744585752235
BDI,Burundi,2005,1394949,60.6,58.6,87.0,87.0,87.0,82.0,87.0,12.41,15.449115,2.9909391,1903493481.0,981.5332,0.352,101.2332,76076.44341548522,26771.200601864708,2963.5495552442176,167.7369715,87.17229796915001,284654.1431,550.3785865761499,3620.670845,1398.701336,28549.01243776795,20.18533091232908,29.314451650322088,12.447855006059529,71.24147364901371,1001.2759521614024,78.13114929,11.04405022,1.175199986,30.57694054,707.774821798233
BDI,Burundi,2006,1472031,60.0,57.0,92.0,92.0,92.0,88.0,92.0,11.68,15.393296,2.886237,2006544947.0,998.06946,0.376,101.25757,70861.92665753518,23056.87809541806,2759.326608401649,132.7349185,87.21432409085999,284147.4823258567,544.0491699171199,3529.6059588918897,1362.749922,27913.54108966514,20.024523931513425,29.14364316364828,12.484165052153372,72.02450355192924,1239.045416663659,102.6248474,12.20753002,1.315899968,,650.8514056604693
BDI,Burundi,2007,1552668,59.3,55.5,88.0,99.0,99.0,93.0,99.0,10.97,15.338925,2.7691941,2075660260.0,994.96356,0.389,101.307396,58225.59870519215,18703.78407373255,2601.2458372602623,101.6850925,87.33361476,282782.76008964493,532.8742077585499,3469.904016,1325.417994,26946.10362179352,19.31567172,27.533129180898484,12.452811336173095,76.94674056237129,1483.1406860653285,116.0808334,12.86032009,,43.85216141,563.2535401760209
BDI,Burundi,2008,1636626,58.5,54.2,84.0,92.0,92.0,89.0,92.0,10.28,15.285782,2.669045,2177549065.0,1001.6175,0.401,101.325935,47977.72523349609,14825.22532495527,2491.917402,76.72935695,87.47985462,280755.8834826492,519.1498999,3415.014386,1290.735424,25813.44570530295,19.05652312502247,27.06479961221053,12.010278960222813,76.93749371,1492.8681277224402,120.7514496,,,38.80295181,483.8532380437677
BDI,Burundi,2009,1727477,57.7,53.1,91.0,94.0,94.0,96.0,94.0,9.66,15.237967,2.60207,2260014499.0,988.19635,0.409,101.35935,39093.456601598606,11904.35834,2383.0865920774195,59.973382584670006,87.60511205584001,278218.5905127027,504.4599613,3358.005287,1259.391784,24680.03135951409,19.37945993254193,27.667780466080966,12.564065289050747,76.40525508380264,1590.4211649282208,129.3618927,17.55291939,,46.56225967,433.6958510773465
BDI,Burundi,2010,1819608,56.8,52.4,92.0,96.0,96.0,94.0,96.0,9.08,15.186303,2.570075,2375133693.0,991.0389,0.416,101.40212,37404.54134892683,10826.15174969363,2284.5607394585304,53.52844839,87.65942155,275346.7646,491.6383124,3326.448942,1235.356464,23712.039517128767,19.682380175621702,27.96145799665736,12.16577261388754,75.21075626675814,1246.5372151723996,134.4710136,19.8866806,2.151015762,51.42467625,424.02384975769695
BDI,Burundi,2011,1903324,56.0,52.0,93.0,96.0,96.0,95.0,96.0,8.53,15.131735,2.5704927,2470719237.0,994.6912,0.42,101.423775,36247.81160222859,10850.94643364502,2211.9442554425286,53.03389584922999,87.6888318,268718.4155428724,480.4295749,3274.0782407922497,1191.197749,22812.427461412422,19.500288371836263,27.96146853766443,12.529934010050674,75.65246999149208,1557.1469997245702,136.5130724,22.75979042,,57.91854457,390.1177546136067
BDI,Burundi,2012,1977486,55.4,52.0,93.0,96.0,96.0,96.0,96.0,8.02,15.085274,2.5725424,2579999920.0,1002.27454,0.425,101.468414,36722.81218820286,11268.47393472904,2120.6422557498427,52.67170408,87.75018954,256167.8709373057,468.940096,3221.944351,1126.4643762682902,21832.25567972815,19.440297406985184,27.65526314871221,12.480241690233528,76.11231639,1248.2097120872131,132.3987728,25.65500069,1.84880443,64.26997458,367.29875412662113
BDI,Burundi,2013,2043018,54.9,52.3,98.0,96.0,96.0,96.0,96.0,7.55,15.036307,2.5794656,2707037177.0,1014.5231,0.428,101.50864,39387.78042176012,12032.099951305809,2040.799783302993,52.41319243,87.79432243013001,240094.6786678593,458.7819056,3182.091198,1092.399375,20879.34651483423,19.578675539598564,28.59278310133273,12.239504731821976,74.64377525220208,1095.5790061336193,127.2901824,30.7229452,2.427827313,72.53127289,377.0331871016844
BDI,Burundi,2014,2097535,54.5,52.9,94.0,95.0,95.0,95.0,95.0,7.13,14.997383,2.574961,2821948416.0,1022.29156,0.431,101.55191,41565.2497,12918.22797845254,1997.522359,52.296303992110005,87.81183398,222524.03384809417,449.5886341,3139.787521,1070.340848,20034.35324304119,19.785772237423004,28.019073947735126,12.775759437628702,75.31288356686531,1289.1239973555234,123.3213717,37.6532237,2.764796002,71.47711233,364.8944784170578
BDI,Burundi,2015,2130406,54.2,53.7,93.0,94.0,94.0,94.0,94.0,6.76,14.971834,2.560513,2810532912.0,995.3191,0.432,101.61706,46893.11742257533,14074.69788437262,1957.776252645884,52.29350847,87.81434161,204990.69836342003,442.6281047,3109.16687,1038.761091,19350.77393229396,20.160372323428287,28.63827224,13.117909969882106,73.39646435,1120.4734521247583,117.8392072,42.58481313,2.615515548,64.74750317,378.0659969662226
BDI,Burundi,2016,2141808,54.0,54.7,93.0,94.0,94.0,94.0,94.0,6.44,14.9409275,2.5432599,2900474875.0,1009.636,0.436,101.68778,57077.86576304176,16305.64974835905,1901.039039439932,52.52315818,87.73605099,183194.48995080724,438.1588061,3095.377406,1001.562942,18784.51694185408,19.92078203,28.455700332696207,12.67788851140343,74.14190190650393,1038.5773424542397,113.659031,47.46707781,2.631399468,66.9617838,418.6762062666773
BDI,Burundi,2017,2143617,53.7,55.9,90.0,91.0,91.0,91.0,91.0,6.15,14.916003,2.5186343,3011616941.0,1023.9704,0.434,101.75381,62834.25781422349,19292.43835150248,1856.0851001334795,53.04156304,87.55155971452001,155574.90208171765,433.82792130788994,3082.184654,972.3882311,18256.83248481751,20.55750817,29.605809507412285,13.257882111506278,70.62619291512335,978.1576328828668,108.2557926,49.48675069,2.988001629,65.89281454,437.88986828557114
BDI,Burundi,2018,2141640,53.4,56.9,88.0,90.0,90.0,90.0,90.0,5.9,14.881474,2.4321184,3172504889.0,1046.5951,0.434,101.7806,74721.45973772503,22852.40782619353,1820.913429572489,53.76143347682999,87.32104646,127886.14246313952,430.1084642,3070.067143,958.5448938,17780.18064273558,18.971145045970967,26.73312353393041,12.242787995371728,79.31091750223563,1607.720926,104.7914132,48.92465081,3.463319398,59.6819914,510.6111189792587
BDI,Burundi,2019,2138500,53.3,58.0,92.0,93.0,93.0,93.0,93.0,5.67,14.829774,2.1452868,3313977733.0,1057.9501,0.435,101.78268,76831.73406044515,25270.12753192851,1806.0856559558792,54.55871144,87.12294124,105596.6975472872,425.8817858,3062.798131,950.196314,17348.33011536569,19.68202317858435,27.676108528910763,12.879947562774047,77.88443127073792,1575.467214750176,102.1150823,44.82939392,,56.01741125,513.4191337198715
BDI,Burundi,2020,2134255,53.4,,90.0,93.0,93.0,93.0,93.0,5.46,14.776901,1.8765638,3324133212.0,1030.7703,0.435,101.813324,80940.35642223946,26453.86627570916,1788.2910859571589,55.296874755290006,87.05641036,94011.60875,420.216725,3055.982966,923.7198597,16739.80038677029,19.14569468572813,26.79260239835439,12.38609874083277,80.74123862648672,2307.055414331584,102.0945327,49.25763873,,51.27402275,565.4323318657474
CMR,Cameroon,2000,2546358,37.4,70.7,49.0,,62.0,57.0,,14.44,13.312234,2.6544745,17168567484.0,3822.9443,0.439,101.59048,110888.23233821016,38966.36043613674,3049.4969692063846,1446.792079,82.79719911,290589.31868347025,271.6572541,2904.112166,1080.620079,41386.01866866715,23.75743260015193,31.31508510715901,17.403410845603123,73.81910592608419,1837.6465224407568,81.14392853,,,47.7462616,551.3657458865074
CMR,Cameroon,2001,2608409,37.6,70.0,51.0,,63.0,61.0,,14.14,13.284509,2.561156,17910981185.0,3884.873,0.458,101.61666,116386.15995351967,39740.738176835424,2993.966066405103,1345.966632,82.85331819,290463.0523101518,272.0976972,2899.8806603217404,1082.366583,40918.66174329505,23.719804750348004,31.12764221224652,17.51643392124988,74.33815471737442,1503.2926681792762,96.48744202,29.97676086,,,587.588426073098
CMR,Cameroon,2002,2678113,37.7,69.3,53.0,,66.0,66.0,,13.81,13.250699,2.4662504,18712860619.0,3951.4194,0.458,101.60269,117620.02791179527,40848.345271936334,2958.190544027557,1109.035954,83.01306541,290006.6189637623,271.84921216280003,2921.620542,1081.04112,40041.733537845095,24.22669701361949,31.90994783510973,17.88708722607298,72.94596058010514,1469.6567631640478,96.05991364,22.27199936,4.005149841,,644.7681375258816
CMR,Cameroon,2003,2755678,37.6,68.6,61.0,,73.0,72.0,,13.47,13.205543,2.374844,19733301668.0,4054.7812,0.465,101.58442,118876.68919961604,42145.226502816055,2888.5577520026827,823.9150789,83.21192431,289303.9823755087,270.6793508,2935.727278,1075.922591,38915.51239815727,24.51759624621252,32.351618208949326,18.23869897662281,72.27011244,1228.7658905084163,95.865242,28.08536911,4.055759907,53.54534149,658.3602945601839
CMR,Cameroon,2004,2839248,37.3,67.9,64.0,,73.0,72.0,,13.13,13.164574,2.288526,21124275032.0,4222.9663,0.47,101.57768,119024.46990183149,43169.70885648283,2810.1579045859785,579.3070429,83.38558155,288421.1649935746,268.8318284,2938.092094,1068.288815,37699.94686500982,24.75231161725881,32.68484524844345,18.39943553493112,70.86675545,1359.3518067541177,100.5140533,24.16308975,4.061779976,54.83752823,652.1246053171897
CMR,Cameroon,2005,2928842,37.0,67.2,68.0,79.0,80.0,79.0,,12.81,13.1264715,2.228038,21594980960.0,4199.7227,0.472,101.562935,119328.27268101652,43602.46761101156,2743.234252780875,463.8255033,83.46897391,287427.3097408305,266.7451576,2904.8028748532297,1059.627324,36555.81164558341,25.055177902843653,33.457154819766764,18.615898478851168,70.11491875228761,1204.2272251209308,97.37445068,24.60763931,4.780079842,,629.3229926611721
CMR,Cameroon,2006,3023340,36.6,66.5,73.0,81.0,81.0,78.0,,12.46,13.088054,2.169251,22417659743.0,4241.5176,0.473,101.52172,117141.82926738563,41789.42010879119,2683.9233377254045,443.9419678,83.4609493,285884.52412856615,263.7951098,2843.988758,1048.08242,35292.837041704886,24.800990105041336,32.69238605780948,18.679491679987844,70.95723429601937,1323.6552428686969,95.91487885,21.48513985,5.923570156,48.09717941,587.584376738254
CMR,Cameroon,2007,3119208,36.0,65.8,74.0,82.0,82.0,81.0,,12.13,13.055488,2.1249325,23387803922.0,4302.619,0.485,101.46246,112500.44806267048,37472.81494647854,2592.540172620062,427.8034698,83.41042636,283427.84004222235,260.1318584,2809.284982,1034.018052,33731.71022832116,24.422992675132964,32.40688043828163,17.92024042758871,71.75279865806316,1632.9747106323898,98.9174881,29.09907913,6.659060001,50.51704025,546.5597441430416
CMR,Cameroon,2008,3212968,35.3,65.1,80.0,84.0,84.0,82.0,,11.77,13.016562,2.0935814,24053813243.0,4300.2666,0.501,101.47063,107197.28430220236,32226.18459716509,2521.918968750424,415.7100253,83.32867962,280237.04597328784,256.3351587,2793.230968,1018.203209,32048.40480588433,24.10254188846781,31.640356559747776,17.959020018431982,73.51794340353995,1393.1733587088593,98.98954773,33.49182129,7.249199867,66.14940643,500.3153160344175
CMR,Cameroon,2009,3302653,34.5,64.6,74.0,80.0,80.0,79.0,80.0,11.43,12.981204,2.071628,24674221649.0,4286.577,0.516,101.534256,94293.73457179888,27122.935494117228,2450.653212318458,407.8648055,83.22856942611999,276475.24604525324,252.7592697,2799.389466,1000.296448,30417.01608600434,24.44477133022197,31.988358680860102,18.39776776802702,74.30840591902512,1526.4755328591907,101.1370392,37.84455109,8.279769897,65.7723999,446.1298569636715
CMR,Cameroon,2010,3386876,33.7,64.0,79.0,84.0,84.0,83.0,84.0,11.0,12.945746,2.0592093,25389533434.0,4286.583,0.529,101.61884,76514.35195408593,23790.16398590724,2378.2657212577155,404.4408207529301,83.12322136931999,272295.3722764372,249.7024091,2816.275621,980.2860517,29010.69193263573,24.12917795500317,31.37489079162769,18.141344613274462,76.87706674019496,1720.4139043142256,102.6254764,,10.36366985,67.43010113,390.7014330142276
CMR,Cameroon,2011,3465165,32.9,63.6,76.0,82.0,81.0,80.0,81.0,10.59,12.908699,2.0587723,26247499413.0,4307.852,0.538,101.69703,66774.77376436279,22573.23630231131,2288.9534742749606,405.3627927,82.93735113,267106.1102056483,247.4121715,2830.403574,955.2118566,27874.220210474487,23.84675760071796,31.304572152569307,17.504241570849278,75.34408357630866,1439.6262808321285,101.8788766,45.50051558,10.57750903,66.3575221,355.88474890871345
CMR,Cameroon,2012,3538781,32.3,63.3,74.0,85.0,79.0,78.0,79.0,10.16,12.869769,2.0361638,27461703151.0,4382.1113,0.549,101.79424,64074.56893,21967.92345594475,2180.421457761073,409.222008,82.62916996,260287.6254306941,245.7378878,2823.050281,924.8237575,26887.832441523416,23.822014824270795,31.10302678168461,17.99665508093734,76.45943580923903,1687.4672762403857,106.3421391,48.77183632,11.77785969,70.55367523,323.6666626144516
CMR,Cameroon,2013,3607798,31.7,62.9,71.0,76.0,76.0,75.0,76.0,9.73,12.824943,2.027289,28833560540.0,4473.5723,0.558,101.90313,67432.38969,21836.42592128475,2087.065654668221,414.2154737,82.26260559,251945.1988086308,244.4030409,2782.675137,892.3521814865601,25978.76358042584,23.956915721800065,31.064677991445013,17.819192529961693,77.22823326,1565.021531272749,,50.42017113,13.7315197,,312.72703303508905
CMR,Cameroon,2014,3676286,31.2,62.6,71.0,76.0,76.0,76.0,76.0,9.31,12.7750845,2.0037777,30482787768.0,4588.4863,0.566,101.96687,68490.67995915929,21613.11266681255,1987.8454065049089,418.4660462,81.90222793,242176.8462433756,242.9109209,2750.467863,860.3503169,25075.212303100503,24.01515496167361,31.31037599,17.863945113367848,75.66225636645268,1417.012144061283,108.147003,54.14093126,14.64111996,70.06683676,294.1627640066111
CMR,Cameroon,2015,3753310,30.7,62.1,71.0,76.0,76.0,75.0,76.0,8.9,12.726998,1.9802146,32210233020.0,4698.667,0.575,102.01863,68400.06646820474,21278.83575578963,1911.214825820305,420.0836476,81.6135166,231068.4905488313,240.7224301,2719.001831,831.1971652,24105.47131478947,24.10862693373064,31.730922035793327,17.73266690070596,74.16536070167007,1572.8904666233254,110.9178428,55.54731337,15.36842576,71.37153668,274.9142998373225
CMR,Cameroon,2016,3843745,30.1,61.5,72.0,78.0,78.0,77.0,78.0,8.56,12.674228,1.9523076,33671222913.0,4767.132,0.579,102.08823,68053.90030234918,20815.32387202113,1820.819408146349,418.3858489,81.32574746,213005.70594441285,237.2721713,2692.421266,805.9842326,22736.61309879883,24.265399237434096,31.63546355958097,18.20962478403669,75.81734991818057,1859.4303748707216,110.5020131,56.47900902,11.86941807,70.06107551,280.1179479817916
CMR,Cameroon,2017,3942965,29.4,60.8,67.0,74.0,74.0,73.0,74.0,8.25,12.627417,1.9285196,34863580363.0,4797.9756,0.581,102.14286,64327.71405965493,20093.56331787894,1742.5593251857267,414.7418799,80.97392737,186672.16282836825,232.7727517,2652.654144,782.8742718323199,20970.22105865865,24.17192352065963,31.258464250956923,18.17911299955942,76.29597489683552,1709.4358112764885,104.8993828,,11.6085314,64.90100037,272.6903280253031
CMR,Cameroon,2018,4044314,28.7,60.0,61.0,68.0,68.0,68.0,68.0,7.97,12.583663,1.9063241,36242614248.0,4851.48,0.582,102.17937,60607.22277357368,19403.81380053136,1681.3599827049754,410.3547077375701,80.63245368,158603.02110992564,227.8688707,2611.251664,759.9832529,19231.10258003977,23.95757357949866,31.037836474012447,17.851431632042132,77.15836160098145,1716.919507671662,98.46976744,,13.62141004,61.42416884,249.61955013002975
CMR,Cameroon,2019,4142685,28.1,59.2,61.0,67.0,67.0,68.0,67.0,7.72,12.542424,1.8896072,37502066832.0,4882.3555,0.582,102.19195,59583.66052127691,19004.879387191027,1615.954145674605,406.4195381,80.37547619220001,135345.10850707148,223.16846878605003,2557.9282121443102,735.5094791,17937.31131,24.38643706,31.83850673415212,18.5787914,75.63380957004154,1497.712749664422,100.7535369,,13.99207005,62.55925942,236.55310368412816
CMR,Cameroon,2020,4227216,27.5,,63.0,68.0,68.0,68.0,68.0,7.46,12.512615,1.8738351,37599547048.0,4763.482,0.579,102.1804,61625.69098563271,19008.01716750093,1555.717465193303,404.0961576,80.27746756,123447.66446799003,218.4586742,2520.471246,707.02357,17131.33255480692,24.03069591340031,31.22824056159561,17.901509073815124,76.49669318470998,1912.3968966911125,,,13.7935754,,287.3366150053995
CPV,Cape Verde,2000,60939,15.9,58.4,86.0,,90.0,90.0,,3.6,,1.3346356,923550525.0,4510.1357,0.585,103.048065,37.09977617,53.17265761,1027.0735195933771,1616.359666,72.93567943,281258.6799766549,200.8357778,2342.076452,825.2264438,10871.34305600845,23.35005149864592,25.56442997755808,21.67286325338572,81.04479431134965,297.18969760816793,116.5321808,,1.838860035,104.6544876,1.7718221350242265
CPV,Cape Verde,2001,60051,15.1,56.3,88.0,,90.0,91.0,,3.28,,1.2967782,944160982.0,4540.907,0.591,103.23723,25.89925106,50.43998767,977.1934135790748,1498.953404,72.77096235,266396.91442417266,196.6998524,2323.766026,817.7861535925399,9835.601041,23.85219877277168,26.118790997603217,22.170922078794103,80.74883127107653,234.3850311,115.770668,66.42984772,1.606480002,98.29598999,1.1840267884143074
CPV,Cape Verde,2002,59177,14.3,54.6,89.0,40.0,91.0,92.0,,3.05,,1.2542812,993737848.0,4710.241,0.6,103.434,17.925586977749997,44.84581137,934.5673493,1226.764671,72.55810593,237405.4725964992,193.8008117,2307.993015,814.6880054,8867.211535,23.726720419191505,26.118662076676827,22.02457949743224,80.23310613531997,261.0880547214442,115.670639,69.4299469,3.939290047,99.10108948,0.8618986838703837
CPV,Cape Verde,2003,58171,13.5,53.4,90.0,66.0,92.0,93.0,,2.9,,1.2177932,1035238917.0,4841.2656,0.606,103.51002,15.26422439,38.38521362,904.7179800090164,893.1069078,72.319126,203351.94318339965,193.2605197,2342.1623851611303,820.7268860957901,7992.033764,23.824425214860813,25.960264823873928,22.173742512093497,79.61630180185249,277.6858482286902,113.8868179,72.02306366,4.856019974,101.3089371,0.7145412945661425
CPV,Cape Verde,2004,57055,12.8,52.5,91.0,91.0,93.0,94.0,,2.82,,1.1928929,1140802982.0,5268.303,0.61,103.711754,10.16475454,32.49360149,877.0243563610564,589.1289633848301,72.08603555,173160.18647916065,193.54521,2385.539421,829.9100895444901,7230.377736,23.90192566683413,25.88034326949942,22.32288291,79.82472040743316,254.9545109359508,112.0421295,72.01464081,6.420100212,97.28663635,0.4942401204394488
CPV,Cape Verde,2005,55919,12.1,52.0,93.0,93.0,95.0,95.0,,2.8,,1.1800011,1219660508.0,5565.7695,0.616,103.95895,13.63431592,29.75372538,846.9031797,407.4813134,71.91752615,155154.2585287525,191.4151605,2406.0863612173403,828.9563314,6593.861239,24.115968382291268,26.09385762979205,22.40226988556388,80.43100964742618,293.0758216030321,111.161377,76.03180695,7.786930084,85.7505188,0.6260207054905004
CPV,Cape Verde,2006,55010,11.6,51.7,94.0,95.0,96.0,97.0,,2.8,,1.1699579,1317035160.0,5941.3823,0.631,104.140594,16.94089409,29.223541900340003,803.4591866166056,322.1107617,71.81708432,146735.17284442467,186.4840246,2404.61523,816.8671288,6025.309916,23.85336751,26.05972274598678,22.146573434667413,80.00619303334334,263.2449202159553,111.3431702,89.9302597,9.067020416,97.61943054,0.8320287119396299
CPV,Cape Verde,2007,54480,11.1,51.4,96.0,96.0,98.0,98.0,,2.8,,1.1541485,1516838454.0,6767.4067,0.636,104.30187,3.567126607,28.07069972,767.6339046815872,246.9206338,71.73144357,139684.3625841459,180.3506472,2389.7837560675102,798.7993743,5480.541703839141,23.59886546789252,25.936348527793253,21.911097190190503,79.65778050535494,196.94844786247057,109.5627213,89.594841,10.77272987,92.4897995,0.1717367299320844
CPV,Cape Verde,2008,54110,10.6,51.2,97.0,98.0,99.0,99.0,,2.79,,1.1294417,1623608884.0,7169.1396,0.643,104.22349,6.594109508,27.99259274,719.8386478701408,187.1536394,71.63481248139999,133727.0779657904,174.4035963,2374.166756,777.9477148,4992.740189,23.84249510935092,25.912807906583968,22.208160297406938,80.15969620312823,324.6948791551199,108.5197372,88.20796204,13.52756023,100.6275406,0.322497735352356
CPV,Cape Verde,2009,53634,10.1,50.9,97.0,98.0,99.0,99.0,,2.75,,1.0970896,1599196517.0,6994.574,0.644,103.68206,12.84876406,28.02841569,690.8930489470348,147.7744017,71.50853393,128434.33207656772,169.7701258,2359.072304,756.1254618,4590.557034,23.61119352449651,25.69274744692952,21.969219462126883,80.06995967,342.4200797302358,106.6448669,89.87432098,17.16519928,95.23809814,0.8468170374015224
CPV,Cape Verde,2010,52898,9.5,50.5,97.0,98.0,99.0,99.0,,2.67,,1.0667255,1628564468.0,7072.1216,0.648,103.25203,11.05029075,27.35595211,656.0984835141954,133.5263156,71.34370656,123253.26384884786,167.4368403,2334.588673,735.0027617,4298.469242,24.75112998814493,26.88863134297719,23.049158107911595,79.15014834,264.5987763749275,105.6700232,92.7251093,19.88358061,97.1019678,0.501603690752071
CPV,Cape Verde,2011,51761,8.9,50.1,96.0,90.0,90.0,90.0,90.0,2.56,,1.0549875,1692481034.0,7325.784,0.654,103.488846,1.555143845,25.1367488,636.4636350474149,136.0962557,71.02138626,118441.85521587948,168.9139814,2313.685898,712.044837,4074.50752,24.093391973690903,26.087606446780825,22.39350380474349,77.99947948055988,261.1226104323431,105.6214527,95.58052007,23.39904065,94.71670614,0.118781620906186
CPV,Cape Verde,2012,50431,8.4,49.6,91.0,94.0,94.0,94.0,94.0,2.42,,1.0530897,1710821579.0,7397.8223,0.655,103.97059,0.193008535,22.14315635,618.1290153445019,142.3872347,70.48383475,114267.51079270124,173.7926422,2297.114542,686.2574422,3864.297625,23.71612529875931,25.68695633531189,21.90505459720529,78.68260370672456,431.98430064951896,106.251845,99.62133635,23.575988,97.87315578,0.0078390587748727
CPV,Cape Verde,2013,49270,7.9,49.0,91.0,93.0,93.0,93.0,93.0,2.26,,1.0339221,1721636311.0,7440.6626,0.66,104.154045,3.466413795,19.092224411310003,599.8024836138993,149.9157157,69.81595329,110157.40775923076,179.7723753,2275.441004,659.5610101178099,3673.0666063300105,23.77235926285297,26.056176076668425,22.00589366,79.76839244847763,294.7093586838035,106.3829787,103.9237823,26.85399565,97.20579237,0.1493126691498335
CPV,Cape Verde,2014,48348,7.5,48.3,93.0,95.0,95.0,95.0,95.0,2.09,,1.0055128,1733630380.0,7491.022,0.659,104.08659,4.10455932,16.477463059149997,585.2656489986301,156.2089327,69.1027691,105545.3608,184.7780328,2267.195761,634.0831425,3505.8001480594903,23.345127617184573,25.30327322502525,21.687099662477365,79.32958491863705,214.18753078776737,105.9738079,104.6430588,28.14653479,100.3566932,0.184566186141124
CPV,Cape Verde,2015,47591,7.2,47.6,92.0,93.0,93.0,93.0,93.0,1.91,,0.9661453,1749857620.0,7560.1367,0.658,103.96967,1.073039688,15.15649633,581.9277864690398,158.7746142,68.42865780846999,99864.11992,186.4357653,2255.865829,611.5449185,3367.437928,23.43975840539688,25.45004407844089,21.795022598118475,80.35294592682634,494.6445961585847,104.7305511,105.4289498,27.22872871,104.3195638,0.046258558451952
CPV,Cape Verde,2016,47073,6.8,46.7,93.0,96.0,96.0,95.0,96.0,1.76,,0.9345112,1824764034.0,7881.303,0.661,103.96525,7.431053983,13.86158363,563.3406316036519,157.72388953294998,67.69844323,90288.45018409914,184.7406473,2233.720623,590.4835121070499,3249.019085,23.81938655237761,25.92678522120383,22.13737832007964,80.33296371746043,528.0566140842744,103.2595765,107.3468356,29.03150796,97.68990635,0.6331175924513001
CPV,Cape Verde,2017,46924,6.5,45.8,96.0,96.0,96.0,96.0,96.0,1.62,,0.9069819,1907814790.0,8234.56,0.663,104.23128,62.7361601,12.06412585,546.0016229,154.87678613386998,66.84899689,76604.51283172994,181.2847849,2206.481772,567.0194702,3135.246661,24.005230546580226,26.02661534668974,22.33796151938755,79.41819396368092,303.65337391232526,103.06845,108.5137032,30.15112422,92.92783505,2.9631212968725844
CPV,Cape Verde,2018,47113,6.2,44.9,99.0,98.0,98.0,98.0,98.0,1.51,,0.8849709,1978536809.0,8531.13,0.663,104.927086,0.276047762,5.317963066,541.2856277260049,150.36404065205002,66.01214017,62196.00565265936,176.7774838,2165.895543,540.5242787,3021.529116,23.007973604006363,25.01490219648121,21.249486286330217,79.63155729,232.2646579059604,104.7492585,104.0089569,29.95644599,93.35671549,0.0284938065772998
CPV,Cape Verde,2019,47513,5.9,44.1,98.0,96.0,96.0,97.0,96.0,1.41,,0.8668001,2116002110.0,9111.63,0.667,105.817055,0.033410931,1.578292729,517.1979326989613,144.4101091,65.30968816,50526.04635885341,172.4592652,2119.5957235053497,512.8341417,2904.597309,23.49274977197973,25.660121407910697,21.82554544928277,79.58563637,235.84425643206387,104.2665555,103.5935056,,103.407903,0.0005007885411088
CPV,Cape Verde,2020,47804,5.7,,95.0,93.0,93.0,94.0,93.0,1.33,,0.84938484,1675762033.0,7207.8687,0.647,106.76658,0.0,0.0,505.3034477917179,137.20117392340998,64.86238189,44952.91577902378,168.4664846,2078.7883,483.154845,2762.959087,24.13658878443543,26.29161969492257,22.42282796363031,79.87628944226536,279.43874340246924,102.0669943,106.0384871,,95.18377693,0.0
CAF,Central African Republic,2000,665123,43.2,82.0,36.0,,37.0,38.0,,16.55,15.248487,3.923938,1675850364.0,1245.814,0.333,102.12221,120299.97335862224,44803.21666,3858.010654545316,1919.730743,74.06854710389999,318458.7478941445,415.1618404,4339.030488,1203.187156,70840.92083298088,25.82472109138336,35.14016040722408,17.665310672496595,62.09270839458953,1145.2647832591567,,,0.636740029,,434.85933663490425
CAF,Central African Republic,2001,679860,43.4,81.5,35.0,,40.0,40.0,,16.28,15.299383,3.8777525,1750672710.0,1272.857,0.335,102.14039,120166.18156823708,45529.89857187971,3778.3671047742287,1924.473858,73.84480477,316637.5257,414.4559976,4303.514749,1210.895064,70182.49958780955,26.29200167330455,35.855425216661615,18.399324062489185,60.51547747334955,1031.9111738244123,56.1921196,7.640590191,,,429.55217616643074
CAF,Central African Republic,2002,695291,43.4,81.1,42.0,,44.0,42.0,,15.94,15.349337,3.824272,1813986527.0,1290.3832,0.337,102.16787,122467.22571890864,47251.46239308294,3681.4699811898768,1937.1989,73.57154205554001,313805.83620703354,413.9323166,4245.522315,1210.113956,69429.28478431066,26.91638319030861,36.38439642511691,18.848121193832355,58.06704277211079,1051.0246605852496,49.14464951,,,,447.5278157808753
CAF,Central African Republic,2003,710142,43.4,80.6,49.0,,47.0,44.0,,15.6,15.39633,3.7506933,1716076872.0,1191.8732,0.338,102.184525,124493.59189043989,49214.35484333208,3601.342806593012,1948.788172,73.29490648,310519.0689859477,413.5188847,4202.8815187646205,1216.700872,68610.75290314722,26.80553196669364,36.07597708794253,18.95336703098268,60.22602790698286,1040.964346,49.26137924,,,,464.02163457525904
CAF,Central African Republic,2004,725262,43.4,80.2,55.0,,51.0,45.0,,15.22,15.445035,3.653041,1818953694.0,1236.2854,0.342,102.2097,126229.54933270416,50841.24926270014,3534.126658531773,1951.138223,73.07556769,307320.8827632873,412.7961661,4189.108871,1224.177727,67743.76998962049,27.080571732579624,36.44616710028679,18.99245252011733,56.90036334887654,1027.0169723630686,41.46757126,,,15.59547997,470.2715182923178
CAF,Central African Republic,2005,740194,43.2,79.8,62.0,,54.0,47.0,,14.84,15.492259,3.5059938,1835473623.0,1219.594,0.346,102.253365,127440.15093598411,51550.75407362184,3456.334741643682,1935.376728,72.98688004530001,304564.1582363352,411.7979511,4155.518251,1220.912965,66820.04672988728,27.73413621489608,37.99404603839204,19.27080048730527,54.62368892901969,868.5034522694377,47.18201828,,,17.22908974,471.77870518505944
CAF,Central African Republic,2006,757616,43.0,79.3,61.0,,51.0,47.0,,14.38,15.538552,3.3406818,1923045637.0,1251.8708,0.35,102.28013,127169.79753568776,50899.99401369382,3384.963279436341,1835.1864726575104,73.03375272,301855.5416657598,409.7103401,4129.60096,1218.08339,65686.61920295785,27.29940251813112,37.02609714888531,19.171081677288967,55.73157292,915.9102142004456,46.84925079,,0.491259992,17.77240944,489.0940777182065
CAF,Central African Republic,2007,777891,42.6,78.8,59.0,,48.0,46.0,,13.95,15.575791,3.1910813,2011650635.0,1284.5529,0.356,102.287865,124097.4812,49110.36391059583,3307.7345705922025,1637.263786,73.16274692,298762.42006934586,406.188079,4122.47153,1204.845158,64317.05813064202,26.12763395528193,35.33480909075805,18.39455826214492,61.80715420107349,1311.0615804373335,54.61135101,,,,483.6973967977649
CAF,Central African Republic,2008,799545,42.1,78.4,58.0,,45.0,46.0,,13.56,15.607287,3.0270274,2052972574.0,1283.2728,0.362,102.30961,120941.16929626356,46754.668572085626,3213.8800115099925,1410.069237,73.31716766,295775.8197329772,401.8910849,4110.723722,1189.885043,62950.61867459984,25.51216155748328,34.07761453997787,18.16848974891024,66.26228245691495,1387.142298079676,63.63327026,,1.15083003,23.25131035,456.83720735417546
CAF,Central African Republic,2009,786522,41.4,78.0,56.0,42.0,42.0,45.0,42.0,47.89,15.623735,3.1054933,2229266675.0,1402.6816,,101.75545,118318.37421937328,44292.315387562834,3131.5454980288496,1222.716885,73.43856337705999,293486.9431158776,397.3700724,4125.35053,1177.818577,61834.161422873134,25.74048842530564,34.298843319962735,18.49369820872788,67.54765397939515,1472.8921156651884,65.18106842,8.727089882,1.419160008,25.83029938,438.5935283495877
CAF,Central African Republic,2010,776396,40.8,77.7,53.0,45.0,45.0,46.0,45.0,14.92,15.66785,2.9258738,2332499967.0,1479.4137,0.358,101.76171,113600.54649430096,41999.55952837531,3067.9689728165936,1143.4909769180802,73.48322178,292306.50328733074,392.6919266,4140.853183,1162.728406,61188.92737408215,25.381427552762208,33.57530891537064,18.27511756941537,71.31402804,1518.4764082194863,68.63011932,,1.20006001,26.78437042,402.7288752804591
CAF,Central African Republic,2011,805095,40.1,77.3,49.0,47.0,47.0,47.0,47.0,12.54,15.751995,2.9566402,2430339369.0,1517.1484,0.377,102.34971,109582.78684871968,39906.913710975175,2975.244651099895,1149.4899711112998,73.4355308,292405.0356274636,387.954674,4137.978476,1140.8993243715302,60629.28001670024,25.40868858402813,34.36068221634756,17.583765929218504,65.62042567653491,1338.2957818741804,69.5737381,11.40328979,,28.77478027,360.8799014665682
CAF,Central African Republic,2012,835596,39.6,77.1,48.0,47.0,47.0,47.0,47.0,12.23,15.887679,3.066799,2553162918.0,1577.9806,0.385,102.38397,106134.09172303478,37721.56769620286,2849.822875888489,1167.084372,73.33784143295999,293276.9314410878,382.9281845,4123.373424,1110.319073,59765.69888402046,25.21657010110395,33.848782233260174,18.09458489710009,68.30384996817003,1435.483066990509,71.09578705,10.7241497,1.452600002,30.52292061,335.2565407690561
CAF,Central African Republic,2013,865104,39.6,76.9,25.0,23.0,23.0,23.0,23.0,13.36,16.091372,3.1907067,1624016454.0,996.89636,0.359,102.34248,104124.6678737888,35685.47667161912,2812.778216,1188.581835,73.22803715,294341.7581121691,377.9552982,4163.133302,1074.448765,58820.75237410567,25.10498545988716,33.03320601301625,17.98115724546064,72.11998159610445,1563.929949847398,,,,,311.8205732526526
CAF,Central African Republic,2014,883831,39.7,76.7,47.0,45.0,45.0,50.0,45.0,18.26,16.253786,3.3278322,1625333052.0,1001.85596,0.319,102.20152,102292.8389950466,33933.31937355838,2754.5110790715344,1206.5955892066302,73.15442819,294924.3809037715,373.8224025,4156.311015,1027.017791,58005.41403106849,24.965046272963523,32.90725513202027,17.556565366526236,71.57719576795054,1507.1182554349607,,,,,299.7041803062905
CAF,Central African Republic,2015,890997,39.7,76.3,46.0,43.0,43.0,51.0,43.0,11.41,16.354294,3.35411,1695825714.0,1043.9218,0.377,102.16497,97483.77997557384,32471.76452475899,2697.0855873766154,1213.17947,73.1541595,294408.06610056886,371.11543,4121.009194,975.3081407,57534.32784878779,25.18926255270152,33.651544491201314,17.88023382558117,69.48518649523429,1527.4704971398662,,,,,282.7243558468783
CAF,Central African Republic,2016,895158,39.5,75.8,45.0,42.0,42.0,52.0,42.0,12.61,16.389334,3.3901997,1776382808.0,1073.9448,0.376,102.19821,93575.58238453956,31361.35853807029,2689.524997836208,1185.589071,73.22371876,289026.4518926249,369.3593390338101,4101.959054,955.9681333,57348.91649,25.366469446007457,33.61497073658497,18.244092764496227,70.44363209145479,1699.7158972416205,85.16362,11.04333973,,31.16798973,266.54141559564897
CAF,Central African Republic,2017,898388,39.2,75.2,41.0,42.0,42.0,48.0,42.0,15.24,16.362896,3.403846,1856804600.0,1103.8661,0.356,102.11103,92786.50912,30500.446812112143,2700.1501504610824,1122.080274,73.34860856,277780.9890294277,367.0355731,4081.487446,953.6202831,57221.90677640582,25.11753138061503,32.90103470360126,18.16434123001381,72.50235679913081,1781.9964673735444,,12.79310036,,,269.2894412470739
CAF,Central African Republic,2018,906736,38.8,74.4,39.0,40.0,40.0,45.0,40.0,11.98,16.346342,3.3585577,1927167163.0,1125.7009,0.391,102.09983,92618.83926112248,29813.643973125698,2654.674748935831,1044.266742,73.53983847,264000.6126043048,363.9044437400101,4058.986521,928.8176155,57080.51770812585,24.64004355,32.421691414163526,17.66024325259249,74.04664654259587,1687.7554907537128,,,,,282.1983603274913
CAF,Central African Republic,2019,910241,38.4,73.6,37.0,38.0,38.0,43.0,38.0,24.31,16.344429,3.4118125,1986909345.0,1145.0956,0.279,101.94248,91300.30661329566,29229.98373510103,2617.317907,972.4863031,73.75423728,251411.5222265256,359.511564,4014.572175,896.2510406,56876.882381463845,25.255299114443265,33.21848160878868,18.37969376,72.09960002711591,1708.6197352827771,,,,,272.0988617995645
CAF,Central African Republic,2020,920387,38.1,,36.0,37.0,37.0,40.0,37.0,12.26,16.35473,3.3067288,2004791529.0,1136.5706,0.386,101.95016,87019.85133330431,28664.986958806672,2585.548098952488,929.2251516,73.92346775989999,244254.18302552224,349.7730123,3965.4125677932298,867.7089479,56716.815679275656,24.860233219651025,32.85392938,17.714138301539922,71.68789103734237,1856.2274360819367,,,,,290.9684372294189
TCD,Chad,2000,1754492,42.2,79.1,28.0,,38.0,30.0,,18.36,,4.25038,4516519365.0,1506.7158,0.303,102.8643,61911.67894439048,19021.57696036567,4155.08829,1684.8173455360702,82.07732167,325409.45813999855,429.5666631,3159.2250000128697,1290.306425,94759.55733629712,26.769247940654825,38.43718729,15.912130186122674,27.59577133306509,222.6868291014178,46.89884949,4.863190174,0.237010002,12.48248959,269.71545119963116
TCD,Chad,2001,1814349,42.2,78.9,26.0,,26.0,26.0,,18.02,,4.177303,5043061274.0,1626.5668,0.313,102.9372,62171.31066566064,18345.57927265896,4085.132531719916,1684.440262,82.210827,325576.9817101872,427.045353,3153.88134,1284.133104,93770.55114465008,27.006349499507504,38.67044083092957,16.346151397307285,27.156447556626883,242.55247275670223,49.94070053,5.921010017,0.244110003,14.07151031,240.29491042913293
TCD,Chad,2002,1870150,42.3,78.6,25.0,,25.0,31.0,,17.68,,4.0374312,5471278189.0,1704.273,0.32,103.078705,53583.986722409696,17063.04592057091,3993.376529014389,1682.354649,82.38950709,326030.97644274135,423.5937689,3154.956605,1272.661439,92201.41761,27.42384939141872,39.13082937,16.56478703957685,26.66233637170493,212.40947592559257,53.75846863,6.716139793,,16.11565018,199.5638407704295
TCD,Chad,2003,1929942,42.2,78.2,23.0,,23.0,36.0,,17.34,,3.8885384,6276741545.0,1878.5858,0.32,103.22213,52804.19412,16270.09805518982,3898.985669519464,1677.384466,82.57539299,326574.05853157025,419.7356049,3169.935545,1258.251489,90323.11243,27.552934042841983,38.95005611378169,16.86010077491564,27.995822312685863,269.05673295101644,56.23500061,7.238510132,0.192039996,20.19811058,194.64063583965097
TCD,Chad,2004,1999442,42.0,77.8,16.0,,22.0,31.0,,17.0,,3.7481153,8387570299.0,2400.97,0.338,103.348465,51551.28756669587,15619.78722900831,3780.851537470818,1668.226527,82.73008766,327007.2111598212,415.8663857,3190.787465,1242.85953,88403.17581139719,27.45013680857203,39.267130642113344,16.74934926320717,26.14136808148923,236.73377986648137,58.63002014,7.586400032,0.302569985,21.94360924,179.3067832095954
TCD,Chad,2005,2076845,41.7,77.3,27.0,,26.0,37.0,,16.65,,3.641798,9841348751.0,2705.8164,0.339,103.50914,52428.10645177852,15391.98074894301,3654.871010203108,1653.413364,82.81569802,327126.3780857037,412.1871123,3186.676698,1228.168341,86704.08394897265,27.62050743071552,39.56732643620682,16.97328656415073,28.74525373195014,297.4276390680012,57.0819397,7.991789818,0.170149997,19.70379066,185.6096800714149
TCD,Chad,2006,2157158,41.3,76.9,39.0,,41.0,49.0,,16.29,,3.5611067,9787927000.0,2596.0325,0.339,103.67417,52877.30602080481,15521.226957861458,3531.5670829396377,1603.5618502169498,82.83267530122001,325816.8805674806,408.0240778,3190.2941433084898,1214.354349,85128.62527830487,27.275914231740927,38.70400092659338,16.727200246347504,29.40096945,339.1047528348989,56.89440155,8.390609741,,20.65884018,203.80072223371997
TCD,Chad,2007,2240830,40.9,76.4,31.0,,29.0,38.0,,15.92,,3.4928503,10199036983.0,2613.4739,0.35,103.8293,52134.33366632069,15846.06650428708,3402.5604938257984,1507.829163,82.81908659,322775.7622655429,402.96023096782994,3174.000039,1200.0178995059898,83438.98546105262,27.077918805868748,38.72594908332703,16.558227996561875,29.253014851569787,282.99143362272537,56.81399155,11.35857964,,,204.24259679316697
TCD,Chad,2008,2327709,40.3,75.9,27.0,17.0,19.0,30.0,17.0,15.54,,3.4349737,10513288725.0,2601.3613,0.354,103.91734,52356.50733910594,16333.11865692024,3285.0153963017688,1392.1580474513798,82.79456897,319000.8231559917,397.3951605,3172.860113,1184.810295,81681.34508567446,26.782233087149432,38.24952245962314,16.101041436965776,30.05012407264473,347.29802322701784,63.53717041,12.17310047,0.497399986,,193.4618067087763
TCD,Chad,2009,2412381,39.6,75.4,36.0,24.0,26.0,32.0,24.0,15.15,,3.4046228,10365231906.0,2474.7075,0.369,103.964066,55908.14919003328,16953.614478540112,3175.959963174514,1282.310975,82.77838074,315499.5463481784,391.6223979,3154.836568,1168.450836,79903.61232300408,27.505151237666453,38.85284641162066,16.88255908342679,29.939355821925528,310.81687300348386,67.43920135,13.34858036,0.593429983,22.49060059,183.3755110075261
TCD,Chad,2010,2492242,38.9,74.9,46.0,39.0,40.0,43.0,39.0,14.77,,3.3781588,11782555814.0,2717.4055,0.375,103.95072,56029.04735937056,17152.58584,3077.206025361826,1203.942149,82.79048362516001,313279.302,385.7972684,3146.79153,1150.265474,78153.27769809056,27.265232815584767,38.78978992292477,16.61928672,32.62042659423356,435.4604143039998,68.84304021,13.35035829,0.621167658,22.94884578,168.59416176499016
TCD,Chad,2011,2571260,38.1,74.4,54.0,33.0,33.0,40.0,33.0,14.39,,3.3579416,12312232324.0,2741.0708,0.384,103.87712,51746.77431499599,16611.77067873525,2991.1365502517724,1150.2945914960098,82.86743577,312188.7389190186,379.2023453,3120.55993,1125.514368,76325.37191238585,26.61291390385861,38.23995823,16.15015661601874,30.765006116746203,344.27354837712625,75.21086392,13.95379907,0.85173986,25.89775061,146.7587389080581
TCD,Chad,2012,2651403,37.4,73.9,63.0,40.0,40.0,51.0,40.0,14.01,,3.3402896,13427942676.0,2886.2747,0.391,103.82776,47687.67475250652,15634.13163763758,2878.190617174451,1099.423772,83.0152472,311255.32646936044,371.5484557,3089.91072,1093.526764,74358.98975364104,26.582190790712104,37.85077567629366,16.69105183287537,33.24335659,441.0151464063597,78.94359762,13.93802477,,26.19789924,128.49690394988892
TCD,Chad,2013,2732884,36.7,73.4,57.0,39.0,39.0,46.0,39.0,13.65,,3.2738283,13809056592.0,2864.113,0.396,103.77758,45621.69999,14601.42382222888,2802.047261023569,1054.171673,83.20859635819001,310253.9380572025,363.7346166,3061.918346,1058.473922,72365.95269538014,27.067270440548626,38.55100233214093,16.47440604088394,30.55906841733838,351.02203085085563,85.07649511,15.53602822,,29.13275744,127.03838130663792
TCD,Chad,2014,2815072,36.1,72.7,45.0,36.0,36.0,44.0,36.0,13.3,,3.174315,14093914057.0,2820.678,0.401,103.73123,46370.759575112505,13838.82759679353,2725.4863601983084,1017.23871,83.4223541,308956.4938592429,356.4459729,3038.061501,1023.966199,70456.61049,26.83601749805425,38.36781216799117,16.327707056033763,31.990326974388346,382.14918402897325,85.5623703,14.28285027,1.119377759,,126.3106807189857
TCD,Chad,2015,2893312,35.5,71.9,46.0,42.0,42.0,52.0,42.0,12.93,,3.073395,14559599499.0,2822.5793,0.396,103.69269,45984.67899624822,13393.95180739742,2670.730417981952,991.426512,83.63056537,307143.1097301473,350.5488683,3017.747721,994.4564613,68743.07298223709,26.66997604422229,38.04826760115088,16.426629479162735,30.929326495508604,330.4621871071046,77.24465091,13.88026331,1.457361201,29.98117285,126.65627021206016
TCD,Chad,2016,2966438,34.8,70.9,37.0,41.0,41.0,44.0,41.0,12.57,,2.9923043,13959379525.0,2622.598,0.396,103.632774,45896.51553509914,13279.925458003592,2606.0853329149486,971.219763,83.86940302,299707.52012866555,346.3254769,3002.920032,971.0180204,66992.72494375674,27.07816416484032,38.533451776762654,16.669207698501033,31.999139394782247,376.9783445,72.68433665,14.27983817,,32.69973949,127.72528894094972
TCD,Chad,2017,3036259,34.1,69.5,37.0,41.0,41.0,44.0,41.0,12.2,,2.93608,13733590857.0,2496.2622,0.397,103.58117,46415.78205362613,13251.72531602182,2558.986919452328,950.6847649,84.1668971,284371.4799399268,342.8558196,2985.719631,950.0017935,65093.48429200882,26.98527577314894,38.45465016455922,16.80209387148098,31.092010116750625,349.9013020026362,64.77340868,14.012363,,29.97509786,127.80267719518211
TCD,Chad,2018,3106514,33.3,68.0,41.0,47.0,47.0,45.0,47.0,11.83,,2.903988,14522052213.0,2552.3704,0.402,103.530914,48572.02963492389,13354.67248,2516.2710135126185,932.106701,84.48478011,265155.632,339.3758617,2977.471782,929.0275567,63337.75143,27.011128944112613,37.95922933192481,16.666937931540975,32.979817354600904,418.1816640160967,74.72516272,13.90392256,,32.63142104,124.91552248242034
TCD,Chad,2019,3179049,32.6,66.3,40.0,53.0,53.0,46.0,53.0,11.46,,2.8972468,15303748438.0,2604.5315,0.406,103.46699,46814.53423960229,13258.92367305939,2466.3967064023404,917.6480903,84.78443475,246084.76272496264,334.94322903373995,2965.285831,905.5345965,62019.36852645397,26.920417106403395,37.924002118139725,16.88130109391472,33.54461692116693,459.26994476395663,73.75919986,14.19671327,,,124.7715114399118
TCD,Chad,2020,3254062,32.0,,45.0,55.0,55.0,51.0,55.0,11.1,,2.8880563,15243505756.0,2513.0293,0.408,103.416626,45121.37596084812,13179.854047546469,2430.071378832944,909.644767,85.0271755,231186.5300523273,328.3420064,2952.4261690817298,877.2702164,61712.931476615486,26.547542968357984,37.826906215835045,16.19506328706866,34.84937419034965,489.3207609632563,,,2.476077336,,132.78126239236167
COM,Comoros,2000,89530,43.8,61.3,70.0,,70.0,70.0,,7.96,25.518078,3.1373708,616936089.0,2858.857,0.461,104.470436,20184.47464184777,5034.818457,1746.8042960468122,847.8644136412199,73.97852809,261839.7103136008,406.410878,5003.399411334291,1448.360353,38372.42477314092,26.308300471037573,27.80250850553537,24.89914230990628,76.17327456781621,805.3848167443742,85.59828949,,1.267920017,,8.122269877259852
COM,Comoros,2001,91624,43.7,60.5,70.0,,70.0,70.0,,7.65,25.402414,2.9654517,650371555.0,2952.4424,0.47,105.39903,29429.56678553683,5280.459157,1581.6131356654787,777.1509515,73.42933612,258153.12508925027,397.6552171,4914.785024,1431.83194,37121.930071978335,26.414540612348848,27.97538399767853,24.961597462537952,76.19540796782367,721.0392808956457,,,,,12.5201346731247
COM,Comoros,2002,93507,43.3,59.9,71.0,,89.0,98.0,,7.36,25.289635,2.8140693,680273575.0,3023.5244,0.477,106.47543,32029.80248479852,4818.77957,1586.8203795836291,628.6730896891299,72.81387622,254322.0165092864,387.1220218,4849.461583,1401.006402,35384.57240313418,26.65787201260596,28.099148109134944,25.091232409006384,76.64122622316248,1041.664227542742,93.40458679,31.18938065,,50.7873497,12.797990033043185
COM,Comoros,2003,94024,42.7,59.4,67.0,28.0,80.0,80.0,,7.07,25.181864,2.6913528,693432979.0,3023.19,0.485,104.82513,27196.58246388461,3718.3865803138497,1477.2859577713152,456.3445922,72.20140224759001,250248.6813429952,376.1393349,4791.175128,1362.706559,33429.17922007916,26.68745669909265,27.974564969109235,25.16202630758481,76.67579815134611,1026.0948003166272,92.06884003,34.52270889,2.821269989,50.8074913,11.024287767593991
COM,Comoros,2004,93294,42.0,58.8,76.0,77.0,76.0,73.0,,6.8,25.077393,2.622482,714932259.0,3058.3833,0.492,102.54092,7966.08856,1974.734531,1403.034249939787,313.6517091,71.65554120326999,245922.9678,365.4047467,4740.367005,1324.231115,31529.02856610838,26.60869838686489,27.982481055853032,25.194092436539776,76.70501430476403,1137.726748857458,93.35697174,36.06441116,,56.66080856,10.693369327158234
COM,Comoros,2005,92682,41.2,58.2,67.0,68.0,68.0,67.0,,6.55,24.973999,2.5812132,755434618.0,3166.3628,0.499,102.48677,3358.423975,1474.804769,1380.116715554963,253.8688435,71.24538839,241267.3704657912,356.0037405,4678.845897,1288.937193,29949.04929919523,26.81995167309448,28.13957270141412,25.34537046614498,75.88125173976859,890.6181974098247,,,,,6.416524356017509
COM,Comoros,2006,92542,40.3,57.5,66.0,69.0,69.0,69.0,,6.31,24.871138,2.5554948,742180920.0,3048.6924,0.506,102.43649,12930.24031246286,2573.603076,1311.5009893953704,253.9898533,70.93424816,236307.2485082788,347.7134678,4629.511716,1258.139515,28658.24290422653,26.476618339761146,27.962504639382928,24.97994858017252,77.89833565,1230.0102273297634,,,,,16.10089809710047
COM,Comoros,2007,92915,39.2,56.8,65.0,75.0,75.0,75.0,,6.08,24.765848,2.5331497,748145084.0,3012.5474,0.512,102.407425,3229.2105782606704,3216.763001,1340.4676399420273,255.2499649,70.64704561,230976.55228404223,339.8060539,4590.500569,1227.101789,27445.23927771469,26.767877811834623,28.084157774516047,25.36661795314589,76.42452476112383,671.0354940942821,92.45728302,,,56.43133926,7.200656393841659
COM,Comoros,2008,94091,38.0,56.2,76.0,81.0,81.0,81.0,,5.88,24.640812,2.504941,777806128.0,3070.3696,0.519,102.425575,2375.642575,4582.844996,1265.9605864369823,256.8881903,70.39066163,225096.02565331792,332.2928551,4560.700692,1196.158932,26306.65383931764,26.354122205913583,27.66539172998341,24.946213078244178,77.46744665,1024.1705345939292,99.79788971,,,59.22827148,5.985285385789873
COM,Comoros,2009,95932,36.5,55.5,79.0,83.0,83.0,84.0,38.0,5.69,24.519377,2.4803574,803011729.0,3107.453,0.526,102.45002,11540.25913022603,6292.462611,1230.725673446815,258.1751478,70.17133369,218509.5799967509,325.2478299,4530.289958,1165.558701,25241.00643,26.73537201260596,28.171655454824585,25.31785461491997,76.53743079587129,793.1249488,,,4.89097023,,14.764746936782542
COM,Comoros,2010,97972,35.0,55.0,72.0,74.0,74.0,82.0,74.0,5.51,24.385515,2.4354987,833348554.0,3161.3748,0.534,102.455574,37143.79970092855,8269.310701,1170.4747922150789,258.3925362,69.99788476,211003.5839834454,319.0019388,4489.258089,1134.404922,24244.40121072459,26.873710758552708,28.22044083011943,25.55374014131127,76.06449267205856,710.6900520981046,,,4.974669933,,140.76543845664287
COM,Comoros,2011,100143,33.3,54.4,79.0,83.0,83.0,85.0,83.0,5.36,24.244612,2.4008512,867878891.0,3227.2166,0.541,102.47179,27254.75921108734,7087.019340437289,1157.9282557906529,253.7808728,69.8557044,201149.2235,313.6249876,4480.221666,1101.36375,23261.22025252887,26.71162529883553,28.06580897657295,25.252855774765703,76.58574557167289,983.4845101652874,102.6786763,,8.533092115,,127.58776905144136
COM,Comoros,2012,102421,31.6,54.1,85.0,86.0,86.0,85.0,86.0,5.21,24.118757,2.3653965,895376387.0,3263.163,0.548,102.48237,35610.45345540866,6112.774549,1120.3954412531157,242.7771081,69.7150619,188461.2706593881,309.1604832,4461.042287,1067.76771,22262.51581078168,26.573703026247827,27.89623512,25.102042545425068,77.07246288493656,1124.6314985206866,,,9.505840072,,124.41132202091168
COM,Comoros,2013,104583,30.0,53.9,82.0,83.0,83.0,82.0,83.0,5.08,23.993755,2.3207233,935365362.0,3337.5986,0.556,102.7891,32135.11552466212,4169.0848753029695,1097.0088675469383,227.8997888,69.56019825,174174.57038990653,305.42962283666003,4459.3068297195805,1035.730826,21286.78791967105,26.73703983911836,28.199584686486688,25.30702089497139,76.05870418609355,763.6503386749539,112.3680596,60.104471,8.429530144,79.337162,105.42843987629033
COM,Comoros,2014,106245,28.5,53.8,80.0,80.0,80.0,79.0,80.0,4.97,23.874414,2.2947564,955070416.0,3334.5752,0.56,103.052956,355.6559517,869.3179557,1099.8190270634389,211.6457028,69.37805665,159481.0763889344,302.2028828,4441.511199,1006.130736,20369.75506851067,26.764119112991622,28.142910287515136,25.14618949471428,76.29288322444803,1114.1306434295216,109.9579702,63.54847325,8.468489683,85.3946102,0.7693505582458812
COM,Comoros,2015,107283,27.0,53.8,81.0,80.0,80.0,81.0,80.0,4.87,23.754507,2.2692995,966029600.0,3302.3862,0.565,102.92082,278.1289324,252.4559022,1077.222323464312,196.4807138,69.15520327,145568.80468877283,298.9859399,4431.583772,980.5848193,19546.808163149428,26.97786428030108,28.41162645868127,25.46952824066103,75.97793387104504,1029.3580818050648,,,,,0.5594712705444637
COM,Comoros,2016,107905,25.5,53.9,77.0,75.0,75.0,75.0,75.0,4.76,23.615396,2.2453766,998105646.0,3342.7668,0.571,102.6959,198.345172,257.1019835,1057.0168745164706,180.4815067,68.66661676,130474.28067876185,295.39069589131003,4407.36889,959.7154674,18728.42379870868,26.76912413898981,28.091261018534457,25.381200319941115,76.15869954671062,1015.555933770768,,,,,0.3787199843880531
COM,Comoros,2017,108619,23.9,53.9,75.0,79.0,79.0,79.0,79.0,4.66,23.47133,2.2175324,1036190384.0,3401.8523,0.577,102.56823,677.1046158,314.1349183,1033.681770263927,161.7447209,67.85941660908999,113298.73974068914,291.2406311,4386.584585,941.3321592,17862.817114121623,26.98662181929833,28.38166743989716,25.524960951860333,76.69244548725057,1043.2643192655082,105.0860579,59.33821742,18.29283037,83.39084426,0.9845309118511671
COM,Comoros,2018,109578,22.4,53.9,74.0,77.0,77.0,77.0,77.0,4.56,23.320324,2.1962564,1073934613.0,3457.587,0.584,102.57252,5187.912527,626.0207711,1004.1257227235382,142.7847523,66.97826527,96828.97819,286.558979,4365.169922585041,923.089418,17042.09369762805,26.76953017373725,28.09537007952974,25.36952321466286,76.60668019820021,1075.3950480284418,107.8630815,64.55652534,,,3.6678038833135145
COM,Comoros,2019,110507,21.0,53.9,76.0,78.0,78.0,71.0,78.0,4.46,23.174387,2.1838548,1092843397.0,3451.4214,0.589,102.593506,5914.016644,742.497203,995.3955778,126.1534709,66.26660743,83873.90384978632,281.85302051172005,4347.824427,903.4722525,16359.699763373308,27.183697613634408,28.49787123937547,25.77286853306876,77.66916589343617,1304.5111052380298,,,,,2.3858450489663285
COM,Comoros,2020,111521,19.8,,75.0,74.0,74.0,64.0,74.0,4.35,23.02724,2.1651423,1090706042.0,3377.7456,0.592,102.59535,764.4613015,544.6129119,999.6095247535244,114.3837417,65.96800141,77243.35969468144,276.5429774,4342.482368,879.9743732,15878.30580235709,26.97411215391723,28.31749304,25.59829660488513,77.14630238636558,1357.7711291945714,,,,,0.6284094405841268
COG,Congo,2000,506446,33.6,72.5,34.0,,33.0,31.0,,11.37,12.806154,2.1135066,6482377234.0,7570.583,0.545,101.52057,100433.05866213664,33782.20564344144,2112.7220132471025,1297.24653,76.98265768,283479.3280642639,255.3366838,3760.393916,952.9667115,69099.78951,24.87782875459733,31.43041765088959,19.811888486041905,82.04117488910585,1631.539119507494,79.90531921,,2.515789986,,368.6355263934686
COG,Congo,2001,518674,33.6,72.0,35.0,,31.0,32.0,,11.07,12.764009,2.0764446,6728876234.0,7567.439,0.55,101.530334,102554.17838911738,33522.30648264922,2031.738606,1292.621047,77.05964791,280023.97275794466,255.1371462,3760.417307,962.2213121,68544.30521247603,24.727597723117388,30.96303540687513,19.65037455752207,83.16286722974061,1643.6717699749397,93.90236664,,1.011510015,54.11132813,368.1573881980821
COG,Congo,2002,531117,33.3,71.4,37.0,,41.0,41.0,,10.6,12.708769,2.0311623,7037184600.0,7729.3887,0.552,101.56686,94200.65424,32122.159406465573,1974.720340456256,1284.93463,77.09611112,276700.13192207203,253.5129646,3780.339841,968.7479623,67798.83747641138,25.47265568536645,32.251679328372674,20.07762686126731,79.84102001236546,1645.7976310421236,96.26172638,31.51396942,1.202550054,56.01314163,338.7606704223977
COG,Congo,2003,546164,32.6,70.7,50.0,,50.0,50.0,,10.01,12.631477,1.9659522,7094415494.0,7577.4565,0.553,101.60083,94512.10814748524,30881.685821756488,1923.325770405895,1273.2955626456398,77.10275631,273555.1085859431,250.7380702,3786.657106,972.1170026,66895.49998457801,25.26679890598052,31.68799832012619,20.35205284190115,82.43461805878128,1632.205978759971,91.05771637,30.96714973,2.191679955,51.75497055,330.8167756653762
COG,Congo,2004,565144,31.8,69.7,65.0,,67.0,67.0,,9.35,12.545642,1.9097339,7341062186.0,7577.446,0.557,101.601295,93179.90614849834,29397.37883083241,1847.687915720305,1257.14142,77.08539028,270714.0716,247.1238963,3770.0889437136702,972.0056318,65865.53416,25.92879784872904,32.967815513470306,20.541611462324543,77.37265231092816,1342.4365147200017,101.7873764,39.07563019,,73.16394806,320.95331960965893
COG,Congo,2005,587568,30.9,68.7,54.0,,63.0,62.0,,8.66,12.442364,1.8442245,7910417276.0,7876.118,0.569,101.592255,87325.36742162079,27699.74428,1779.586388,1235.737518,77.05125645330999,268284.8724702372,242.8661852,3714.327117,967.8347543,64739.75282407095,26.569533970982835,34.44430905277229,20.68157378,73.54359468531216,1200.818716,101.3246765,,,64.41986084,308.59855770841796
COG,Congo,2006,611429,29.9,67.7,61.0,,74.0,73.0,,8.02,12.324441,1.7792743,8542162055.0,8192.58,0.582,101.58404,79616.27601409613,25625.65244584782,1709.2225853959353,1140.393569,76.99640433,266324.4747111369,237.6361208,3622.599339,958.1010237,63414.52144988825,26.123535125321258,33.68839455014509,20.498677719942645,75.55353385573342,1208.4871889110918,100.9506683,,,68.87384796,281.1319177710053
COG,Congo,2007,635691,29.0,66.8,59.0,64.0,73.0,71.0,,7.43,12.202917,1.7216415,7977183901.0,7375.8247,0.583,101.58568,68426.84459,22904.38214141901,1651.0994843835454,948.1016679,76.9092958,264595.4521912316,231.604868,3527.358223,943.6495996,61819.694267534585,25.388580697569303,32.15169626579555,20.148196483194955,79.81508128654528,1701.194152590571,101.2021866,,,68.90058136,243.58985083777023
COG,Congo,2008,662260,27.8,65.9,69.0,73.0,80.0,77.0,,6.95,12.078774,1.6680487,8480255108.0,7587.288,0.591,101.60428,58652.57389198727,20236.13903087928,1583.0927854852805,726.389122,76.78274153,262808.86678669567,225.7651139,3469.220309,927.9425515,60038.10890636011,25.30121287803232,32.08839631329192,19.92300114986977,79.51652236706262,1462.9621154845963,99.49417877,,,64.81419373,214.59349769367336
COG,Congo,2009,693625,26.6,65.3,63.0,75.0,80.0,76.0,72.0,6.55,11.950871,1.6287496,9467126891.0,8138.45,0.602,101.62767,54883.29966797518,18300.59382142476,1525.6384729364677,541.8472607,76.61077635,260663.30625044985,220.702191,3449.593111,912.6101969,58153.39841194125,25.112674813547628,31.49469608794092,20.258086139618857,82.79437773834954,1751.5993101350614,103.4250412,,2.040560007,64.14032745,195.48237422609915
COG,Congo,2010,728696,25.4,64.9,75.0,74.0,76.0,72.0,74.0,6.25,11.836161,1.5890551,10407332392.0,8583.662,0.609,101.66291,55094.29346039243,17401.98628,1480.0796700400867,460.1993487,76.39384258,257792.5314637831,215.8958459,3432.115774,895.0596937574801,56247.55593342504,25.036593717647467,31.19167034399631,20.15688107258038,83.86190617873454,1876.6398556522747,105.8780823,,,65.78352356,185.09988044533011
COG,Congo,2011,763084,24.2,64.6,83.0,70.0,83.0,72.0,71.0,6.02,11.726263,1.5540036,10636909752.0,8492.421,0.613,101.70115,55275.50246091972,17070.56644888833,1401.4878955181148,452.4579175,75.84960131,251346.82199529035,210.6068567,3396.057869,869.3410895,54115.14600038735,24.902620922189698,31.19055737745276,19.87845056,82.45640624609509,1581.8856779470384,105.2969131,,5.860000134,74.4440918,183.87710918957688
COG,Congo,2012,793722,23.1,64.4,80.0,62.0,85.0,68.0,64.0,5.82,11.620068,1.5259632,11694979455.0,9079.687,0.624,101.73914,55021.53056513592,16781.51313714802,1338.110641494332,446.0344002,74.86080791,239890.2236576328,204.900674,3338.9277131854897,835.1889493837999,51666.43028444036,24.797891523528605,31.124082589071715,19.81966056485896,82.79923770928728,1613.579165424709,109.2337189,46.8735199,7.00579977,76.91665649,180.98249906111104
COG,Congo,2013,817917,22.3,64.2,80.0,65.0,85.0,69.0,66.0,5.64,11.551512,1.5014429,11611660392.0,8798.494,0.63,101.77583,55279.35195788579,16599.068694991733,1271.082842,441.0071938,73.67647231,225185.6580820193,199.0445367,3285.8173308164496,797.086472,49156.46065,24.965683295343265,31.372576870712123,19.79378616,81.89562779,1570.3183833851854,,,7.343269825,,165.98119603588745
COG,Congo,2014,834998,21.6,63.9,80.0,71.0,90.0,77.0,73.0,5.45,11.508167,1.4883478,12383378937.0,9159.257,0.639,101.80042,53523.84496806938,16393.14770762301,1210.6300485795034,437.4991054,72.54394815,209026.61523950915,193.2630719,3223.735137,759.7340140126599,46838.34276003255,24.983512312544864,31.28432664164072,20.09505017892456,82.72369196367667,1527.1589726140255,,,,,154.6955552486019
COG,Congo,2015,844432,20.9,63.5,80.0,64.0,80.0,68.0,65.0,5.27,11.519867,1.4823424,12434793867.0,8977.707,0.643,101.83665,53472.66302113393,16392.16666160324,1166.2319050234282,435.6656818138701,71.71504018,193160.26888354807,187.8648136,3152.6450688938903,726.4193306,44959.01169307028,25.314980343586683,32.118080819329435,19.95374153363704,80.03729705861873,1474.5136696855789,,,,,148.2410101968252
COG,Congo,2016,848142,20.3,63.0,67.0,57.0,71.0,61.0,59.0,5.09,11.588659,1.4832231,11354801748.0,8001.8257,0.64,101.860374,56793.15436618716,17062.52596328943,1124.4751413393558,441.26827270202006,71.09731367,175300.29394912018,182.7583381,3091.027697,698.0213616994499,43439.62344217486,25.44953998360448,31.932310621327925,20.182075014100445,81.74120043672046,1759.0573807667847,,,,,143.0429838918518
COG,Congo,2017,850064,19.6,62.3,70.0,57.0,69.0,60.0,58.0,4.93,11.687474,1.488274,10719526284.0,7372.7705,0.635,101.87691,63636.44144002133,18517.08022298581,1083.3962241918816,455.954081,70.47730265,153985.62216065478,177.8549334,3021.6825,671.7932314,42050.61451784984,25.14132282331136,31.290265691228985,20.274250225303167,83.33552859675305,1708.6341550419452,,,9.736610413,,145.77173945604414
COG,Congo,2018,852168,18.9,61.6,75.0,66.0,75.0,68.0,66.0,4.77,11.808064,1.4887413,10472514332.0,7029.3364,0.64,101.88935,69153.57044292621,20087.26548257067,1047.926068556751,473.6351971100101,69.92784913,132141.27845118532,173.4619526,2955.124124,646.4441383,40809.48429228887,24.86661390450588,30.947863557366244,19.890643384707072,83.96117119460696,1814.921863348338,86.13123322,,,,153.10080343109146
COG,Congo,2019,855136,18.2,60.8,73.0,79.0,79.0,73.0,79.0,5.24,11.893475,1.4866165,10590275024.0,6939.369,0.634,101.88762,69116.74257465881,21141.144782289688,1053.3084840919526,488.4037953,69.51938428,112670.35127160267,170.0389563,2900.304642,621.0590809,39732.71284601991,25.70098545022845,32.430946325765085,20.51999819918615,79.70597776,1409.0205623487814,,,,,144.93852319758298
COG,Congo,2020,859813,17.6,,68.0,69.0,73.0,69.0,69.0,4.47,11.926529,1.4788417,9926500702.0,6350.5093,0.643,101.90784,67000.65342635426,21487.77760996646,1008.1617607938852,494.2245989,69.32273551,98446.17889,167.4641243,2859.841301,593.0950036,38842.07939781556,24.969775024373178,30.923157411908708,20.02003190992172,84.39067204,2061.1379281229647,,,,,159.43464902781173
CIV,Cote d'Ivoire,2000,3207322,32.4,80.0,68.0,,65.0,66.0,,14.05,19.407015,2.8595614,30406072178.0,4838.3403,0.419,101.42634,143170.76085474555,56879.23317645879,3035.100850641052,1298.898662,76.71891489,255982.641,312.6317163,4800.955066,1255.059467,26666.05933444661,25.832794594242003,33.915269170843814,19.079999192364067,71.62533819566248,1236.1697569702385,55.1211319,,,29.12817955,595.1706195728489
CIV,Cote d'Ivoire,2001,3308632,32.5,79.3,71.0,10.0,66.0,70.0,,13.71,19.395056,2.8030393,29751121585.0,4609.1445,0.422,101.49678,145834.4781627604,56950.66529501711,2921.2563112750327,1210.524672,76.65660998,250360.2188893608,310.8236686,4760.950236,1250.355761,25641.523802321743,26.38555855438958,34.59573215966296,19.38841148816203,68.14875319757414,1047.424189904271,57.33731079,,,33.83219147,606.6160641401855
CIV,Cote d'Ivoire,2002,3402606,32.6,78.6,71.0,48.0,65.0,70.0,,13.34,19.38843,2.7690678,28938759334.0,4368.928,0.424,101.579575,148364.86053025693,57016.00570873758,2827.372289230894,1015.245392,76.56641378,243743.0451357316,308.287071,4757.711542,1241.272938,24389.05900709833,27.185567373933218,35.904438409123145,19.86068538190941,64.01618763,927.3195624180124,56.62380981,,,,620.2145557267291
CIV,Cote d'Ivoire,2003,3485094,32.5,77.9,70.0,63.0,62.0,68.0,,12.96,19.378153,2.7603025,27571152176.0,4060.0005,0.425,101.66973,149784.18537937244,57038.26145627963,2712.333877831843,782.3286211,76.47443167,236781.0608514372,305.3248845,4772.929784,1230.261549,23068.78812585618,26.77002047271853,35.02843778253882,20.103215703311168,69.30672910541122,1164.574325898063,55.69924164,,,,619.799063324999
CIV,Cote d'Ivoire,2004,3556994,32.4,77.2,78.0,67.0,68.0,76.0,,12.57,19.372112,2.7541833,28449303912.0,4088.945,0.43,101.74819,147625.28671847418,56897.439913070615,2626.704695,580.6824238066899,76.40424397,230165.00409215465,302.3724929,4780.146991,1217.938512,21842.55150521926,26.79812082146383,34.906332639197515,19.895825545407927,69.59294483200088,1089.0079079911764,,,,,616.6227073558164
CIV,Cote d'Ivoire,2005,3621413,32.3,76.6,84.0,77.0,77.0,87.0,,12.16,19.355518,2.7352233,28732677632.0,4032.2458,0.435,101.82132,140772.66554986034,56541.46281005064,2562.2761624494324,478.6116451659301,76.37728722,224615.91497565628,300.1928961,4824.205955287151,1208.648835,20870.62611400869,26.823062991111243,35.23142280171639,20.16045192327924,69.66620608145998,1086.2988477676186,,,,,600.4280009208717
CIV,Cote d'Ivoire,2006,3681174,32.2,76.0,73.0,77.0,77.0,76.0,,11.78,19.345135,2.7064207,29541668752.0,4049.2603,0.44,101.87105,128411.4467126411,56366.47946558688,2503.3272798494017,453.2404765,76.40961969,219983.6608190213,298.0492005,4819.726544,1199.839706,20106.78252173223,26.67707144697233,35.06769463648571,19.948928988751213,68.88118136537804,1075.2214320508926,52.48028183,,,29.25754929,604.7526362204878
CIV,Cote d'Ivoire,2007,3739154,31.9,75.4,67.0,76.0,76.0,75.0,,11.39,19.325592,2.6584816,29867049486.0,3999.691,0.445,101.86965,117226.1617107078,56911.02352382729,2411.064924762845,434.6612848,76.48231394,215434.2641500158,294.8237679,4810.374988,1184.774206,19399.97304664577,26.582297247922288,34.87517944731712,19.948914180414672,67.61456768717515,1026.802733788356,52.4718399,,5.28237009,32.03384018,577.5569605398925
CIV,Cote d'Ivoire,2008,3769690,31.5,75.0,63.0,74.0,74.0,58.0,,10.95,19.310387,2.6077814,31295490700.0,4096.7236,0.452,102.64368,117872.22228325474,58344.52464121389,2327.6496857755787,420.24864979628006,76.56279022,210688.3688505146,290.6364082,4774.784133,1166.002487,18751.31084967087,26.30335723162048,34.48385994567704,19.48738185348272,68.59316403496511,1241.4099161034708,54.9388504,,5.274310112,,566.2070319399007
CIV,Cote d'Ivoire,2009,3789551,30.9,74.6,67.0,81.0,81.0,77.0,81.0,10.58,19.285776,2.5734103,32423167866.0,4151.0537,0.458,103.74336,125153.39385283516,59931.02074,2252.7704913722973,407.4752900089901,76.61756978,205481.19586278228,285.8831664,4743.345729,1141.962722,18163.87662218719,26.090564145543848,33.67340478881494,19.869208776812155,73.74598647052458,1337.7864355922889,56.76819992,,4.919489861,34.05907059,568.3167967041448
CIV,Cote d'Ivoire,2010,3837773,30.1,74.4,64.0,79.0,78.0,75.0,79.0,10.22,19.25527,2.557037,34643522418.0,4338.6523,0.465,104.39093,132967.87211546456,60870.89699944979,2177.928674,393.9570486,76.60845699,199602.9556823452,281.2747122,4740.08444,1116.53335,17642.90923502911,26.141289208652537,33.48905727724301,19.995005910282966,75.85879215867017,1562.5348075683287,,,4.378115893,,554.772925460372
CIV,Cote d'Ivoire,2011,3899312,29.4,74.3,49.0,62.0,61.0,58.0,62.0,9.91,19.209023,2.537786,32783010325.0,4017.4077,0.469,105.247475,132522.18189860415,56948.79725,2125.0006032582023,377.7024534,76.52848412,192626.0136621729,277.3680449,4742.83847,1089.065938,17269.21468350292,25.774604665197625,33.57693417364111,19.50896917688507,75.35462513781366,1241.563172105039,68.16119091,,2.310728901,44.93493837,516.0730798115079
CIV,Cote d'Ivoire,2012,3949507,28.7,74.3,74.0,82.0,82.0,83.0,82.0,9.6,19.124369,2.522679,35281210700.0,4234.1807,0.478,106.00118,104765.93837767551,46050.74610473119,2084.141613686003,360.0507787,76.40182868170001,184389.57165617304,273.7366738,4710.060072,1056.616127,17047.31526040881,25.90269913651352,33.500397902880486,19.24039051784464,72.8665603,1350.203974485882,73.5168378,,,46.03702674,457.64074937229367
CIV,Cote d'Ivoire,2013,3975866,28.0,74.3,70.0,75.0,75.0,74.0,75.0,9.27,19.016134,2.4945683,39077544167.0,4597.1865,0.487,105.33564,75927.25152,33284.40581391129,2044.184942128536,343.9032058,76.23566178,175087.1759,270.4021399,4693.041888,1022.174863,16870.25049231429,26.164350925103463,34.30312085129482,19.32683438621437,72.14750877710844,1240.8506731315647,76.86646425,,5.492613232,48.3541948,369.9868334824062
CIV,Cote d'Ivoire,2014,4049994,27.2,74.3,59.0,73.0,73.0,71.0,73.0,8.92,18.89289,2.4558845,42739891584.0,4907.5747,0.511,103.08845,66746.55787141892,23452.25213913079,1986.185042722568,332.1897772,76.03560722,164932.54130909147,267.4816171,4661.687516,990.9904222,16634.06943202693,25.99955117905317,33.272527763791395,19.70580665823189,75.03022171694546,1595.2733899108066,80.33171052,34.36256651,5.544737791,51.3204623,313.1782994442819
CIV,Cote d'Ivoire,2015,4176530,26.5,74.2,67.0,79.0,79.0,77.0,79.0,8.61,18.763762,2.421087,45815005169.0,5110.8623,0.519,101.84754,62606.87739107321,19308.71385902308,1944.032667,327.7529079,75.81061524,154093.64460646335,264.8558746,4631.035189,964.2766573,16233.410865055812,25.826222927430457,33.62078756452549,18.887371607257908,73.08340616891779,1367.5153843803848,82.10768566,37.98206861,6.574393864,56.58531602,302.30905763627806
CIV,Cote d'Ivoire,2016,4294956,25.6,74.0,73.0,87.0,87.0,81.0,87.0,8.36,18.644709,2.3999288,49101205368.0,5320.8467,0.53,101.84074,63554.32397057427,19757.60195311125,1892.470785185691,342.5539246,75.39969803,140610.02018129107,261.7085312,4601.569433,942.2258877,15453.04542872345,26.356516896448184,34.37218601,19.64131485346545,71.01967849982928,1403.160818,85.26290733,40.58727871,7.174292171,60.07569789,289.0960658645519
CIV,Cote d'Ivoire,2017,4410585,24.6,73.6,70.0,83.0,83.0,82.0,83.0,8.11,18.532923,2.3939466,52739979047.0,5556.114,0.539,101.84398,67076.42319318897,20936.88852180679,1833.6566010364184,377.5303957165201,74.76010908,123946.7184,257.0869262,4556.84327,919.0393271,14309.55709963303,26.42653530544265,34.21489217325418,19.78260426636595,72.46472374007944,1308.471103,86.10269307,43.93379016,7.821129381,63.95978873,277.64231501653757
CIV,Cote d'Ivoire,2018,4504177,23.5,73.0,74.0,83.0,83.0,83.0,83.0,7.85,18.435938,2.3844652,55294253263.0,5670.2,0.545,101.858055,72188.73308339839,22467.27035170363,1774.119283063838,419.16443037733006,74.07507511,106495.90700295748,251.3879117,4524.708541,895.4795958030601,13047.13741700185,25.96022595,33.42571855397291,19.679748317494788,74.35029873856588,1527.6768035943066,86.79672322,46.39471286,,65.17300126,279.84327515902964
CIV,Cote d'Ivoire,2019,4540865,22.6,72.2,71.0,79.0,79.0,79.0,79.0,7.59,18.353916,2.356016,59010785540.0,5894.879,0.552,101.87088,75825.84305897666,23851.97028983661,1703.7423448353427,454.0516623,73.52695033,90642.05797662013,245.404912,4479.764487,868.573274,11913.723997300229,26.06366066892126,33.443789840703474,19.60018693746629,74.80275052517946,1567.649683285836,87.73410871,49.4831224,9.088652732,68.42975255,304.06296560449846
CIV,Cote d'Ivoire,2020,4542887,21.7,,63.0,72.0,72.0,65.0,72.0,7.37,18.28976,2.3250833,59423700880.0,5787.8154,0.553,101.89462,77484.93262098299,24738.84940708939,1662.856766677446,468.7477373,73.29461693713999,78803.05847426315,238.7032945,4431.654281,838.3910617,10968.05287688188,25.92630786630917,33.508695353524594,19.10844776452507,74.57540945951426,1572.4397547102308,87.85447299,51.92656251,9.389327965,70.50364153,311.29355293070233
COD,Democratic Republic of Congo,2000,9424272,46.0,76.6,26.0,,30.0,30.0,,15.92,12.388677,4.0232663,17148631280.0,981.42206,0.391,101.43061,127646.37408957531,54441.54281440064,3315.7376546308683,1419.14975,83.94155119,285938.55128969863,360.8995666,3223.3751070238905,914.7871423,84459.08254538442,24.49730378491853,32.21145167322513,18.31775709646501,73.59447498474377,1449.9666145302594,,,,,992.130328925685
COD,Democratic Republic of Congo,2001,9655208,46.1,75.9,34.0,,30.0,29.0,,15.48,12.335466,3.9171433,16788480352.0,930.85785,0.389,101.39682,127368.35469741753,54853.538418784905,3217.7875195159163,1424.054276,84.02648698,284434.2557805839,363.522589,3195.4878801735804,927.8324708,85545.74434,24.15832193960404,31.562655096513826,18.13687846067726,76.54386643,1480.1068125640106,,,,,964.9696729806352
COD,Democratic Republic of Congo,2002,9914326,46.2,75.2,41.0,,38.0,39.0,,15.02,12.253075,3.7773836,17283365331.0,929.4528,0.392,101.35127,128118.52808542224,55768.19831497376,3144.5874100558926,1437.389412,84.20306035,282648.5095368184,365.7992241,3138.80929,947.1502752,86443.72493381683,24.458808707953136,31.997805596643804,18.234097485037765,75.49955559294285,1461.1081975028544,53.6008606,,,31.64411926,930.7665064692708
COD,Democratic Republic of Congo,2003,10204185,46.1,74.4,48.0,,42.0,45.0,,14.55,12.145025,3.63207,18247400738.0,953.0446,0.398,101.26041,129616.5372122506,56857.42148174065,3038.3462893958963,1451.336457,84.408177,280538.82615991286,367.3413289,3072.0701341518698,967.1547294,87113.63526904829,24.96064424,32.99301467019054,18.591482405662145,73.03683313651334,1326.988802239881,,,,,916.7767893910468
COD,Democratic Republic of Congo,2004,10498209,45.9,73.6,57.0,,54.0,51.0,,14.07,12.02379,3.512837,19476978833.0,987.74695,0.403,101.171394,130014.23559434868,57698.11709062446,2897.6612245969777,1458.136773,84.57774085,278088.8781218138,367.7199946,3025.80292,982.5391972,87517.99861524276,25.01774732302644,32.99658578279372,18.586313330379497,71.81890849457655,1434.6570625940772,,,,,882.8710448825286
COD,Democratic Republic of Congo,2005,10788206,45.7,72.8,61.0,,61.0,59.0,,13.59,11.89685,3.4079428,20671920925.0,1016.6339,0.408,101.12167,130749.89495711031,58059.17276683548,2755.703506661365,1450.1568736317702,84.6485833,275268.3823274221,366.6058605,2973.976874,987.4745962,87616.03412227405,25.41212213443006,33.85460542063807,18.77327235931053,70.58888374533807,1188.368297803315,,,,,859.738225169146
COD,Democratic Republic of Congo,2006,11099655,45.4,72.1,63.0,,62.0,62.0,,13.11,11.774477,3.3003392,21728037858.0,1036.1333,0.413,101.078896,129877.47881590897,56737.578860187146,2631.088715088264,1352.39802,84.54355934651001,271141.8972822148,363.4031358,2928.8193926784297,984.2857269,87262.89279463195,25.43427518222248,34.09979630849075,18.70694619672525,69.19496902323003,1206.022591364712,,,,,840.2532737910572
COD,Democratic Republic of Congo,2007,11441598,45.0,71.3,64.0,65.0,65.0,64.0,,12.65,11.653927,3.200763,23581424221.0,1091.004,0.417,101.03031,124468.34974801943,53268.87422453494,2504.974172,1144.790158,84.27028058,265072.35488357313,358.20863422044005,2899.534533,979.5110326,86421.23732274122,24.595041979354804,32.368699964287295,18.41239332322571,74.73682324008789,1638.3936583548675,74.87542725,23.29892921,2.174220085,38.77326965,812.5134903992584
COD,Democratic Republic of Congo,2008,11814394,44.5,70.5,64.0,68.0,68.0,67.0,,12.19,11.533428,3.1102922,25326856010.0,1136.9468,0.426,100.976295,118587.10733301342,48764.761809891424,2402.628721220948,901.6876862,83.89303471,257467.0604979703,351.6459925,2863.534909,973.3313355,85209.95745644794,23.89483372,30.90013915098164,17.928793390931634,78.08709750522165,1452.932100726885,83.61860657,25.5026207,2.758100033,43.43946838,775.42379503696
COD,Democratic Republic of Congo,2009,12224446,44.0,69.9,65.0,71.0,71.0,69.0,71.0,11.75,11.413559,3.0410013,25470074710.0,1108.5751,0.431,100.94056,110673.13930926636,44014.31896209087,2301.2577410598183,696.9256856,83.47609681,248731.6849056556,344.2479705,2820.035347,965.8161147,83748.94302270592,24.12064421244298,31.26027810254024,18.272061814164967,78.40155846766746,1674.847842660225,84.51512146,26.79319954,2.955709934,46.51247025,726.9812442772356
COD,Democratic Republic of Congo,2010,12661588,43.6,69.3,66.0,60.0,60.0,68.0,60.0,11.35,11.292398,3.0070062,27467694662.0,1158.0143,0.44,100.93612,103123.68130269782,40033.911954585485,2206.316647318686,603.8567908,83.08361947,239267.6122159614,336.6785024,2770.983885,957.4386126,82159.60491508456,24.12370886771892,31.099972670378246,18.41971650237077,79.39890189962227,1506.777672048561,85.26260376,26.99785995,,50.12923813,670.5237309920433
COD,Democratic Republic of Congo,2011,13113915,43.2,68.8,66.0,70.0,70.0,65.0,70.0,10.96,11.171912,2.9876099,29553403849.0,1205.7399,0.447,100.953224,96138.28415639646,36450.22811924201,2126.803672006962,592.7965473,82.61935367752001,227500.2421626301,327.6719737,2697.1900289627497,939.9051107,80092.34868059233,24.3515018,31.990903302113285,18.30497111836165,75.44022954050287,1542.0129050289672,86.53050995,28.71958923,4.649889946,49.8899498,622.8673938139516
COD,Democratic Republic of Congo,2012,13583975,42.9,68.4,69.0,71.0,71.0,69.0,71.0,10.6,11.045199,2.9551227,32115268325.0,1267.2383,0.451,100.97963,88030.88395679074,32558.729317264213,2050.689375438917,584.8893254,82.00462794,212377.82370941143,316.2734912,2641.38582,908.8852479,77325.02192597509,23.662347947827925,30.414765320425204,17.95491971686845,80.28057930921382,1628.9912179292855,91.48648071,28.75097084,5.412199974,54.86975098,589.252540508402
COD,Democratic Republic of Congo,2013,14068340,42.7,68.0,68.0,71.0,71.0,71.0,71.0,10.25,10.91614,2.9147158,35206198726.0,1342.7416,0.456,101.0199,80610.62248,29006.13628,1980.3600104280672,579.4671737962201,81.32953722866999,195077.30441151967,303.9787092,2601.334627,871.2703639,74170.52814566858,23.82515187694021,30.65133178442831,18.00854568,79.56036369,1456.513674895609,94.3216095,29.37793922,3.969010115,57.14643097,559.8163891771092
COD,Democratic Republic of Congo,2014,14556887,42.6,67.7,69.0,73.0,73.0,72.0,73.0,9.9,10.786879,2.8665845,37777053057.0,1392.7584,0.467,101.061714,77025.56341954235,26515.44162800076,1919.060833,575.8375267,80.68376259,176766.06772016018,292.1356629,2568.411674,833.3167341,70940.89985822371,24.03718449685377,30.943600388616805,18.30528890130851,78.91867186843955,1552.8284852271986,98.14955139,31.43996048,,,547.1510314576996
COD,Democratic Republic of Congo,2015,15046553,42.5,67.3,65.0,70.0,70.0,69.0,70.0,9.56,10.660274,2.830385,40179574490.0,1433.2158,0.477,101.105515,78509.91087032118,25700.667887590724,1854.1763023254816,573.2769677,80.15698124,158596.12389549278,281.9330637,2545.09301,800.8628923,67946.72441385305,24.12235510177976,31.064060659333432,18.360959181682144,78.77313459442291,1605.2488225560262,100.8821716,32.74386978,,65.51255798,544.480714450856
COD,Democratic Republic of Congo,2016,15546393,42.5,66.9,63.0,70.0,70.0,66.0,70.0,9.23,10.53882,2.7953224,40337814832.0,1388.8016,0.487,101.162415,81443.86272,26275.53909422205,1772.4291490881706,570.0773742,79.64795498152999,137130.9620602063,273.64112,2526.017338,774.6134419426099,64897.81498156578,24.609099233868708,31.88691059011384,18.456195578530565,76.11870245391596,1414.1243397975456,,,4.213719845,,527.2799020646574
COD,Democratic Republic of Congo,2017,16065807,42.5,66.3,65.0,71.0,71.0,71.0,71.0,8.93,10.428219,2.758978,42048626459.0,1395.7196,0.491,101.20152,85641.19447143147,27527.89453,1696.6192143908363,565.766459,79.04986352,111391.20216646632,266.3448086,2503.591708,750.4935292,61590.24068150949,24.432164257580222,31.486776776613244,18.717587931900702,77.92100585305097,1644.204879262203,,,,,517.154225027193
COD,Democratic Republic of Congo,2018,16598525,42.5,65.6,64.0,71.0,71.0,72.0,71.0,8.63,10.328044,2.7379615,44601688163.0,1431.7285,0.497,101.24977,90848.19850623731,29055.110380983053,1641.0811055522977,561.4002099,78.4445348,86200.34039011209,259.3070508,2471.019389,726.6909102,58459.758832940126,23.71525269,30.484442005135342,18.04635525957023,80.59230333979123,1644.009953740149,107.0020828,,,,488.1421606679293
COD,Democratic Republic of Congo,2019,17131379,42.4,64.9,65.0,73.0,73.0,74.0,73.0,8.35,10.238988,2.7074695,44849398935.0,1394.7646,0.501,101.32245,92317.02980884402,30192.47675965628,1613.972512143262,557.9102895,77.91480729880999,66376.33733554701,251.5744184,2435.844362,700.9118061,55938.13060818864,24.07665164041765,30.85825358135697,18.471528404350284,80.41019155665118,1606.380299523605,,,,,476.2134690548715
COD,Democratic Republic of Congo,2020,17667699,42.5,,62.0,70.0,70.0,72.0,70.0,8.07,10.156995,2.6757417,45197173728.0,1361.028,0.506,101.380066,86848.25291425212,30363.012398522187,1543.921461742741,556.3104866,77.54358374,56739.4186,242.3156426,2403.071593,671.1578421,54159.95635178444,24.19069985377638,31.39705437921276,18.239409481722543,78.77250757933149,1658.3468720498308,111.7948074,,4.748449802,72.92079926,475.7927518363102
DJI,Djibouti,2000,109058,31.8,61.5,50.0,,46.0,46.0,,9.95,,4.119621,,,0.337,103.03736,185.2991186,343.78505,1863.6910553003988,989.0515111,75.4414829,284263.0968597553,324.1915132,3544.311411,1495.262902,37263.10653902634,27.345,37.43333333333333,18.79833333333333,55.01833333333334,219.2,,,0.240940005,,3.021232456314065
DJI,Djibouti,2001,111758,32.1,60.5,49.0,,53.0,49.0,,9.72,,4.06478,,,0.342,103.0364,163.31707814044998,308.3215081,1820.612998118061,987.6719547,75.25990082,279512.90543873043,325.3126481,3539.302413,1482.787143,36062.69135206803,27.00833333333333,36.965,19.13,57.469166666666666,340.84,,,0.546329975,,2.7672966493850044
DJI,Djibouti,2002,114922,32.3,59.4,62.0,,62.0,62.0,,9.48,,3.96955,,,0.349,103.04344,176.6273043,259.8215047,1789.863944440675,981.6460365,74.84089431,274464.9565813573,325.383745,3534.3199746351297,1464.973979,34808.81996986459,27.67083333333333,37.6825,20.34583333333333,56.281666666666666,268.74,,,0.83148998,,2.9906630572727764
DJI,Djibouti,2003,117733,32.3,58.3,66.0,,68.0,68.0,,9.24,,3.8501894,,,0.36,103.04937,1580.5711427253298,289.1809456,1730.059068005046,971.0899765,74.33721944,269389.1233551429,324.7634149,3534.543594,1436.802246,33544.764052857565,26.674166666666668,36.9525,19.34083333333333,62.38333333333333,699.44,,,0.933690012,,17.216285587376184
DJI,Djibouti,2004,119520,32.3,57.2,60.0,,64.0,64.0,,9.0,,3.7097461,,,0.368,103.04235,78.74810242,160.0780821,1734.3243519390633,955.7977859,73.88715854,264691.0868646972,323.9716749,3528.984063,1413.766937,32342.662669632948,27.4975,37.3725,19.52083333333333,56.31583333333333,376.53,,,1.287279963,,1.629969743435307
DJI,Djibouti,2005,120347,32.2,56.2,65.0,,71.0,71.0,,8.77,,3.5776477,,,0.375,103.043045,147.7924295,143.9511003,1673.537578883277,936.1294488,73.64852768232001,260583.5551975164,323.04245569404003,3511.160593,1374.769306,31235.25401,26.786666666666665,36.91,18.945833333333333,61.61333333333334,593.37,,,1.801110029,,2.88519594110789
DJI,Djibouti,2006,120481,31.9,55.4,67.0,,72.0,72.0,,8.53,,3.468446,,,0.385,103.03842,551.7218709,160.7682823,1642.6042900927334,864.3927966418901,73.58622243,257105.45376479632,322.61136326043004,3490.513736,1336.540282,30224.298821283868,26.955,37.115,19.3725,60.3425,609.57,,,1.955610037,,9.09436259537278
DJI,Djibouti,2007,119961,31.4,54.7,74.0,25.0,88.0,88.0,25.0,8.28,,3.4102962,,,0.392,103.0416,70.54413606,124.2360155,1607.7988164016829,724.8363757,73.53872476,254244.6485022345,322.0266291,3465.5685048416103,1324.001,29305.09788324303,27.189166666666665,37.46083333333333,19.63,58.064166666666665,308.69,,,2.19817996,,1.6914872905450733
DJI,Djibouti,2008,118851,30.8,54.0,73.0,88.0,89.0,89.0,89.0,8.03,,3.3930855,,,0.4,103.03056,33.47664697,113.5239867,1573.4952537397392,565.9083409,73.50693615,251478.4409524103,320.5888485,3435.8620773783896,1303.5937518271498,28429.03662878521,26.97,37.42,18.969166666666663,55.45,300.58,,,2.330499887,,0.7961401701318632
DJI,Djibouti,2009,117782,30.1,53.3,84.0,89.0,89.0,89.0,89.0,7.81,,3.3943005,,,0.411,103.039696,422.5321759,129.5180911,1535.582181800962,435.1132934,73.48318965816999,248203.4927062209,318.2193558,3407.897289,1276.392016,27560.900161060283,27.48333333333333,37.94916666666666,20.08333333333333,57.189166666666665,288.45,,,2.971189976,,7.056710124835176
DJI,Djibouti,2010,117015,29.4,52.8,85.0,88.0,88.0,88.0,88.0,7.59,,3.3845613,,,0.421,103.03579,103.4374935,108.519661,1517.1243277495012,380.2957791,73.44891537,244085.6601361069,314.9315119,3369.454795,1245.162764,26690.53630128993,26.91333333333333,36.74666666666667,19.448333333333338,60.6,517.97,,,2.941509962,,2.272852014603202
DJI,Djibouti,2011,116399,28.6,52.4,84.0,87.0,87.0,87.0,87.0,7.36,,3.3594296,,,0.432,103.0463,3.365425316,166.7296657,1449.8145892202358,380.9075506,73.26841639,238711.8501491965,311.33308143023004,3312.593679,1205.365415,25487.46535013114,27.718333333333337,38.205000000000005,19.735833333333336,53.903333333333336,172.33,,,4.142119884,,0.0685915116305926
DJI,Djibouti,2012,115939,27.8,52.1,83.0,81.0,81.0,81.0,81.0,7.14,,3.3336816,,,0.442,103.05848,1.798097944,341.6799041,1398.8099237874258,383.7836369,72.87765902,232188.4973760472,308.246796,3281.856816493741,1168.146425,23858.78054,27.371666666666663,37.74666666666666,20.169166666666666,56.52583333333333,194.16,,,,,0.0319605419149394
DJI,Djibouti,2013,115641,27.2,52.0,80.0,82.0,82.0,82.0,82.0,6.93,,3.312886,2107658964.0,4469.074,0.45,103.04586,131.802697,610.2267779,1352.1346057685691,387.5575191,72.39266222703999,224558.0625425936,305.2028764,3239.329809,1127.972567,22092.76275464646,27.14916666666667,37.19416666666667,19.9325,59.37083333333334,467.76,,,,,1.7971563924883005
DJI,Djibouti,2014,115443,26.5,51.9,71.0,78.0,78.0,78.0,78.0,6.72,,3.2751226,2259262606.0,4705.0493,0.459,103.06567,1892.973341,1034.10053,1296.3928848557332,390.7813753,71.92660742,215871.8623755905,302.16524773602004,3209.652467,1089.174084,20474.184571665697,27.253333333333337,37.2225,20.58,58.3225,348.72,,,,,11.655389904929256
DJI,Djibouti,2015,115211,25.9,51.9,74.0,84.0,84.0,84.0,84.0,6.51,,3.2225237,2424391785.0,4961.868,0.469,103.074776,1817.262922,1386.690661,1265.2925694717044,392.1345177,71.58883647,206282.18157372813,299.206075,3179.888565,1058.055775,19284.69193477297,27.977500000000003,38.384166666666665,20.1325,55.045,206.53,,,,,9.988908351186126
DJI,Djibouti,2016,114954,25.1,52.0,75.0,68.0,68.0,68.0,68.0,6.33,,3.1545212,2597091693.0,5226.5005,0.477,103.06991,2772.067517,2106.706318,1219.524211,391.6773471,71.18540154,191885.3583534208,295.4042845,3147.449784,1027.931922,18400.23562300134,27.72666666666667,37.40833333333333,20.0175,57.196666666666665,302.53000000000003,,,,,12.88593595238332
DJI,Djibouti,2017,114757,24.2,52.0,81.0,76.0,76.0,76.0,76.0,6.13,,3.0775468,2738843335.0,5421.9565,0.484,103.07395,2626.238572,3153.916674,1188.3116926370592,390.2637128,70.55559731711999,171904.0647081201,290.9911541,3123.496527,1005.525777,17565.97324503012,27.8175,37.74333333333333,20.136666666666667,55.098333333333336,256.25,,,,,9.674394974929166
DJI,Djibouti,2018,114611,23.4,52.0,86.0,84.0,84.0,84.0,84.0,5.94,,3.0282736,2869605010.0,5590.5044,0.492,103.05478,5238.566956726269,4442.465165,1136.352458,387.7947656,69.88309984,150753.7568180473,286.3391994,3084.508938,982.8240018,16836.53954269182,27.75583333333333,37.84,19.53333333333333,54.80916666666667,163.21,,,,,18.810984564578938
DJI,Djibouti,2019,114448,22.5,52.0,83.0,85.0,85.0,85.0,85.0,5.75,,3.002182,3028726927.0,5809.3047,0.497,103.06759,14606.43925010732,5895.196134,1102.0974735668829,384.0665344,69.35502938,132780.84975076662,281.8825244,3051.214554,953.6372299,16260.60642145702,27.59,37.49583333333333,20.12333333333333,59.02666666666666,589.84,,,,,14.95802349761172
DJI,Djibouti,2020,114335,21.8,,62.0,70.0,70.0,70.0,70.0,5.56,,2.985042,3065135713.0,5791.4775,0.499,103.08788,24168.17241268741,6823.022228040811,1072.491376808286,378.9941963,69.14811146,122552.0228425776,278.13090809435005,3011.4959951578603,920.2088613,16675.97215438318,27.632500000000004,37.79083333333333,20.1525,57.60333333333333,254.41,,,,,19.38638020008873
EGY,Egypt,2000,9281050,25.9,39.6,98.0,98.0,98.0,98.0,,4.66,,1.6761822,179683000000.0,9981.628,0.639,105.53899,0.0,0.0,982.2198249557276,126.5611663,95.38577508,233693.8245690272,131.768717,4549.485029,649.9114962,14911.516511696598,21.52394744009232,34.108923981834366,11.301721624687552,41.22214592291496,21.240811153834493,86.2962265,75.25166321,,84.55609894,0.0
EGY,Egypt,2001,9436130,25.8,39.6,97.0,99.0,99.0,99.0,,4.39,,1.6170495,186035000000.0,10117.333,0.642,105.3595,0.0,0.0,924.2959243962408,116.5487616,95.27663723,225358.1473797881,126.3049781,4413.8743,647.7103569534299,14240.79272,22.259836115829696,35.11448636,11.885970487943249,39.79502565511927,12.62680325673412,86.31743622,77.10417938,24.70112038,82.64885712,0.0
EGY,Egypt,2002,9593140,25.7,39.8,97.0,97.0,97.0,97.0,,4.15,,1.5611187,190482000000.0,10143.506,0.643,104.96569,0.0,0.0,870.2111045497755,103.1493931,95.17902734,214324.7426756917,120.9882423,4324.41414,641.8861464513101,13509.11251111712,22.37939633236857,35.878344314154184,11.806056070996172,40.204795133518616,18.41713139511842,87.11283112,,26.07164955,83.1713562,0.0
EGY,Egypt,2003,9733506,25.5,40.0,98.0,98.0,98.0,98.0,,3.94,,1.5053191,196565000000.0,10250.377,0.643,104.471085,0.0,0.0,813.7809633723402,89.31901794,95.07548189,202883.84481741808,116.4919622,4262.433464,634.3295302159299,12836.57189624817,22.308194666461787,36.08879565581115,11.881480310238642,39.04538849632066,13.830102712786472,87.80574799,76.39585876,24.23863983,82.30709839,0.0
EGY,Egypt,2004,9863932,25.4,40.1,97.0,97.0,97.0,97.0,,3.75,,1.4577372,204609000000.0,10451.821,0.645,104.193886,0.0,0.0,751.4118653468948,78.00607023,94.94872733,193298.83367452343,113.6822945,4254.06973,626.6298708,12342.65609734878,22.31167222357144,36.179099713783735,11.620523878568283,38.58078974792153,16.28552304512988,88.28559113,75.93717194,24.41024017,83.84207153,0.0
EGY,Egypt,2005,10011823,25.3,40.2,98.0,98.0,98.0,98.0,,3.57,,1.4107107,213758000000.0,10700.609,0.648,104.265434,0.0,0.0,690.0875340051275,72.14173157,94.78183163,187808.77977521985,112.9226464,4285.606935,619.5581869113801,12145.87559144657,22.268770037310805,36.35355815973672,11.468395403636231,39.34000667030957,11.400288744610162,86.8842926,,25.9733696,83.26994324,0.0
EGY,Egypt,2006,10178457,25.4,40.0,98.0,98.0,98.0,98.0,,3.41,,1.3567941,228387000000.0,11211.832,0.651,104.522385,0.0,0.0,652.0864975833156,70.10807108,94.45367461,185850.8724507253,114.7277525,4302.278929,620.5100398,12355.72978438453,22.149389938884685,35.24926853426444,11.652386127235864,39.409835381564655,15.754287787737878,87.90164948,,26.5457592,81.30081177,0.0
EGY,Egypt,2007,10364145,25.4,39.7,97.0,98.0,98.0,98.0,,3.27,,1.3123698,244575000000.0,11782.006,0.658,104.81333,0.0,0.0,626.5153546332074,68.37417486,93.91741363,185095.87326624728,118.6700032,4322.289700484061,629.979017,12876.859930190907,22.25580996741968,35.48523211781777,12.108323621866887,39.09313162345762,15.213892223818917,88.67500305,,24.91584015,84.69589233,0.0
EGY,Egypt,2008,10578831,25.5,39.1,92.0,97.0,97.0,97.0,,3.12,,1.2674319,262078000000.0,12391.585,0.665,105.05758,0.0,0.0,600.3577431582349,67.01111086,93.26755136,185072.88478667568,123.374106,4300.091624,644.4633435,13522.439995237552,22.523208289509792,35.40392167972107,11.974216519340183,38.71876115540939,22.079577440560573,,,27.68881989,,0.0
EGY,Egypt,2009,10828598,25.6,38.4,95.0,97.0,97.0,97.0,,2.99,,1.2184299,274326000000.0,12728.081,0.671,105.25899,0.0,0.0,568.4079105075317,66.08913778,92.60646256,185002.2890089412,127.0656654,4286.511349,658.5174767,14086.725615345613,22.302981571304446,35.506777350885564,12.13500859048246,37.21860645259154,9.923566443506004,89.52780151,63.26903152,27.69976997,85.69703674,0.0
EGY,Egypt,2010,11114971,25.4,37.7,96.0,97.0,97.0,97.0,,2.86,,1.1735452,288446000000.0,13128.988,0.677,105.267624,0.0,0.0,537.2481880963827,65.70835095,92.04906328,183815.33800441443,127.6087298,4241.959493830011,659.7342334,14327.81396819662,23.725760300476704,37.53415923868904,12.670267139022384,36.39605142582425,9.470952545808984,89.28891913,64.12328339,28.78173356,86.3353662,0.0
EGY,Egypt,2011,11428139,24.7,36.9,96.0,96.0,96.0,96.0,,2.74,,1.1299517,293536000000.0,13082.427,0.68,105.10543,0.0,0.0,505.3471917935582,66.45284465,91.56798137,179272.03644758512,124.3822725,4160.34468,639.1490849,14069.65956447063,21.69585722817777,34.586821027091894,11.695770891650524,40.793704449172346,20.99806284977231,84.94116173,72.40071869,24.42103999,,0.0
EGY,Egypt,2012,11774230,23.5,36.2,93.0,93.0,93.0,93.0,,2.62,,1.086714,300071000000.0,13076.806,0.689,104.90882,0.0,0.0,478.1402604229045,68.32965908,91.08286777,170708.17463899343,118.3700841,4060.747,602.1122116,13426.16001432941,22.262725204624378,35.08043946100794,12.000407602722428,38.78835578,16.347814777826084,90.59180965,72.63500977,24.85900412,,0.0
EGY,Egypt,2013,12169536,22.0,35.5,96.0,97.0,97.0,97.0,,2.52,,1.0518253,306629000000.0,13058.075,0.695,104.7542,0.0,0.0,447.60174198913256,70.59202650568001,90.62597078,159567.8220174871,110.9917401,3910.8261,559.1994189,12588.076751656949,22.25261926968941,36.05000482638686,12.054912552139934,38.607600449530615,17.448122534464535,90.44059159,73.21822368,26.89134275,88.85181364,0.0
EGY,Egypt,2014,12576167,20.5,34.9,93.0,94.0,94.0,94.0,94.0,2.41,,1.0222508,315570000000.0,13136.365,0.699,104.72454,0.0,0.0,427.5713354653352,72.51277941,90.22580522,147342.89312602495,103.6253646,3781.078915,517.3723163155801,11742.34257218605,22.589158638777395,35.925492521298935,12.424169163391376,39.441583857013626,15.09442501460042,87.80121129,73.20014484,27.67235891,,0.0
EGY,Egypt,2015,12945811,19.2,34.1,92.0,93.0,93.0,93.0,93.0,2.33,,0.9983275,329367000000.0,13425.912,0.706,104.71523,0.0,0.0,416.3321373,73.36273339422999,89.91417363,135395.47879010104,97.76974069,3678.112989,482.92782,11054.35872029915,22.408053770087264,35.609835897241595,12.07637006927166,40.18626065474931,30.73403004902866,,,32.4670105,,0.0
EGY,Egypt,2016,13226064,18.1,33.5,95.0,95.0,95.0,95.0,95.0,2.24,,0.97679967,343683000000.0,13727.32,0.713,104.711235,0.0,0.0,397.21917768734784,73.06688087,89.62620526,121710.74849390311,93.25112453,3613.281236,457.2152511449101,10497.11551082795,22.66923106508113,35.45387266,12.278750733478708,40.35500950802624,49.81644188288841,89.04810825,74.78826194,32.4108696,84.12440904,0.0
EGY,Egypt,2017,13376926,17.1,33.0,94.0,94.0,94.0,94.0,94.0,2.16,,0.95262057,358053000000.0,14018.36,0.72,104.77223,0.0,0.0,381.4137931573614,72.1268996,89.30591187,105344.65323634863,89.3238313,3577.6226078328496,437.1066509,9943.175625,22.178259713881047,35.18366306848776,12.066751097088904,40.74937740623541,33.08533933693626,89.77441479,75.30948216,32.53991812,83.38968611,0.0
EGY,Egypt,2018,13314987,16.1,32.5,94.0,95.0,95.0,95.0,95.0,2.08,,0.9316453,377141000000.0,14488.209,0.728,104.86522,0.0,0.0,367.8735940394984,70.68379285,89.0038073,89090.83409651168,86.35337742,3546.000215,419.2447061,9393.693928,23.288940374825497,35.89863513576951,12.93549052603822,39.93681423008658,34.53688279869832,92.35663821,75.90671036,37.0107193,86.72889241,0.0
EGY,Egypt,2019,13030674,15.2,32.2,95.0,95.0,95.0,95.0,95.0,2.01,,0.9098452,398081000000.0,15026.568,0.736,104.96002,0.0,0.0,356.9179228092584,68.87853465911999,88.77290252,75736.01371458283,84.99313772,3533.454149,401.5059752,8850.035107,22.602465309881453,35.509059795469945,11.95004321481496,39.02128035178436,26.220402529146224,94.09754605,76.91129861,34.24842302,88.88796915,0.0
EGY,Egypt,2020,12663667,14.4,,94.0,94.0,94.0,95.0,94.0,1.94,,0.8882571,412213000000.0,15309.236,0.736,105.0365,0.0,0.0,349.8405237324139,66.83303389155999,88.66192249,68184.88165938231,85.38709484206001,3528.225402,383.2824736,8026.824773,22.38739314423657,35.21714415303736,12.304911764884322,43.002050730298826,81.23297583547514,95.55074747,78.41189105,38.47380066,92.14277125,0.0
GNQ,Equatorial Guinea,2000,118412,38.3,77.7,50.0,,35.0,41.0,,15.59,,2.3328152,2699948863.0,11767.471,0.508,102.77273,86602.08087151083,27208.31051,2629.563551166328,691.3323364,72.55682004,314816.79761129746,276.6277178,3715.6870225083503,998.781638,36014.10273442728,24.68584968131785,27.796060285736967,22.53354350921941,87.00834498098301,2277.684439055442,73.60958862,13.40114021,1.151950002,31.66526985,698.1536342620132
GNQ,Equatorial Guinea,2001,123230,37.1,76.8,50.0,,37.0,43.0,,15.15,,2.3547993,4411173089.0,18031.965,0.521,104.238266,84747.72698814425,27398.70903,2417.7099761736526,665.8667113,71.94422466,309232.4231318499,261.4064435,3625.689973,990.6827566,30914.29919547155,24.555830448063304,27.67111029219878,22.33071344548297,87.18745053,2455.0113641165126,80.94946289,,,,663.4864925353984
GNQ,Equatorial Guinea,2002,128607,36.1,75.9,49.0,,39.0,45.0,,14.7,,2.3460305,5269712387.0,20242.432,0.536,105.29769,84202.13709792407,28037.07836674989,2249.806890901817,637.5012183,71.33355684,302413.3380323765,246.2836153,3588.912683,979.4881805,25768.83783,24.951096400951258,28.07242723446882,22.84352598558749,87.27689158973897,2365.33199,76.51378632,13.61108971,,,630.8765938516191
GNQ,Equatorial Guinea,2003,134785,35.2,75.0,48.0,,41.0,47.0,,14.25,,2.2957447,6005113941.0,21709.574,0.541,106.00985,85813.53138709499,28922.51581475111,2111.650540007079,610.2694193,70.74879493974001,294526.43987969577,232.0684081,3578.654978,966.5663928,21002.17764585454,25.06028144606115,28.05720530436349,22.85768068489577,87.51890851477748,2191.511725911392,70.50074768,,,22.1085701,608.5056876500133
GNQ,Equatorial Guinea,2004,142138,34.2,74.1,48.0,,43.0,49.0,,13.78,,2.2516394,8286980786.0,28225.986,0.552,106.15261,90488.49864859984,29863.40269554043,1989.960748410209,588.2362116,70.21275168,285749.596,219.6719687,3555.483076,953.2050564,17038.916690065987,24.959165063613607,28.032752169337368,22.855958455493752,87.66121746444901,2487.463292638478,,,,,571.4704319974844
GNQ,Equatorial Guinea,2005,150181,33.2,73.1,47.0,,44.0,51.0,,13.32,,2.1974418,9674942387.0,31302.957,0.566,103.944534,94538.70055809656,30402.538323832017,1923.9145359083668,575.4468161393901,69.74832068,276266.80847492785,209.8783602,3566.0575407704705,939.9871584,14301.67948776535,25.041393981857784,28.024740779032992,22.77324293647328,87.21006945398288,2071.750565413716,67.31150818,15.32684994,,31.22339058,540.9291200911415
GNQ,Equatorial Guinea,2006,158465,32.3,72.2,47.0,,46.0,53.0,,12.86,,2.141213,10420388726.0,32251.768,0.591,101.968636,96053.87785,29908.57903894754,1799.500783076945,569.8251884,69.34925909,264896.4613038425,201.5812746,3557.954307,926.9656392,12471.32211920902,24.92390252997092,27.93821472882733,22.84819592185105,87.58359095237466,2323.1223731705354,,,,,511.5844418009072
GNQ,Equatorial Guinea,2007,167007,31.3,71.2,46.0,,48.0,55.0,,12.4,,2.0809267,12012844402.0,35540.45,0.603,101.99808,95668.82047251143,28452.385565456727,1711.8907723858522,565.7914221713401,68.98054873521001,251038.6359344145,193.5817975,3558.1458189709897,912.2861139,10930.52352,25.014717484861013,28.07797795,22.81960945779948,86.81796565902651,2887.2131129116447,,,,,496.75091365594534
GNQ,Equatorial Guinea,2008,175337,30.0,70.3,45.0,,50.0,57.0,,11.94,,2.0154195,14151023687.0,39994.617,0.613,102.01439,89033.94751694638,26353.99205522119,1632.6026371893092,562.1185346,68.6210093,235749.18545604867,186.6622058,3545.332109,895.9198388,9653.502694,24.894982582937647,28.00937139397616,22.73874535125887,86.91026467179836,2093.8156776567416,56.83446884,,,30.05664063,477.51857428270336
GNQ,Equatorial Guinea,2009,183005,28.8,69.5,45.0,,52.0,59.0,,11.52,,1.9564396,14341122354.0,38706.605,0.615,102.04021,79438.81572,24383.68487663269,1568.2280126570258,557.5561089,68.24733817625001,220106.4025083778,181.5212342,3542.4970989386898,877.8492596,8615.403533,24.964169765075827,27.99387752730369,22.881003760493343,87.34010792049197,2330.586031629797,56.42248917,,,32.70349884,418.65248146009895
GNQ,Equatorial Guinea,2010,190379,27.5,68.9,44.0,,54.0,61.0,,11.11,,1.9068546,13061295371.0,33668.875,0.612,102.065796,75093.20072239947,23594.29461162132,1502.6301402562226,550.8724827,67.8361812,205193.0185363273,178.7236846,3543.103183,857.4519253,7791.706159,25.085538423430307,28.17000715932659,22.812619138481224,87.23127046275043,2649.498473160307,56.64319992,,,35.48527908,401.6990553346379
GNQ,Equatorial Guinea,2011,197715,26.2,68.3,46.0,,54.0,60.0,,10.71,,1.8747903,13913404306.0,34341.934,0.624,102.09849,76179.25847579235,24330.20726398628,1438.9309661076236,535.6525414,67.35786678,190708.43529501103,178.10512958761998,3529.265118,832.724105,7079.502685923269,24.846096828356902,27.922709856177367,22.61680290137416,86.83439767998772,1988.7078585556103,55.58932114,,,35.13188171,387.02382011147745
GNQ,Equatorial Guinea,2012,204654,24.9,67.9,49.0,,54.0,58.0,,10.34,,1.8538777,15070007775.0,35711.492,0.635,102.12065,83820.20193256298,26243.87380521697,1366.3869438472857,509.1286073,66.80754633,175742.02247876392,178.4773592,3528.213411,803.0575809664001,6408.7803784034695,24.81915437847219,27.817406718997304,22.650731823926208,87.15834028,2585.5694486128814,55.78897858,,,36.95761871,407.7017752898214
GNQ,Equatorial Guinea,2013,211127,23.8,67.5,51.0,,53.0,57.0,,9.99,,1.8448502,14447134439.0,32894.37,0.644,102.123055,91751.85004,28422.44823569025,1305.289614535588,475.618898,66.19881106,160458.79178152193,179.15941326629002,3515.5024237953803,771.7039007,5804.246671,24.77751121911664,28.01331912237709,22.56154720622197,87.04674466876268,2297.263087551406,,,,,392.7408986166018
GNQ,Equatorial Guinea,2014,217097,22.9,67.2,53.0,53.0,53.0,55.0,53.0,9.66,,1.8427391,14507099626.0,31765.9,0.652,102.124344,93356.68801029465,29948.42153202454,1253.113680286402,439.4062101,65.54554392,145008.1787527297,179.4420918,3507.167264,741.5456545864699,5290.022032,24.864708936747885,27.974642475731983,22.651778539251733,87.08266903950086,2191.8178589885256,,,,,378.93889693692273
GNQ,Equatorial Guinea,2015,222535,22.1,66.8,50.0,40.0,40.0,37.0,40.0,9.33,,1.8396275,13185496881.0,27797.795,0.656,102.13751,94111.18192265466,30591.53988913404,1217.7762452568213,404.7724286,64.86146032,129527.55442360576,178.7436572,3498.9461951349604,715.7898679941001,4889.647778,24.939972325201893,28.091593473729827,22.70873894017402,86.81735767504375,2313.802804238952,47.47090912,,,34.06787109,365.779755633201
GNQ,Equatorial Guinea,2016,227447,21.3,66.3,53.0,53.0,53.0,55.0,53.0,8.99,,1.8266019,12023008461.0,24435.064,0.659,102.16128,88845.34273793465,29572.96238950769,1189.4033928342644,367.6537571,63.88297618,111435.69313920428,177.11690930014998,3462.100274,695.7638944,4555.751694,25.360268623891457,28.488727507918245,23.237987668726745,86.94676635988158,2541.809138255496,,,,,344.69989665083796
GNQ,Equatorial Guinea,2017,231944,20.4,65.7,52.0,56.0,56.0,58.0,56.0,8.7,,1.8157003,11341603434.0,22250.44,0.661,102.16595,82052.59490400412,27438.42398862456,1152.948847228232,324.9245624,62.55353932,90616.02283,175.1937605,3433.324802,678.7826094,4242.051763,25.129175321349365,28.11768164740404,23.06320874402076,87.17482273434949,2348.1460532752885,,,,,339.9514295111627
GNQ,Equatorial Guinea,2018,236157,19.5,65.0,52.0,59.0,59.0,60.0,59.0,8.42,,1.8127548,10634279338.0,20165.48,0.663,102.16756,74301.11100982013,24845.41649968742,1116.626719645369,282.2387353,61.19815972,70888.27066939663,173.3896306,3398.829116,662.23798,3973.1740247912303,25.13110580387569,28.34578706695285,22.814041222542773,86.82824026659715,2057.366914965678,,,,,313.06656488293294
GNQ,Equatorial Guinea,2019,240153,18.7,64.3,51.0,62.0,62.0,63.0,62.0,8.17,,1.8134263,10051326714.0,18446.592,0.667,102.17296,68732.04072936908,22596.105234625647,1081.907167625243,245.1988619,60.14314146,56068.06068068927,172.0732806,3359.24382,643.6209409,3773.673091,25.482534726427748,28.977059879870698,22.94560873109712,84.80049418750853,1302.8807831673787,,,,,301.67032454974355
GNQ,Equatorial Guinea,2020,243737,18.0,,50.0,64.0,64.0,65.0,64.0,7.88,,1.8093102,9569759527.0,17089.154,0.668,102.2008,69164.99730390024,21530.08041599741,1076.0132939263176,219.3856123,59.71601938,49967.60935336102,171.6786189,3345.691102,619.3258076,3654.6319039227496,25.51035025837185,29.07378210927272,23.10821516,84.59510429,1936.528348098685,,,,,339.77001662894156
ERI,Eritrea,2000,397654,43.4,59.5,76.0,,81.0,83.0,,8.53,15.993257,2.3171022,1899038769.0,,,102.20732,680.5622378,750.5179645,1997.665935,959.0567463,79.31952026884001,279155.8808,393.1501076,4069.355184667381,1250.036616,34807.04366069086,27.720610333667675,37.81604914699384,19.419867110407463,49.05769215986289,160.84331845169245,85.71954346,37.13475037,0.564800024,54.91133118,4.240019736645355
ERI,Eritrea,2001,398880,43.5,58.1,84.0,,86.0,90.0,,8.11,15.942703,2.216243,2065307884.0,,,102.22195,1915.159176,787.0222860687601,1904.786166844444,859.2837288,79.06461050106999,276224.0349194675,391.3961529,4096.172634,1241.817461,33084.62081228696,28.00187678737794,38.04869853,19.56922593,47.482829690513945,188.5005694341332,85.14569855,38.00597,0.711679995,56.61679077,12.932087219896584
ERI,Eritrea,2002,399574,44.0,56.8,83.0,86.0,90.0,93.0,,7.73,15.896439,2.1501207,2127379250.0,,,102.23857,287.0935429,620.0727693179799,1842.470489924644,641.2425986,78.79902869,273811.4468653219,390.79444646457006,4147.693129,1232.518723,31165.053708647923,28.451823488265813,39.07841803388694,19.555417278695607,44.83486300606541,166.6902971568858,89.90119171,36.53665161,0.674049973,51.00172043,3.2004014315234293
ERI,Eritrea,2003,405518,44.7,55.7,92.0,91.0,93.0,95.0,,7.38,15.837287,2.1161463,2070886355.0,,,102.25189,401.1324451,543.1752774,1782.765980418646,385.5927867,78.55617878,271459.5638385173,390.7529502,4194.651545,1214.526799,29306.36196085763,28.13031729226044,38.37967043669393,19.67296659,47.52857563979791,175.24366472265493,95.76043701,37.10610962,,54.75450897,4.255639945924943
ERI,Eritrea,2004,415806,45.7,54.7,96.0,84.0,98.0,99.0,,7.05,15.779346,2.0842245,2100950149.0,,,102.279594,104.86295,458.0373869,1743.605872312684,172.8443455,78.34711838,268925.0059490217,390.5729622,4208.753541,1210.415095,27809.04321667354,28.284297092919136,38.83997056681518,19.100289292419458,44.85622519129718,146.75824846667902,94.41174316,34.21017838,0.512399971,58.19755936,1.5338073123007585
ERI,Eritrea,2005,426696,46.8,53.8,95.0,96.0,96.0,96.0,,6.75,15.712938,2.0469532,2155038051.0,,0.474,102.327156,200.4793181,438.1650886,1699.7146384854043,84.02461189,78.22554592568001,265553.67604130093,390.1093557,4201.993678,1185.972625,26926.90790500344,27.71634199968432,38.21825265157375,18.98139074,48.30409749522929,253.22372893447573,92.2249527,38.35575104,,74.01119995,2.7114332431903487
ERI,Eritrea,2006,436844,48.0,53.0,94.0,94.0,94.0,94.0,,6.46,15.645037,2.001742,2134151053.0,,0.473,102.36766,106.9051703,481.4781407805101,1657.4192392234197,86.94651983,78.18486687,260399.1587343113,390.2343571,4192.917996,1144.815079,26624.98840388868,27.531824875831777,37.78738850314426,19.24594911612788,50.594717793592935,390.8024395644794,86.60214996,39.93470001,,66.50282288,1.772122973976757
ERI,Eritrea,2007,444880,49.0,52.1,92.0,95.0,95.0,95.0,,6.19,15.576955,1.9552057,2164601595.0,,0.472,102.38111,237.792907,597.9092358773601,1634.9849043518525,93.77727267,78.14654871,253824.41330401108,390.2049921,4165.958405,1129.553927,26623.53097683781,27.058909571115056,37.07218563921423,18.735889498497365,52.430333939488655,427.4952123737635,79.06768799,41.53992844,,65.97792816,2.477007593445173
ERI,Eritrea,2008,451954,50.1,51.3,91.0,95.0,95.0,95.0,95.0,5.94,15.521644,1.9109018,1952837971.0,,0.457,102.37674,123.070575,719.5907103993101,1632.6713065299991,102.0070132,78.11439341,246254.7717676613,390.1893717,4132.652172,1112.161456,26751.90759463605,27.76594598364518,38.055060358548026,19.407386076519423,47.09188989005242,217.9045184580828,73.12805939,42.73608017,,59.63211823,1.5329262573826503
ERI,Eritrea,2009,457316,50.8,50.6,93.0,95.0,95.0,95.0,95.0,5.71,15.4765415,1.8686968,2028539764.0,,0.462,102.39452,173.46871066562002,829.3130443,1627.5809333343605,108.9406029,78.08316148,237958.34807942028,390.7226301,4089.187957,1100.375457,26822.233346455632,28.22047703335375,38.42819288168208,19.581676155072017,45.92987820048439,218.93934716465128,70.48928833,43.07038879,1.796630025,64.42350006,1.5370551966208366
ERI,Eritrea,2010,460182,51.3,49.9,95.0,95.0,95.0,95.0,95.0,5.5,15.441084,1.8211665,2073049788.0,,0.465,102.4208,573.4687293,897.1954613,1605.7069671508991,111.8846528,78.05765838,229161.1523973049,390.2432096,4056.98676,1081.889145,26632.67467669498,27.69725387100025,37.79307011694683,19.27751875513941,49.03245964373201,327.5640287449416,66.91835022,44.53704071,2.381550074,56.06351089,5.012768440182408
ERI,Eritrea,2011,462203,51.4,49.4,96.0,94.0,94.0,94.0,94.0,5.31,15.411772,1.7821316,2252986366.0,,0.48,102.451836,837.4812018,895.3785965,1560.5813705648502,109.7781541,78.06807099576001,218955.2900426236,387.1164319,4004.8966254296497,1054.757999,25808.180393319468,27.863935228285584,38.41153918735063,18.93917864,46.63883349789808,170.65169510959475,71.33789063,45.42272949,,55.32677841,6.277903335411522
ERI,Eritrea,2012,463452,51.5,49.0,98.0,94.0,94.0,94.0,94.0,5.12,15.383484,1.7510078,,,0.483,102.48743,496.0489364,833.4755448994899,1522.6344424924168,104.4573594,78.10586681,206904.8944,381.2676863,3957.9466148306096,1025.380843,24389.11028737831,28.02840853470412,38.22654238,19.580258438613573,47.00193658305878,129.05331508726425,74.57633209,46.28577042,,52.20151138,3.211951433238047
ERI,Eritrea,2013,464494,51.7,48.8,94.0,94.0,94.0,94.0,94.0,4.94,15.361665,1.7253275,,,0.479,102.50172,273.1476439,768.1941070223701,1493.1263065546846,97.51530286,78.13518529099001,193603.6474201506,374.0696319,3908.441463,993.0037204,22744.99638517263,27.869619880504228,38.02494289720963,19.47200669775781,47.96394062085355,257.2760112143017,93.60340881,45.1413002,,52.04470825,2.041715581908919
ERI,Eritrea,2014,463114,51.5,48.7,90.0,94.0,94.0,94.0,94.0,4.78,15.330144,1.7049202,,,0.497,102.507515,686.1839964,744.0083343771801,1434.2131407426436,90.51409012,78.11186140794999,179757.71986891248,367.0119624,3848.87778,965.2502487,21253.05827901686,27.29201177675935,37.24989190039094,19.038650645652258,51.57866429433565,469.5080417134355,75.6281662,45.03377914,2.719909906,,4.4256552822731985
ERI,Eritrea,2015,459387,51.5,48.6,97.0,95.0,95.0,95.0,95.0,4.61,15.299359,1.6836643,,,0.48,102.50411,377.794384,697.1941774,1411.7939836004095,85.00553255,78.001667,165926.58738634273,360.3841691,3809.6300914192298,936.5189201,20277.26784462221,28.039915739340227,38.25893974930736,19.500146813033822,49.18561418351197,342.8732142856985,75.17188263,41.94557953,2.758749962,56.74322128,2.5191204786401076
ERI,Eritrea,2016,455027,51.2,48.7,95.0,95.0,95.0,95.0,95.0,4.46,15.269902,1.6591626,,,0.485,102.50685,511.2194541,723.0298607081401,1376.2992122829626,80.36962159,77.67558235,149674.06920577493,354.5018273,3757.745556730361,912.6909019,19668.43911800705,27.091546491953945,37.18534240913688,18.945993747608263,53.80173301591452,625.4994917916616,,,2.64425993,,3.5081613809342342
ERI,Eritrea,2017,450700,50.8,48.7,93.0,95.0,95.0,95.0,95.0,4.32,15.242566,1.6344485,,,0.48,102.50814,671.4792453,796.5975677572001,1353.8031007306672,75.45051345,77.13170407,130555.25547411972,348.4643472,3714.523116,893.4748671,19080.33363659188,27.552382445757388,37.56398018862963,19.29057747,49.98760500736369,334.2148898418918,71.36782837,42.02576828,,63.89435959,3.7914808308540633
ERI,Eritrea,2018,447901,50.2,48.8,93.0,95.0,95.0,95.0,95.0,4.17,15.21473,1.6107388,,,0.49,102.52573,528.1214064,870.0009243794601,1321.3224293541475,70.97789359,76.53147108,112043.91991476915,341.8930327,3669.4410727092704,872.5156257177799,18564.573530385987,27.68823423508107,37.664846265392974,19.45584445,49.36021401848634,284.4704371385351,71.66811371,43.44168854,,62.66384888,3.2553542235553956
ERI,Eritrea,2019,446515,49.5,48.8,93.0,95.0,95.0,95.0,95.0,4.03,15.189458,1.587723,,,0.495,102.5477,1378.10813,989.5069301,1288.2864089297332,67.66931834,76.03028084,97706.23614938089,334.8149448,3604.673514,850.9224949,18175.43457475976,27.87090006181737,38.16944361779358,19.59557140617944,50.90303673838974,367.6686583883069,,,,,6.279172187540541
ERI,Eritrea,2020,447142,48.9,,93.0,95.0,95.0,95.0,95.0,3.91,15.160143,1.5691676,,,0.495,102.557655,978.3056905,996.5775258,1262.4581568854203,66.24923011,75.78503039,91076.28435998544,326.7938597,3559.899209,826.3980949,18133.41155572428,26.956161202224767,36.97221466906037,18.40922802826167,53.04646694734794,530.8853797503816,,,,,5.305245878180469
SWZ,Eswatini,2000,149305,35.7,45.8,92.0,83.0,84.0,87.0,,10.91,11.068795,1.6402864,2367182799.0,6106.0747,0.493,102.105934,405.9404715,310.5547407,1730.9386007187816,276.9656118,44.35853944,187232.7870396915,210.2471806,2553.918245,1463.625927,27582.361678297977,21.331666666666667,34.965,12.755833333333332,71.29166666666667,940.97,94.99266052,42.78158188,4.062339783,66.1730423,9.356488557756077
SWZ,Eswatini,2001,149941,35.7,45.7,93.0,86.0,84.0,87.0,,11.26,11.037572,1.624231,2400612484.0,6135.453,0.484,101.89145,231.5578953,268.2680832,1891.3284003300507,257.6405499,44.29333928,179806.9226937234,210.4308656,2538.279602,1474.3925436125398,27120.90921538447,22.260833333333338,37.74,12.758333333333333,64.73166666666667,634.9200000000001,94.93804932,42.94820023,,62.98823166,5.784870620611745
SWZ,Eswatini,2002,150493,35.5,45.7,93.0,88.0,85.0,87.0,,11.43,10.995862,1.6097417,2498765077.0,6335.8135,0.473,101.7388,114.9464131,203.5774638,1915.764631969448,244.3966959,44.16236703,173729.22694820174,210.409016,2519.382145,1492.0720403993898,26760.15111527432,22.243333333333336,37.958333333333336,12.61,62.16583333333333,514.1,93.49788666,43.82901001,4.653719902,66.08735657,3.1386284423858295
SWZ,Eswatini,2003,150683,35.1,45.9,93.0,90.0,85.0,87.0,,11.57,10.944399,1.5844524,2612175410.0,6578.302,0.469,102.016106,47.87699228,134.63739871498998,2001.594976464289,234.7373971,44.00732308,168216.77710844355,209.9151146,2503.036934,1511.131283,26436.93498443974,22.784166666666668,38.45166666666667,12.295833333333334,61.0025,351.51,95.32668304,43.15372849,,64.81713867,1.4053928251704155
SWZ,Eswatini,2004,150751,34.6,46.0,93.0,93.0,86.0,88.0,,11.62,10.879855,1.5640693,2706660911.0,6775.2217,0.467,102.3488,94.93786789,83.89368788,2055.3235479429786,226.1023618,43.87664617,162414.24800509872,208.7248288,2499.719846,1523.764391,26085.59633106669,22.16333333333333,36.704166666666666,12.548333333333332,66.36083333333333,780.9,100.2269897,45.83465958,5.355179787,66.62037659,2.551155744970228
SWZ,Eswatini,2005,150860,34.0,46.2,93.0,95.0,86.0,88.0,,11.55,10.816588,1.5492601,2868851690.0,7142.1924,0.472,102.44553,56.4181308,58.41891401,2063.050526818809,215.9510449,43.81473277,155536.9658406886,206.9323855,2499.663984,1526.582419,25641.78719233493,22.703333333333333,38.09166666666666,13.48,64.46583333333332,603.48,102.4489517,48.83660126,4.662129879,69.85236359,1.574640936374651
SWZ,Eswatini,2006,151325,33.5,45.4,93.0,93.0,87.0,88.0,,10.53,10.765866,1.5368286,3061891254.0,7584.72,0.485,102.32601,41.49444822,56.10175101,2096.151988264314,202.2855638,43.86975303,146835.9783542056,205.1100358,2494.277878,1523.565045,24991.94283180005,21.62,35.735,11.570833333333333,67.28333333333333,894.09,106.6262512,52.95402145,4.264130116,69.1530838,1.249338591031495
SWZ,Eswatini,2007,152399,32.9,45.2,94.0,92.0,87.0,88.0,,10.0,10.731241,1.5219377,3194095189.0,7866.731,0.497,102.31228,70.12202483763001,56.94528406,2162.129153,186.6790365,44.01793023,136699.63644350285,203.5999174,2487.320449,1521.587254,24131.02862071302,22.3675,37.98166666666666,12.215000000000002,61.946666666666665,631.81,108.4167709,53.42393112,,71.74101257,2.065062682044375
SWZ,Eswatini,2008,153373,32.1,45.6,94.0,90.0,88.0,89.0,,9.82,10.708587,1.5084791,3240107842.0,7926.3794,0.507,102.37394,64.37216842,56.06047721,2227.977522,172.0014754,44.19469951,126039.55154713056,202.1511517,2480.050021,1519.648091,23157.92021366945,22.27416666666667,37.6175,12.972500000000002,64.46416666666667,609.94,,,,,1.907577841284664
SWZ,Eswatini,2009,153302,31.2,45.3,94.0,88.0,88.0,89.0,89.0,9.25,10.697628,1.4951605,3286542195.0,7988.5977,0.519,102.35955,70.70629421,55.73989447,2267.535981,161.0757044,44.34010395,115719.8746258239,200.3663253,2469.394181,1514.986794,22170.33646215176,22.13,36.84333333333333,12.574166666666663,65.02666666666666,646.65,111.0640564,57.99818039,,76.1951828,2.0525215975479303
SWZ,Eswatini,2010,152272,30.2,44.1,94.0,89.0,89.0,89.0,89.0,8.18,10.676306,1.4854457,3412233861.0,8245.642,0.534,102.523155,50.188898252840005,53.32994671,1871.661318880493,156.7688883,44.38428865,106691.22242007812,197.948139,2464.867584,1511.672423,21270.14779540751,22.28833333333333,37.09083333333333,12.998333333333331,66.19833333333334,776.9,117.0999163,62.7447319,,83.67021662,1.4198453582735
SWZ,Eswatini,2011,150795,29.0,42.9,87.0,91.0,91.0,85.0,91.0,6.81,10.643366,1.4743932,3475009965.0,8350.892,0.545,102.5185,37.24115474,49.31937932,1530.5003204674472,161.8430619,44.2554781,99126.00161,194.3763631,2444.5965675808498,1498.569218,20426.776534770543,21.736666666666665,36.031666666666666,12.469166666666666,64.53083333333333,662.45,115.6461398,64.79753876,6.869565217,83.39057362,1.069843846119321
SWZ,Eswatini,2012,149077,27.9,42.3,88.0,95.0,95.0,92.0,95.0,6.38,10.598356,1.4637427,3617154618.0,8645.845,0.562,101.94886,33.806844490269995,43.60040382,1495.4293797384837,174.7064224,43.99411586,92201.59120284468,189.7320263,2420.869965,1462.156828,19560.41252412691,21.809166666666663,36.43,12.1275,65.33833333333332,819.45,117.0448701,66.96803284,,83.9608979,1.1020399384635875
SWZ,Eswatini,2013,147368,27.0,42.3,97.0,98.0,98.0,98.0,98.0,6.16,10.549711,1.457849,3765262097.0,8951.058,0.578,101.256744,81.65803326,40.07647143,1465.440686612557,191.7344367,43.68150053,85490.42197380282,184.6049072,2375.116152,1412.587544,18704.11318357322,21.550833333333333,37.240833333333335,12.356666666666667,66.0125,866.55,117.084064,69.7378006,6.395611588,84.65620003,2.515583265053181
SWZ,Eswatini,2014,146159,26.0,42.8,97.0,98.0,98.0,98.0,98.0,6.17,10.50118,1.4556028,3842727914.0,9084.494,0.592,101.26296,30.09376624,31.52342135,1474.6272495521057,209.4963597,43.383329703570006,78612.92581211503,179.9305605,2349.6234664315703,1365.057824,17896.690747766188,22.0575,37.1925,12.199166666666663,63.3725,663.0,117.9973788,73.58332062,,86.95716946,1.0343584962962422
SWZ,Eswatini,2015,145499,25.1,41.9,89.0,90.0,90.0,84.0,90.0,5.86,10.452495,1.453898,3908217914.0,9186.653,0.607,101.90188,23.97180585,27.812155229090003,1470.839961007892,224.5908954,43.16894998,71122.29625016227,176.1577092,2331.017308,1328.489397,17177.04548374772,22.891666666666666,37.594166666666666,13.44,62.7575,528.63,118.3580858,76.70413971,,92.48137277,0.7934692050200199
SWZ,Eswatini,2016,144980,24.1,42.6,89.0,90.0,90.0,90.0,90.0,5.53,10.404651,1.4552258,4023477834.0,9402.509,0.619,102.26085,19.86702386,26.023531088500004,1392.3376563379727,239.3935949,43.00093852,61060.83281870598,173.0416094,2308.9558611094503,1303.054262,16520.37092,22.598333333333333,38.02333333333333,13.2275,64.07000000000001,695.81,117.8020001,82.17365334,,98.0619575,0.7235109934555246
SWZ,Eswatini,2017,144327,23.2,44.2,89.0,90.0,90.0,90.0,90.0,5.43,10.356807,1.4545277,4165142616.0,9660.552,0.631,102.20743,35.90216303,25.72846398,1321.0552371874016,256.4284386,42.81526877,48562.74484807492,170.2917321,2285.995166,1282.327985,15890.90459118377,22.01,36.905,12.536666666666669,66.55083333333333,862.6700000000001,117.7273815,,,101.6023252,1.6000404614800916
SWZ,Eswatini,2018,143587,22.2,43.4,85.0,90.0,90.0,90.0,90.0,5.1,10.303958,1.4537851,4167866438.0,9578.101,0.643,102.15857,55.51424166,25.87511227,1265.933607647835,272.5183123,42.64408806,36298.06413180739,168.0624225,2284.7316235518897,1265.009561,15311.00743649699,22.0775,37.1,12.5525,65.90333333333334,725.0,118.0687408,,,101.6816727,2.044167085647753
SWZ,Eswatini,2019,142813,21.4,42.7,81.0,90.0,90.0,89.0,90.0,5.16,10.255997,1.4405901,4435938143.0,10099.586,0.653,102.192986,19.25119006,22.93351058,1250.1612032447497,284.4331906,42.51911395,26923.69143520044,165.91884607455998,2259.284661,1246.116708,14802.68970637802,22.881666666666664,38.01,13.625833333333333,63.95416666666667,704.42,117.7914945,,,98.76852739,0.5453613942450672
SWZ,Eswatini,2020,142425,20.6,,76.0,83.0,83.0,82.0,83.0,4.98,10.2016115,1.4178237,4304996589.0,9695.825,0.657,102.209946,18.16778377,22.07496554,1203.4374291288389,288.928887,42.47329325,23096.48366506909,163.4927033,2243.1441,1221.929674,14397.01913034157,22.25916666666667,37.73416666666667,12.224166666666669,64.30583333333334,656.35,,,,,0.5522964689065805
ETH,Ethiopia,2000,13102507,56.9,68.5,28.0,,30.0,48.0,,14.04,,4.729281,16684709707.0,810.27075,0.293,104.60896,7266.849221,3253.001482,3247.566189829667,1278.7951362382998,70.57196276,290720.6679461197,633.6804976,4917.202333,1604.732428,59453.83892627234,23.50724298765574,32.79866784121549,15.217149109742415,53.40902243414243,583.5851507493982,41.66830826,11.78155041,0.512589991,15.74376011,99.3347113741078
ETH,Ethiopia,2001,13382533,55.9,66.5,29.0,,32.0,51.0,,13.41,,4.5877786,18069758569.0,851.3134,0.307,104.574814,17363.58845466011,4310.925033,3048.608882339864,1269.971334,70.58566116,287234.1014490829,631.4089943874201,4856.359671,1581.1178,57492.01276672584,23.72694461151777,32.836358887896246,15.522120693707867,54.27821259306626,584.7862139740214,47.15727997,14.05228043,0.638920009,19.32135963,205.8037449777841
ETH,Ethiopia,2002,13660185,54.9,64.4,32.0,,35.0,53.0,,12.77,,4.4376597,18343465847.0,838.29803,0.314,104.57977,17986.6424,5027.245881,2870.015687369851,1259.26512,70.65734745,283305.6649154025,627.0574461,4827.958341,1544.6162313014202,55307.89086388751,24.20054295628481,33.54880979951797,15.848580474880867,52.858120064786426,552.1295593305675,50.16592026,14.99596024,0.901730001,21.73236084,200.2491394147395
ETH,Ethiopia,2003,13932803,53.9,62.4,33.0,,37.0,56.0,,12.14,,4.295058,17946997565.0,795.77216,0.317,104.63509,26053.97868599369,6221.473976072621,2708.979019212248,1244.682995,70.75104724,278953.44860092213,620.2684108,4766.969724,1499.23345,52945.37495621187,24.074852912177235,33.54068656055464,15.580457061087928,53.09180558086231,574.9769550847404,51.77833939,14.52038002,1.22815001,24.32464981,239.4606309492828
ETH,Ethiopia,2004,14199131,52.8,60.4,35.0,,39.0,58.0,,11.5,,4.181747,20382872320.0,877.1145,0.331,104.72188,37379.49010861336,7483.541286,2546.4966770132432,1224.626372,70.82381437,274215.8243653605,611.6206820024901,4686.486757,1449.912528,50447.81450321955,24.050387859711105,33.40392657286112,15.500293243892026,52.77790183631316,541.2717964,56.23321152,15.90849018,1.396010041,27.67425919,300.81197163728615
ETH,Ethiopia,2005,14467407,51.6,58.5,40.0,,43.0,61.0,,10.88,,4.0801163,22791876293.0,952.11566,0.35,104.854614,24922.93392967718,7075.849302,2385.073548407267,1197.682575,70.82478313,269173.95761995285,602.3786949318501,4586.803729,1404.549947,47865.28993466808,23.82009696989025,33.29300450321683,15.241092603387983,53.492196179158725,630.8733873887122,68.31804657,18.1193409,1.457100034,34.00212097,232.3004379390076
ETH,Ethiopia,2006,14723310,50.4,56.9,44.0,,46.0,61.0,,10.29,,4.008148,25261313883.0,1024.7291,0.366,104.95877,21755.107475689987,6950.819555,2248.0254667120075,1127.8319824394798,70.69224160529001,263491.72350050026,589.6018001,4468.503134,1362.887651,44930.21359569315,23.36770546682514,32.24356797482918,15.411405493941407,58.993860294879504,1041.9733034101157,74.28540039,21.54014015,,39.66931915,193.75486111541716
ETH,Ethiopia,2007,14949778,49.0,55.3,49.0,47.0,50.0,63.0,47.0,9.74,,3.9372993,28155292189.0,1109.1433,0.383,104.994995,17848.07072900973,6703.346545,2112.038827728996,1003.022278,70.42652773187001,256911.98842298565,571.7503356,4382.748543,1321.306435,41546.89677550967,23.322341112533497,32.24091845979138,15.277501609187496,57.207247604335045,890.0134329935254,80.86486816,24.61819077,,40.35966873,158.1960067233378
ETH,Ethiopia,2008,15147444,47.5,53.8,54.0,52.0,54.0,65.0,52.0,9.23,,3.8743196,31192831993.0,1193.7473,0.398,105.00326,13414.17272929021,6354.569187,1995.1243541909687,857.6830806745701,70.06757101,249650.0645205213,551.4182053303599,4323.7182268077895,1280.405019,38023.50690710884,23.225900735754543,32.46702156113394,14.901626656294184,54.57537724448118,815.5159508597493,87.20420074,26.68442917,1.706550002,44.27952957,120.14458343346294
ETH,Ethiopia,2009,15295440,46.0,52.6,59.0,56.0,58.0,67.0,56.0,8.76,,3.8423345,33938597623.0,1262.464,0.405,105.00398,19720.72738876726,6588.113575836819,1891.9691077811283,726.0446675,69.65635491,241916.9244370731,531.1764842,4292.4591826880405,1240.92109,34671.20741356513,23.902320376984907,32.95587173432032,15.665582667899011,54.74397439178174,751.9781262383925,87.23358917,27.98707008,3.168499947,48.39936066,150.00420510421145
ETH,Ethiopia,2010,15391117,44.6,51.6,64.0,61.0,61.0,68.0,61.0,8.32,,3.8206587,38198074328.0,1381.1904,0.415,105.02904,24865.61625910229,6757.671307679031,1797.8603976015302,642.037529,69.23232798,233947.77883441423,513.1376406,4256.875688,1205.004096,31804.394607163213,23.31936681,32.061821074292205,15.457406556305884,58.72460501604052,999.7347077,85.30127049,30.16124916,4.242060184,54.26263046,159.05188594669627
ETH,Ethiopia,2011,15464966,43.2,51.0,68.0,65.0,65.0,70.0,65.0,7.91,,3.796174,42467968231.0,1492.5339,0.425,105.04885,21190.33504155054,6275.414729,1722.3132641350471,597.7670513,68.6630243,225551.57761788505,496.4811371,4192.288400563781,1172.94736,29293.301998150266,23.60193605833224,32.919181664118966,15.32348705351771,54.64662669155958,639.4902142,87.18662262,32.43626022,4.467569828,49.45566865,126.51533211068175
ETH,Ethiopia,2012,15521630,42.1,50.6,62.0,62.0,61.0,69.0,62.0,7.53,,3.7741058,46140518129.0,1576.7688,0.433,105.039635,24710.05639452707,5991.638333,1658.326254963234,561.4981255,67.86530404,216320.4134770067,480.2032291,4115.923443,1143.2408454655802,26856.10487210781,23.452591409946905,32.466060237956285,15.351657338218317,55.407550565125206,802.0046033917638,86.90423987,34.51931,4.872610092,49.90524295,138.51552007236933
ETH,Ethiopia,2013,15562190,41.2,50.4,55.0,59.0,59.0,68.0,59.0,7.16,,3.697876,51023232360.0,1696.8651,0.441,105.032104,25299.03480203377,5482.084272,1604.4910530603531,531.0253786374101,66.9575151,206116.60507877584,464.820714,4049.582162,1112.574404,24573.873890567946,23.07457001138268,31.778944459164283,15.36736706614066,59.91086125917631,1073.4376049395485,,,,,140.25061872465938
ETH,Ethiopia,2014,15641419,40.4,50.3,54.0,61.0,61.0,68.0,61.0,6.82,,3.576833,56256936828.0,1821.3916,0.449,104.9726,10857.48653370304,4186.45372,1551.2767427018532,504.0901601,66.05939628,194813.3616981794,450.7940931,3997.930288,1082.020893,22528.83054975339,23.189792549505658,31.98609203,15.493673940137633,59.82895757219447,1041.7339771653074,89.56777525,,3.557341279,50.94614432,79.10805025655785
ETH,Ethiopia,2015,15794798,39.6,50.5,56.0,62.0,62.0,75.0,62.0,6.49,,3.4218073,62103418181.0,1957.4146,0.456,104.84672,9640.58078,3874.62699,1503.4980760241065,478.5409131,65.28426843,182367.87622745705,438.6000626,3950.692709,1054.767441,20811.57021139484,23.68582728033149,32.80911719437737,15.611001099853752,57.17497301013359,917.9116858126292,90.04749594,33.3210266,,50.55449605,79.90578673409028
ETH,Ethiopia,2016,16021380,38.8,50.9,57.0,64.0,64.0,67.0,64.0,6.17,,3.2523208,67961933367.0,2084.8406,0.463,104.77547,6013.581315309731,3505.426672,1447.2474671862003,450.6110212,64.5194583,165798.68384027493,427.661041,3913.0166469533697,1029.697859,19128.60529151357,23.42230385922544,32.31077702784301,15.422645039387028,58.46286894730442,1064.215232558097,,,,,60.731908321499624
ETH,Ethiopia,2017,16332113,38.0,51.2,59.0,65.0,65.0,67.0,65.0,5.89,,3.111946,74461941569.0,2222.8281,0.47,104.7637,4877.7157,3184.6022600416504,1392.3195808811197,420.9214612,63.65021344,144592.56857744776,417.1391956,3858.478105,1006.003898,17292.61982655227,23.54442040534582,32.54648722650801,15.48215268753912,55.76537814980804,951.5302600905436,96.72112776,,,,60.89226754588918
ETH,Ethiopia,2018,16740693,37.2,51.6,54.0,62.0,62.0,65.0,62.0,5.64,,3.0067954,79537377550.0,2311.165,0.476,104.77665,2924.142525,2784.020043,1343.5318667283232,393.9762438,62.78634348,122420.30063610808,406.1284763,3818.562341,982.9705935,15553.13005822286,23.37251908918755,32.339613139744124,15.233272519228665,57.90551845610607,862.3765699081256,,,,,53.51298162465396
ETH,Ethiopia,2019,17227901,36.5,52.1,56.0,61.0,61.0,64.0,61.0,5.41,,2.9549966,86189951998.0,2437.9705,0.482,104.801254,2305.526775,2497.79265,1294.4340803302398,374.2728525,62.04101175,102921.8615556392,393.8859281010001,3769.1058456489295,957.859438,14158.57308886729,23.865133694457487,32.78390285,16.088725775400054,58.21744159271955,999.8688119086696,,,,,39.53754152760225
ETH,Ethiopia,2020,17738316,35.9,,57.0,62.0,62.0,64.0,62.0,5.2,,2.9746492,91412658764.0,2516.549,0.486,104.79658,4659.491985,2489.392202,1244.1028976159018,366.2735189,61.52656825,89728.02786139738,379.4219781,3719.603232,928.0683276,13071.91655679572,23.182632258294152,31.94122650460661,15.46952013928719,61.72793219619684,1274.912258039038,107.7238938,,,60.30700046,64.45291237756783
GAB,Gabon,2000,189094,25.5,68.3,55.0,,45.0,44.0,,7.37,14.962852,1.8214304,9689372094.0,21717.225,0.652,100.80107,94293.58727280951,30681.13439033394,1383.0480811946743,1786.289731,79.12529359,256466.75708874568,192.3910859,3774.052847,885.4361008475499,11710.73541282465,24.04804433933037,29.62126781033176,20.00358372751249,88.42485991036371,2068.9783363573247,,,,,204.9053079994541
GAB,Gabon,2001,192982,25.3,67.9,55.0,,45.0,44.0,,7.19,14.991078,1.8048584,9896262806.0,21604.781,0.657,100.81214,91280.08209433178,28638.93339406126,1352.1021427742296,1731.697389,79.07285835,253348.3034613782,191.4816972,3766.2137110513095,892.1543995,11390.64628612217,24.00871897793565,29.67583792092223,19.77260725420737,88.06235989505421,1794.2668184597028,128.5163727,,5.99887991,,197.86044125338287
GAB,Gabon,2002,197283,25.0,67.4,55.0,,45.0,44.0,,7.01,15.004232,1.7775358,9871617829.0,20981.48,0.661,100.84218,81887.03961518986,23720.43255898734,1327.4100253901236,1627.217139,79.00256385339999,250501.9769000896,190.3936106,3763.585088161061,899.7531990226299,11075.38644049998,24.452410332399044,30.15396653850281,20.23132427129042,87.48733921,1868.1648298414136,134.2472992,,,70.35099792,185.3396297922597
GAB,Gabon,2003,201830,24.5,67.0,55.0,,45.0,44.0,,6.81,15.008248,1.7596616,10093465659.0,20875.455,0.664,100.86548,66495.50003508662,17630.91135911637,1296.885370550158,1495.3101209348602,78.91875933,247716.7033166572,189.4375177,3735.2266457073497,907.7204024,10758.87790860238,24.45699724511797,30.01863864757314,20.39913122071041,88.35791888563932,1873.5627474528424,131.7362213,,5.598100185,68.6296463,168.12530643760874
GAB,Gabon,2004,206683,24.0,66.4,55.0,,45.0,44.0,,6.6,15.016116,1.7396263,10163064451.0,20438.932,0.665,100.88166,45428.27369780635,12061.63897,1265.4393743666976,1358.288365,78.82670802893999,244771.0636164657,188.7776203,3691.8990235287497,914.6160431,10434.773681338022,24.434708511127027,30.061414444140933,20.19569502339643,87.92972170064075,1734.3788269223153,,,,,138.89539111967946
GAB,Gabon,2005,211892,23.4,65.9,55.0,28.0,45.0,44.0,,6.39,15.039621,1.71858,10435048720.0,20385.29,0.671,100.88049,32749.529625237978,9504.691992503833,1235.1752211263272,1238.659397,78.73213269499999,241431.5311,188.775565,3645.212068,919.6606893,10096.50232566739,24.69182804573711,30.76054966360776,20.219918035500267,86.48359585398335,1567.9299762090368,,,,,125.63302927461606
GAB,Gabon,2006,217526,22.7,65.4,55.0,52.0,45.0,44.0,,6.21,15.07582,1.6953018,10142180902.0,19224.127,0.67,100.86841,28771.55050797408,9544.194061,1214.847256883898,1129.020823,78.51358191575001,237308.0902145972,189.2466327,3623.188072,922.0635449,9731.657376,24.544505667989657,30.55347221599619,20.26999690076201,86.62326347734358,1534.0817191602746,,,,,119.4577157983247
GAB,Gabon,2007,223706,22.0,64.8,62.0,75.0,81.0,78.0,,5.99,15.0990505,1.6560897,10751534086.0,19751.877,0.674,100.90924,25829.55926627279,10052.96592257704,1189.7680968106254,1012.595182,78.12261274,232317.7481,189.6918062,3560.858716,921.7246456,9340.438995,24.34225340354612,29.965713653874417,20.18227657,87.96910728707589,2213.944377137192,,,,,110.11734816699769
GAB,Gabon,2008,230550,21.0,64.2,67.0,82.0,82.0,81.0,,5.77,15.116834,1.6181142,10395827037.0,18493.092,0.675,100.9891,27275.87889269488,11011.16390409758,1161.240770077976,897.9776793721901,77.67293732,226707.7656589124,190.1754375,3533.655977,919.5738828,8935.82769,24.38863251203605,30.31116469479933,20.03260868298486,86.91601045690402,1395.349804313285,,,,,113.93146480486551
GAB,Gabon,2009,238307,20.0,63.7,63.0,79.0,76.0,74.0,,5.57,15.109387,1.5799599,10409376035.0,17911.146,0.681,101.06888,33864.76788876535,12249.489116554289,1128.163386526821,793.6642314,77.27798623,220736.43157253723,190.499248,3543.662643,915.2659297,8530.95351,24.59611898925445,30.73120868406096,20.344089605222702,86.33900177245285,2292.9079826652824,,,,,122.72221384041605
GAB,Gabon,2010,247055,19.0,63.2,62.0,67.0,67.0,68.0,67.0,5.35,15.077734,1.5436656,11147389066.0,18530.576,0.684,101.14526,44313.02925934734,13487.66366634536,1092.0130769384457,708.2728538062499,77.05124795,214659.9180317382,190.6042006,3548.995446,909.1687138,8138.750178,24.42934772923142,29.991260662449136,20.296215846829785,88.52400831190273,2923.146244458132,,,,,138.27286139353956
GAB,Gabon,2011,256580,18.1,62.8,72.0,75.0,75.0,75.0,75.0,5.14,15.021438,1.5110495,11937934403.0,19153.088,0.69,101.199455,50566.90860188351,14319.42832470752,1059.3120671396334,632.1758998,76.96713441119999,208201.1425889328,191.0017889,3541.349965,894.6953469,7726.64172,24.10697281830342,29.608028458894665,19.91360107528104,88.49926890209882,1866.875265737102,126.8792245,,,,150.97440215053382
GAB,Gabon,2012,266262,17.2,62.3,71.0,82.0,82.0,80.0,82.0,4.94,14.932551,1.475254,12564804521.0,19450.402,0.699,101.228836,53425.79756359865,14964.87013599253,1030.0713912973918,556.3503496,76.91115422,200834.3229231092,191.8288833,3547.7860136234503,868.3453151775501,7274.1006,24.06889798766235,29.592924669755604,19.997192375937967,88.54871472371919,2285.812655819304,,,,,157.24787019016242
GAB,Gabon,2013,275438,16.7,61.9,70.0,79.0,79.0,77.0,79.0,4.73,14.851389,1.4375145,13273296028.0,19836.455,0.707,101.25646,56106.79084082725,15564.21853443085,1006.6862029379122,490.314828,76.86300189,192446.61145512183,192.5537545,3544.8226484551697,835.3707874461901,6812.393363751599,24.22980988772356,30.101884723156985,19.870168330802763,87.31039724463311,1881.653325086403,,,,,153.4296647797284
GAB,Gabon,2014,283656,16.3,61.5,61.0,70.0,70.0,68.0,70.0,4.57,14.774879,1.405325,13846034032.0,20008.99,0.716,101.288475,55382.27735816156,15886.89072832415,979.7870942084772,443.5364942,76.80216405,182928.13825762644,192.6375621,3556.012702,801.0822234,6372.749672,24.26286756632453,30.00341242981216,20.115426886344697,88.07432610280948,2750.828455218739,,,,,147.62353975102886
GAB,Gabon,2015,290767,16.0,60.9,68.0,80.0,80.0,79.0,80.0,4.42,14.721174,1.3799314,14383107762.0,20147.71,0.72,101.320045,52016.930616454505,15936.72008916792,957.0664895,425.4008024276801,76.7083784,172165.10196466197,191.5456615,3536.94307,770.5397078,5985.976014,24.519262,30.62827417188286,20.051800461697447,86.25254172043803,1907.105971213353,,,,,131.76213210562972
GAB,Gabon,2016,297138,15.5,60.1,64.0,75.0,75.0,74.0,75.0,4.24,14.691223,1.3628124,14683922149.0,19988.176,0.724,101.35401,50741.73910122147,15963.00807293029,922.3067015101068,439.5346239,76.36214656,155634.95623600774,188.3688854,3493.2151309806395,745.2540116,5645.532305641171,24.921416003123227,31.027246682977697,20.47208290564218,86.18138101984516,1649.3560830910385,,,,,125.81140913677037
GAB,Gabon,2017,303269,15.1,59.4,63.0,75.0,75.0,74.0,75.0,4.1,14.680443,1.3502195,14753324537.0,19555.707,0.726,101.37094,49683.07410998415,15891.081590202772,884.7936458497652,474.5219053,75.70521429,132655.46075267444,183.5950099,3464.610633,721.884166,5320.898028,25.157845923902148,31.807318915677083,20.55512546,82.74986631757024,1199.758948005555,,,,,115.61323921240776
GAB,Gabon,2018,309501,14.8,58.6,59.0,70.0,70.0,64.0,70.0,3.96,14.672917,1.3430424,14876945089.0,19225.598,0.727,101.385155,48491.36752821876,15747.57618368869,846.3324243645513,517.1556528,74.95990859,108865.43597164303,178.7596466,3427.517774362409,697.8401706,5006.719076,25.236689962453344,32.305364104064715,20.409076889019698,81.18045903716776,1274.192171506378,,,,,109.61961626219846
GAB,Gabon,2019,315740,14.4,57.9,62.0,70.0,70.0,70.0,70.0,3.8,14.6622,1.3344893,15460241661.0,19491.406,0.73,101.400604,50293.96817707679,15764.145950452272,810.7776900425421,554.3264232,74.3490529,89901.30657622611,175.4293851,3367.0884538305504,671.0502381,4697.971795,25.81683119688697,33.318405704737486,20.760029543455385,78.32526335905206,940.9396333832692,97.95603347,72.05106294,,,108.29222392125185
GAB,Gabon,2020,321403,14.1,,53.0,63.0,63.0,62.0,63.0,3.62,14.649818,1.3279569,15176119359.0,18681.484,0.732,101.42529,51139.61006049828,15758.04034838437,789.1045443213245,573.1732149106799,74.09332439245999,81417.05778886609,174.043376,3331.037454,639.8103284,4326.458817,25.20246441775912,31.868690091864348,20.42364966482357,82.67362533304558,1766.441759012762,,,,,120.8005944400419
GMB,Gambia,2000,264221,27.7,75.0,89.0,91.0,80.0,83.0,90.0,11.31,14.4523115,2.4500937,960226283.0,2658.6177,0.403,102.329506,18181.51998384869,4879.5356051359295,2217.6326620560967,510.6189867624301,68.65969996,264555.9939036238,340.6312105,5995.46774,1234.875637,66940.03053094249,27.225625,37.66916666666667,18.90333333333333,54.39020833333333,637.3225,66.05438995,,,51.61394882,160.75650396878632
GMB,Gambia,2001,267852,27.4,75.0,89.0,91.0,87.0,84.0,87.0,10.85,14.376005,2.4182737,1015919410.0,2737.696,0.41,102.37378,27126.560276963664,5345.697563,2102.180290071144,445.96991595622006,68.37903783125999,260867.03493015628,336.0369259,6014.267487,1222.789108,64479.81524048886,28.250416666666663,39.14770833333333,19.804375,48.97541666666666,455.5925,67.73429108,,,53.00725937,211.214316979914
GMB,Gambia,2002,271909,27.2,74.9,90.0,92.0,87.0,86.0,89.0,10.39,14.306661,2.3860672,982902027.0,2578.5571,0.415,102.382614,36763.62513815852,5758.507367,2026.6185647611155,374.7322014,68.03199687806999,256558.9049280361,331.1703582,6030.05829,1203.549507,61718.11038848084,28.687916666666663,39.80770833333333,19.996875,45.66708333333333,386.2,65.80197906,,,51.19525909,225.0304049636387
GMB,Gambia,2003,276420,27.0,74.7,90.0,94.0,87.0,87.0,91.0,9.95,14.247157,2.3611228,1050427393.0,2682.48,0.422,102.366356,28493.59151945696,5093.26631,1962.116837365348,308.9069298,67.67316767,251644.5165087825,326.1066258,6068.333176,1179.932868,58859.26071361766,27.76395833333333,37.86875,19.3775,53.52041666666667,893.9375,71.4241333,,,55.20069122,185.3214557406417
GMB,Gambia,2004,281702,26.7,74.4,92.0,95.0,87.0,88.0,93.0,9.52,14.19551,2.3431745,1124482524.0,2794.1936,0.432,102.36568,18082.62303,4353.747564,1924.483784553698,260.4409872,67.35697729,246142.58163121395,321.1048412,6111.2162460256695,1155.30939,56107.17205147845,27.563333333333333,37.61291666666667,19.267083333333336,55.37041666666666,812.435,73.71327209,,0.411669999,55.10176086,130.44437811182414
GMB,Gambia,2005,288062,26.4,74.1,91.0,95.0,95.0,94.0,95.0,9.11,14.151113,2.3234236,1098037738.0,2653.6423,0.436,102.35451,14236.000888125089,4102.382619,1872.0569248980069,241.131712,67.13850447792001,240044.7904423214,316.3495492,6157.601422,1132.950339,53660.78137781586,27.385416666666668,36.790416666666665,19.390625,59.607708333333335,1103.49,73.11974335,,,54.2961998,110.30399645873624
GMB,Gambia,2006,295667,26.2,73.6,89.0,95.0,95.0,94.0,95.0,8.71,14.09829,2.3056667,1091937250.0,2564.6865,0.441,102.327484,17671.19759478587,4640.999056,1788.1964347449468,243.219477,66.84772498,232726.84686577768,311.5814543,6131.205743,1113.467231,51625.02394926453,26.798541666666665,36.98458333333333,18.497916666666665,58.49854166666666,872.3575000000001,72.98491669,,,53.48796082,118.1952582534398
GMB,Gambia,2007,304191,25.8,73.1,88.0,97.0,95.0,94.0,94.0,8.33,14.022486,2.280708,1125167625.0,2567.1572,0.447,102.31143,18404.99473414684,5444.182232,1729.9751694561935,249.3217085,66.36210877,223856.35462566683,306.346572,6072.053622,1093.15171,49884.18691655017,27.25208333333333,37.712916666666665,18.519166666666667,53.470208333333325,806.4675,75.60502625,,,60.43153,109.1158562524673
GMB,Gambia,2008,313005,25.4,72.5,92.0,98.0,96.0,96.0,97.0,7.98,13.943187,2.2562356,1195557048.0,2649.611,0.455,102.33533,29890.817754886488,7063.535337,1637.9628257303218,256.8033154,65.80472081205001,213900.2520687001,300.90027277759003,6008.282385,1071.776846,48310.80064368135,27.118333333333336,36.812916666666666,18.832083333333333,59.05,1188.88,75.73243713,43.85995102,,68.12439728,139.34537549272193
GMB,Gambia,2009,321877,24.7,71.8,96.0,97.0,98.0,97.0,99.0,7.64,13.861756,2.23452,1275249585.0,2745.3254,0.459,102.37392,30458.28461529499,8014.179983067909,1587.6355824086763,263.0112261,65.29859831971001,203328.4389114084,295.20022,5943.578674259669,1048.031298,46779.53531464204,26.24354166666667,36.233125,18.003125,62.141041666666666,1156.4474999999998,74.95430756,45.42192841,,,118.69837594131862
GMB,Gambia,2010,330843,24.0,71.0,92.0,97.0,97.0,97.0,97.0,7.31,13.793434,2.2312338,1350595613.0,2824.2126,0.463,102.42317,39247.05323811729,9162.071006,1514.6966832297862,265.2888836,64.96793305,192606.0738873677,289.0838484,5895.01283,1020.404442,45166.21268329261,26.987291666666664,36.774375,19.071666666666665,62.848958333333336,928.7525,74.74789425,44.59125137,1.489167716,62.12245178,133.32719100066095
GMB,Gambia,2011,339851,23.2,70.1,91.0,96.0,96.0,95.0,96.0,7.01,13.748751,2.2329974,1240786190.0,2519.8398,0.463,102.47721,75537.58966144189,11705.95061,1408.5622412353955,261.5511752,64.78335956,181508.6499,282.5416539,5848.041914,987.5968847,43425.67103,27.562916666666663,38.173125,19.09375,53.48541666666666,648.6175000000001,73.57871674,,2.147585141,59.31195242,187.3759457264404
GMB,Gambia,2012,349220,22.5,69.0,95.0,98.0,98.0,98.0,98.0,6.73,13.70406,2.233024,1305822857.0,2574.935,0.469,102.50162,84540.26327142365,12669.90559637998,1365.9538675534372,253.2904462,64.62200894,169539.99319770094,275.5863362,5746.144962,948.7851178,41628.30191624941,27.345416666666665,37.32208333333333,19.67625,55.61479166666667,914.0075,77.18139639,,0.710182978,60.56839772,186.14995664782143
GMB,Gambia,2013,358764,21.7,67.6,96.0,97.0,97.0,96.0,97.0,6.45,13.66557,2.2321243,1343336129.0,2572.4473,0.474,102.499275,68426.28954639084,12124.66918203133,1340.5625566711212,243.2673637,64.46412817,156810.2213931984,268.6415271,5645.729156,907.3204376,39834.33949760713,27.47645833333333,37.52104166666667,19.051041666666663,57.11833333333333,856.9349999999998,79.25773497,,,63.29123792,156.98518597989505
GMB,Gambia,2014,367087,21.1,65.9,96.0,96.0,96.0,97.0,96.0,6.18,13.630879,2.1954975,1324430251.0,2465.1096,0.477,102.52182,35494.50858618864,10488.988972027311,1346.0817271285969,234.2576643,64.28682353008999,143449.80536165973,262.2669021,5581.367728,867.9244207,38111.290456215866,27.403125,37.50625,18.820416666666667,55.850625,866.1624999999999,82.92719027,,,63.95486709,98.51717032545643
GMB,Gambia,2015,373299,20.3,63.8,97.0,97.0,97.0,96.0,97.0,5.93,13.579068,2.1535056,1378176608.0,2495.9575,0.482,102.53208,52002.66090754479,11545.89174,1294.5348447286224,228.9900614,64.06611155,129568.3863901551,256.7059035,5502.11899,834.422572,36527.23595676639,27.201666666666668,36.99041666666667,19.040416666666665,57.18645833333333,1026.0275,86.48126201,,,65.16457974,110.21155584148224
GMB,Gambia,2016,377110,19.5,61.2,97.0,95.0,95.0,95.0,95.0,5.7,13.521555,2.1026216,1404959537.0,2478.4604,0.487,102.51446,25634.052721783228,9341.329515,1292.5505043704984,226.4756232,63.573297567210005,112205.93060292194,252.5435263,5432.9306766319005,808.3694578,34952.09115144413,27.506666666666664,37.87770833333334,19.191666666666663,56.208125,706.6725,88.65912546,,,66.78128544,74.05007788147057
GMB,Gambia,2017,378249,18.6,58.3,90.0,92.0,92.0,92.0,92.0,5.47,13.454221,2.049612,1472715273.0,2533.1868,0.493,102.49867,9101.425227,6777.450721,1305.516267425718,224.141961,62.75841672,91159.42816153775,249.5314107,5377.985239,786.5093358546301,33318.008332223595,27.754166666666663,37.304375,19.32104166666667,55.355625,1057.1575,92.29621187,,,,41.7778130937549
GMB,Gambia,2018,377181,17.6,55.3,91.0,93.0,93.0,93.0,93.0,5.27,13.378029,2.0048177,1579264608.0,2651.4329,0.5,102.50067,9297.746575,4871.823288,1271.059100149201,222.3367685,61.86503483,70663.45710196056,246.7361379,5313.403575,766.5011557,31783.21349,26.995,36.657916666666665,19.079375,56.24541666666666,1010.75,95.66810027,,,73.37998696,41.96030574135688
GMB,Gambia,2019,375851,16.7,52.3,85.0,88.0,88.0,88.0,88.0,5.07,13.308863,1.963539,1677527292.0,2750.8213,0.508,102.5162,4585.6730228488805,2993.423532,1266.3925113621417,221.435548,61.13781912,54943.12075941419,243.3505208,5264.990919,745.3484755,30503.59649340722,27.559166666666663,37.825,18.765416666666667,53.4375,818.8975,100.0517052,,,79.35177239,23.63363196478428
GMB,Gambia,2020,375707,15.9,,82.0,85.0,85.0,89.0,85.0,4.89,13.249149,1.9254528,1687449652.0,2702.319,0.512,102.517456,7033.2117787056695,2462.024765,1234.9888423083678,221.7560205,60.82296648,48226.60027854584,237.2986204,5222.679471,719.2716345,29562.019256654297,27.50270833333333,37.41791666666666,19.097916666666663,58.53729166666667,1269.7075,102.4058437,,,82.67001546,31.50979544259208
GHA,Ghana,2000,3032840,32.8,76.4,90.0,,88.0,88.0,,10.02,15.803185,2.94432,20074507180.0,3327.352,0.487,103.07737,127342.20258007664,47575.463582737546,2127.267331558576,2337.56597,92.01255571,221358.86898256527,242.8810586,3208.954093,998.4795872,65346.77729183648,27.02586962656891,35.31552272091309,20.30738233162136,67.04569749,939.5274000902148,76.34133911,28.9962101,,61.4718399,523.615729136482
GHA,Ghana,2001,3110059,32.4,76.2,78.0,,79.0,81.0,,9.61,15.778204,2.9061704,20877487493.0,3369.507,0.486,103.10041,122483.64290610104,45390.00540655827,2043.315825279051,2130.064232,91.62953729,217980.1428107968,242.0939796,3199.148693,997.6595401,64214.93193578154,27.096581023260104,35.19071793013776,20.339718705645783,66.97209109225314,1010.8454347806464,72.42665863,27.98418999,,59.05519104,510.45526668874584
GHA,Ghana,2002,3195261,31.8,76.0,78.0,80.0,78.0,80.0,80.0,9.21,15.747569,2.852183,21816974338.0,3425.6182,0.493,103.11167,114520.77206528276,41625.449795186745,1964.6886543842588,1689.444834,90.85647946,215049.42150586803,240.6438646,3214.643666,994.5218833,62515.13871061637,27.21070775731222,35.30949925237669,20.45954019709685,67.48820283147788,1067.418198464796,75.72083282,29.34233093,,60.35429001,503.35271327708864
GHA,Ghana,2003,3278973,31.2,75.7,80.0,80.0,80.0,80.0,80.0,8.85,15.716976,2.7990289,22951457033.0,3507.751,0.495,103.09301,107334.99564381744,37549.49868609215,1871.2586859208448,1170.259577,89.91338996,212346.7955417669,238.9095309,3219.248461,989.6461481,60441.39006238649,26.96162699384871,34.61910380781065,20.49898199,71.41976513970029,1280.2655083571867,73.46424103,30.67790985,,65.61805725,498.3092017211882
GHA,Ghana,2004,3356578,30.4,75.3,83.0,80.0,80.0,81.0,80.0,8.52,15.674653,2.7350872,24236738625.0,3607.3652,0.503,103.04225,99515.43051,34117.841674897645,1792.0151009135388,726.9618775,89.02060862,209645.47629534063,237.0954367,3203.9455081535502,984.7914306,58185.90441762807,26.632519671363085,33.98026806095517,20.31258932722652,73.62551414671526,1226.280895551712,76.97891998,32.58877182,,59.1464119,469.26798128579657
GHA,Ghana,2005,3428800,29.7,74.8,83.0,84.0,84.0,85.0,84.0,8.22,15.613246,2.6810012,25666707129.0,3721.3079,0.515,102.97362,93642.11034381024,32526.20370082666,1723.3200150105015,514.4899277159301,88.40067837,206685.7839099868,235.2600879,3203.563329,979.3224647,55940.86390262636,26.801222395198867,34.60089999241897,20.540007032118627,72.92614578176318,1175.1722841520957,84.05986023,34.37791061,3.773659945,67.33509827,431.4386261300079
GHA,Ghana,2006,3497231,28.8,74.2,85.0,84.0,84.0,84.0,84.0,7.93,15.544359,2.6317647,27309353954.0,3857.8616,0.524,102.943535,92553.17299,32995.73652927056,1661.4362743284664,474.915097,87.99490707,203675.76556650703,232.9344771,3192.239527,973.294742,53486.54374593656,26.77536554004469,34.27150942953401,20.749294752215462,72.74137755918231,1180.4732841586374,89.49163818,36.23361969,3.246000051,66.06717682,400.1762482742224
GHA,Ghana,2007,3559862,27.8,73.5,95.0,94.0,94.0,94.0,94.0,7.63,15.4548645,2.5813484,28496442169.0,3923.1257,0.534,102.947174,92853.47989811364,34342.89101816462,1584.5961104102985,445.1824909,87.61005122,200726.50076375148,229.7453277,3178.9608488146605,965.4029303,50618.94136300784,26.40658996132518,33.79041321852535,20.384401621464864,73.04495296,1273.2916857961036,94.24931335,40.49776077,4.098269939,71.67221832,389.6401202932567
GHA,Ghana,2008,3618991,26.7,72.6,86.0,93.0,93.0,92.0,93.0,7.31,15.347489,2.5376375,31103809332.0,4174.7812,0.546,102.93263,96491.37017,36154.40874920221,1501.989564988055,423.0549351,87.26768954,197429.87820325443,226.0986188,3138.764911,954.1989707,47551.99889,26.46999105094813,34.209716721183675,19.99640227707958,71.31054043730052,1182.3251146075177,99.04580688,42.83818817,4.811570168,78.70821381,373.3598006377522
GHA,Ghana,2009,3680512,25.6,71.7,93.0,94.0,94.0,94.0,94.0,6.99,15.23092,2.4902782,32610629348.0,4269.16,0.551,102.94733,104539.9659006652,37963.22173547176,1429.3494752959216,406.3595881,86.98911832,193386.8762777453,222.8831355,3091.413553,940.3420975,44498.02988237933,26.70804271741931,33.85965219590633,20.87718682808595,74.70193638849823,1288.021044807067,97.3163681,44.45207977,6.248809814,78.5041275,356.53571688432606
GHA,Ghana,2010,3744252,24.5,70.5,93.0,94.0,94.0,94.0,94.0,6.65,15.1083975,2.437227,35186775129.0,4495.689,0.558,102.987946,110015.17652262365,38831.85102932012,1364.3818797318988,392.949373,86.79364495,188222.83917169468,221.0823416,3039.765828,925.0699371,41669.67800877392,26.96534542249065,34.179225524625444,20.926965850478968,74.50399053728479,1353.4855665189789,,,,,335.55594867913993
GHA,Ghana,2011,3813679,23.3,69.4,91.0,91.0,91.0,91.0,91.0,6.33,14.985591,2.3913393,40129504915.0,5005.367,0.568,103.02639,112433.51457360393,38031.687464799215,1307.8036626589703,379.4682931,86.67449729767999,178542.66043411626,220.3329519,2996.06554,905.0436209,38880.05175339448,26.30352607829779,33.65537787248072,20.207338655967177,75.53860439874741,1247.1908103371695,97.98458099,52.09603882,8.480032596,84.36657752,312.5851790716891
GHA,Ghana,2012,3895023,22.3,68.4,89.0,92.0,92.0,91.0,92.0,6.02,14.884703,2.36344,43858655296.0,5339.7134,0.575,103.0343,109253.43768021076,35495.61572962164,1245.867504,365.2520471,86.59481284,163022.00657940886,219.8449394,2958.454724,880.7267806,35935.19485153548,26.35898339846787,33.589497407774466,20.132181890958044,74.03374545623173,1345.1534164590134,97.79767746,53.12413477,8.75844559,100.2516022,289.8155247358448
GHA,Ghana,2013,3983808,21.3,67.5,89.0,90.0,90.0,91.0,90.0,5.74,14.79266,2.350641,47065830437.0,5593.775,0.582,103.01043,101127.5501,31905.48226317724,1191.9678816047965,352.0574476,86.53085434,144351.0622432801,219.3229257,2942.0281429228803,853.4755566,33040.23574283807,26.987870730790306,35.22820451795277,20.263590954867325,70.75892191936232,977.3626838183576,100.0486356,64.30197906,10.36217598,89.44869995,269.4657056153885
GHA,Ghana,2014,4068330,20.5,66.5,92.0,98.0,98.0,94.0,98.0,5.48,14.726537,2.3372188,48410143589.0,5619.0723,0.58,102.989075,90446.96116588455,28047.843191668748,1144.7250024752311,341.6596225,86.45963365,125215.1898078897,218.4696131,2919.459982,825.0861255872301,30399.625177944512,27.174381644244253,34.80441854719259,20.92241738423703,71.27733641932242,1179.9066426840282,98.52945528,61.25727441,11.94249428,87.8663171,253.97701873114113
GHA,Ghana,2015,4140252,19.8,65.4,89.0,89.0,89.0,88.0,89.0,5.25,14.671395,2.2886999,49436806230.0,5607.366,0.588,102.99842,77568.64439299202,24587.44624988924,1121.9933173319102,335.8373073,86.35778238,108310.53046613865,217.067125,2915.169407,798.1680281,28216.29782,26.885205074515746,34.89858005499854,20.20919249975183,70.37458658655534,1198.082450913243,102.1498675,64.53078068,12.58179711,92.90720992,233.39975446352193
GHA,Ghana,2016,4192832,19.2,64.1,89.0,93.0,93.0,95.0,93.0,5.02,14.617917,2.2322228,51104539956.0,5666.078,0.59,103.04495,62953.35925840752,21279.06083775252,1093.7190206082223,333.4839497,86.15708501,91609.02823453028,213.8369074,2887.987784,772.4049763,26276.70057452551,27.072105718906275,35.05946450720663,20.70913963718681,71.03236317275417,1288.5779856610252,101.3621134,65.37839207,12.84936903,,211.64033564629244
GHA,Ghana,2017,4215695,18.5,62.6,95.0,99.0,99.0,94.0,99.0,4.81,14.559877,2.1710212,55258774288.0,5993.631,0.594,103.097694,50691.63979617421,17904.48320572834,1063.9022436116186,331.9014626,85.85001771,73282.32297256906,208.8036794,2860.134025,747.1106495,24329.86710295684,27.039408247762143,34.671817088813974,20.575400403907125,71.96175942989218,1221.8390708093398,99.99135436,64.96475093,13.39946635,88.08258039,184.65063803740472
GHA,Ghana,2018,4215689,17.8,61.0,92.0,97.0,97.0,98.0,97.0,4.6,14.500853,2.1134522,58684861220.0,6234.512,0.6,103.13393,42011.04802821754,14913.81882626836,1032.928569858177,330.37011,85.50531057,56301.779623179296,202.9928367,2830.768473,719.924418,22526.2564,26.64716523660412,33.95619085260679,20.56018261604412,73.63500495204282,1373.0853206775976,98.312116,66.91668942,13.56260565,88.67675096,166.911109195316
GHA,Ghana,2019,4209530,17.1,59.5,92.0,97.0,97.0,97.0,97.0,4.39,14.454984,2.0575023,62503939826.0,6508.2466,0.609,103.13881,40215.87984787315,12875.00267,1001.0632839082796,328.2178149,85.19129543772999,43636.16485598415,197.7066072,2784.023563,689.7281038,21016.75744155804,26.87037437058549,33.93968671230785,20.69116780106272,74.28708772539235,1468.5735737685543,99.58253047,70.2943847,15.67568793,93.78220209,158.6728439412496
GHA,Ghana,2020,4201059,16.5,,88.0,94.0,94.0,92.0,94.0,4.2,14.415852,2.0120301,62825173619.0,6412.6855,0.614,103.1437,40682.63451297904,11898.97042281988,970.8814660057856,324.7484042,84.97323005,38267.57992,193.2409231,2754.098124,656.8136841,19708.71496030669,26.54924235745848,34.06209752275572,19.978686039800937,74.26128059,1413.9798334589177,98.29115971,73.27580306,17.40086377,,171.1653831973042
GIN,Guinea,2000,1488282,33.1,80.9,42.0,,46.0,47.0,,16.54,,2.866542,5176459579.0,2358.2876,0.359,103.68205,114738.09371709074,39751.30414687163,3698.0956261953897,1489.299467,83.74155704,274105.8536627891,360.5808814,3753.267065,1133.079605,65883.88636084215,25.228795337577168,33.687681564260835,18.19646552,68.44640269676805,1415.2804886430831,47.09376144,,,19.85744095,557.6819485241814
GIN,Guinea,2001,1505232,33.5,80.2,44.0,,50.0,52.0,,15.86,,2.7924135,5365832405.0,2412.7517,0.366,103.72567,114784.36224124752,38495.383827358135,3514.3110318010567,1479.863654,83.67066372,267669.6018526213,359.0186615,3725.334287,1119.168363,64166.62674997602,26.31015867780216,35.75380496357506,18.66235505539825,60.324593004847685,801.2682409,50.85737991,10.44264984,,22.21977997,574.9776687473862
GIN,Guinea,2002,1517897,34.0,79.6,46.0,,53.0,56.0,,15.22,,2.724841,5642956694.0,2498.1318,0.377,103.75532,112342.60293505406,36217.09470970943,3338.740771651641,1463.069945,83.5364883,258912.5049862964,357.7831104,3728.362564,1091.261944,62276.76909,27.22314273973231,36.90988479146981,19.383966940870643,55.30398425797488,692.4007736840626,58.92647934,12.33545971,,26.07720947,584.3461436526204
GIN,Guinea,2003,1533976,34.4,78.9,48.0,,57.0,61.0,,14.64,,2.659646,5713414722.0,2473.2341,0.384,103.7855,108490.81117940112,33620.24379722133,3188.2689018169813,1437.795594,83.3414758,249457.0909142469,355.1249138,3730.301345,1087.806197,60353.91851888748,27.10569136021591,36.49903236503169,19.42610738212524,57.99972666076738,810.0532142827128,62.92430878,14.11112976,,28.57476997,588.3119696236984
GIN,Guinea,2004,1554135,34.8,78.3,50.0,,60.0,65.0,,14.12,,2.6021397,5847115329.0,2477.503,0.391,103.79256,100771.4021008504,31244.35574294864,3067.776017683638,1406.348199,83.12603417836999,240528.1402629996,351.5214839,3748.804701147341,1095.852296,58472.70998281866,26.981760515958086,36.01447550704868,19.393207651843746,60.15315693623679,962.4120561,66.44523621,15.30696964,0.710229993,36.77579117,624.4020936764759
GIN,Guinea,2005,1577716,35.2,77.7,51.0,,59.0,59.0,,13.66,,2.5363138,6022369313.0,2501.2217,0.401,103.77563,95451.73314671784,30150.385569646336,2944.4811697056616,1369.890815,82.97200319,232736.3797885104,348.3155675,3761.213319,1079.806829,56611.65237823605,26.708246964653583,35.71575020407403,19.521325860852723,62.888318411695984,1127.150946,69.37528229,19.31241989,1.136240005,42.42628098,597.1568217417455
GIN,Guinea,2006,1606829,35.5,77.2,51.0,,57.0,53.0,,13.27,,2.473782,6094011545.0,2478.6133,0.409,103.7254,94014.8725,30846.50446100936,2856.102851314364,1262.787726,82.8494503,226517.3003644851,345.3057734,3737.090216,1061.973797,54719.68243887859,26.78463083023445,36.052250644578514,19.30514415837455,59.324471907194976,904.9970317828067,72.08557129,22.19618034,2.269150019,47.65501022,569.8718363881895
GIN,Guinea,2007,1642370,35.7,76.8,57.0,57.0,63.0,46.0,,12.94,,2.4237528,6509469022.0,2587.005,0.416,103.680954,93856.74403857258,32676.288200747884,2759.063174139076,1064.96364,82.70519651,221202.5764630975,341.7704841,3691.138656,1050.171848,52780.84553268229,26.650046659266653,36.15250103063398,18.878786039825044,58.12729232365346,878.4340915,74.75032806,,3.664239883,48.71113968,559.4773105688398
GIN,Guinea,2008,1682411,35.5,76.5,55.0,57.0,60.0,59.0,,12.66,,2.3970983,6778506429.0,2629.5398,0.422,103.672035,97635.7584,35083.93065,2678.6507426754715,842.2924613,82.56004817,216050.7663637119,337.4060292,3626.2711282165897,1040.062692,50866.748148866514,25.848805636390924,34.23094116279317,18.513242888309662,64.93028192976442,1849.9231287411203,75.88960266,24.36071968,4.520810127,42.6953392,541.5401689489644
GIN,Guinea,2009,1723760,35.3,76.3,53.0,57.0,57.0,60.0,57.0,12.41,,2.397259,6702408065.0,2537.3064,0.424,103.664,104366.18126748392,37312.03498507219,2605.0820872045065,660.7151381,82.44794327,210170.6753552037,332.8879871,3586.90331,1024.0781400570402,49021.58904362984,25.607686824428853,33.57448987965727,18.552508608525617,68.26376121153288,2429.093597289653,76.18862915,,4.636020184,47.46543884,516.9473099080163
GIN,Guinea,2010,1764231,34.8,76.2,58.0,64.0,64.0,62.0,64.0,12.2,,2.4228928,7025019105.0,2594.8306,0.43,103.66525,110975.66922863804,38480.14417218167,2528.957721955029,585.1476419,82.39849367,202749.30484198983,328.08615749290004,3550.592444,1003.227896,47297.90266477713,25.663632638503785,33.57524982095998,19.064619633961662,71.50914453390104,2062.849319477037,77.75762939,,5.164720058,46.37931061,524.0145086045987
GIN,Guinea,2011,1802616,34.2,76.1,62.0,63.0,63.0,63.0,63.0,12.01,,2.4538805,7419271030.0,2673.4087,0.436,103.67851,115018.99384469024,38529.4665,2459.191261216024,597.342272,82.37959907919999,191997.1699723496,322.9080787,3550.030865,976.9023679,45712.83867501621,25.700553413556936,33.97592594302254,18.74414327,67.64060184994715,1249.4880086750356,82.66726685,28.50259972,5.48086977,,510.2660994683178
GIN,Guinea,2012,1838459,33.6,76.1,58.0,59.0,59.0,59.0,59.0,11.84,,2.4699001,7858142150.0,2762.9036,0.44,103.693344,116026.0519924666,38047.74353007168,2396.7701093881083,627.6818151,82.34919026,177710.61887064629,317.5690042,3580.569524,945.0625608,44210.09768449453,25.411578351483737,33.513337388402924,18.60752579245061,67.99422855,2289.0747071273195,84.12229156,,5.338290215,54.48376846,480.77448558286994
GIN,Guinea,2013,1872226,33.0,76.1,55.0,56.0,56.0,55.0,56.0,11.67,,2.4688468,8168199850.0,2802.56,0.445,103.70553,110405.67700090904,36923.02503811589,2322.1346636038325,663.8930649,82.31437941,161533.59850363777,311.8006364,3635.659324,909.2891345,42747.92842307688,25.52051736762284,33.856791202441684,18.480656622218284,69.00006531,2126.2992354632106,86.04971313,,6.296639919,55.41730881,472.4781595006445
GIN,Guinea,2014,1904742,32.5,76.1,51.0,52.0,52.0,51.0,52.0,11.56,,2.4477875,8470141696.0,2834.9663,0.451,103.708694,105347.1673008749,35672.01303437944,2279.687208675648,694.012667,82.28116791,145134.07413595685,305.9490188,3688.435895,874.871463,41284.93307274198,25.453049961441057,33.42872276,18.32799834849543,69.61719240626657,2168.278067256455,87.70967102,30.60220909,6.63699007,57.50453949,436.5429162901249
GIN,Guinea,2015,1937143,31.9,75.9,47.0,48.0,48.0,47.0,48.0,11.41,,2.4187214,8794201742.0,2869.8516,0.465,103.71006,102089.17877364672,34459.13087575937,2226.588961871067,706.2038489,82.25364988,130181.1813748828,300.320979,3719.460292,845.4908635,39782.63267219691,25.30856672744489,33.12878024711151,18.184671852851523,69.75189437533706,2527.3627070392104,,,,,407.8631692636906
GIN,Guinea,2016,1971213,31.2,75.6,48.0,47.0,47.0,48.0,47.0,11.17,,2.4032602,9745789528.0,3099.7888,0.482,103.71488,97204.83137416348,32760.711716354628,2151.353397576068,697.7081306,82.18395858,114677.59910983636,295.1522153,3716.424162,821.5647004384199,38094.73839576645,25.64118757,33.92770360537246,18.61360964833916,68.72359516906262,2745.704443224485,84.26183319,,,53.36732864,386.8970633826123
GIN,Guinea,2017,2006298,30.3,75.1,48.0,47.0,49.0,49.0,47.0,10.99,,2.3816984,10749606370.0,3332.7659,0.482,103.70147,95211.09794577792,30658.88754976297,2070.949696402654,678.4617843,82.04761062,97398.68792990636,290.0824964,3694.327316,799.7990336,36228.16844170706,25.92939259726956,33.98666571279032,18.78553435,68.21527568,2107.822952142681,,,,,384.4618394898349
GIN,Guinea,2018,2040352,29.3,74.4,49.0,51.0,51.0,50.0,51.0,10.8,,2.3519092,11433119223.0,3455.645,0.479,103.67636,92528.80545268235,28270.94354,1993.2263259300648,655.4926684,81.88574643,81146.95224156913,284.1462664,3656.642168,776.9471409,34371.08580441749,25.55869296469392,33.53365098722151,18.72320995175237,68.74244949871057,2565.965314704693,,,,,391.7898850899334
GIN,Guinea,2019,2073694,28.4,73.8,50.0,53.0,53.0,51.0,53.0,10.57,,2.3309677,12075307751.0,3557.4624,0.486,103.66897,83731.10478642116,25602.98751,1925.474575891012,636.2372464,81.73604295,68763.89946199443,277.233462,3609.484018,753.1780034,32714.90521239971,25.844092246156467,34.03856153319121,18.53459095535089,67.87526249050998,2427.260704860664,,,,,371.29000571046055
GIN,Guinea,2020,2106497,27.6,,50.0,54.0,54.0,52.0,54.0,10.32,,2.3141024,12643401588.0,3630.9934,0.488,103.668175,75168.59368719617,23341.96235470261,1867.054810913648,627.9888545,81.63610494265001,63065.07039136708,267.1832822,3565.5855894027604,725.2062506,31440.33332078482,25.570408905578688,33.640632658602904,18.54794546550048,70.64637970005465,2465.646651425803,92.7770462,,,52.72550964,392.797650772785
GNB,Guinea-Bissau,2000,215250,33.4,79.7,71.0,,49.0,52.0,,17.38,24.426964,5.193741,705153195.0,1974.6217,,102.79294,107280.15913416438,34431.01610814846,3616.772411821129,1717.36261,69.15140211,265099.13401662925,392.9022178,5008.123537,1214.660681,82289.59419525247,26.18,34.37916666666667,19.53375,69.39458333333333,1071.87,61.12446976,12.78374958,,20.36689949,492.6849708534403
GNB,Guinea-Bissau,2001,218676,32.9,79.2,72.0,,53.0,56.0,,16.84,24.220133,5.0456123,738901627.0,2025.6006,,102.84316,82158.37129143694,30237.96420816628,3484.977705099592,1716.905358,68.67849363,258661.5253359832,390.4381736,4990.859549613981,1212.946733,81036.73584,27.30875,36.40083333333333,20.480416666666667,63.43375,629.84,,,,,399.8119656888884
GNB,Guinea-Bissau,2002,222311,32.5,78.6,73.0,,57.0,60.0,,16.28,24.025154,4.869057,765900620.0,2053.962,,102.87186,59976.48136214358,22923.16180332992,3354.4880327473984,1714.443501,68.26231437,250279.6865347063,387.4739006,4965.135499,1204.729841,79600.40311083574,28.22583333333333,37.599583333333335,20.9225,56.406666666666666,585.03,,,,,315.15387628883036
GNB,Guinea-Bissau,2003,226250,32.0,78.0,74.0,,60.0,65.0,,15.7,23.830027,4.7292447,763710672.0,2002.2775,,102.89181,40388.26812006512,14696.19685421643,3216.522783805597,1708.1522463464005,67.89298113,240890.3222159188,384.6634479,4953.590528,1196.255466,78052.59931688957,27.57208333333333,36.04333333333333,20.554166666666667,62.29958333333334,1136.8,,,,,241.11975648797903
GNB,Guinea-Bissau,2004,230425,31.5,77.3,75.0,,64.0,69.0,,15.11,23.621553,4.5666633,772660533.0,1979.5746,,102.906166,24510.82973,7873.090109,3080.1175819076348,1695.706259,67.56761464,231382.24575168977,381.5217811,4935.608998,1186.855713,76456.68191420948,27.019166666666667,35.114583333333336,20.335416666666667,65.91208333333333,1168.09,,,,,168.99204585255927
GNB,Guinea-Bissau,2005,234826,31.0,76.6,76.0,,68.0,73.0,,14.49,23.40545,4.381487,823345295.0,2060.5383,0.412,102.90502,18125.582610142792,5030.579764,3130.519862216092,1675.06493,67.28770495,222587.6362985725,378.2424123,4911.771547,1175.219889,74869.65404335788,26.94,34.812916666666666,20.625416666666663,69.64291666666666,1668.495,,,,,130.04016483052217
GNB,Guinea-Bissau,2006,239682,30.6,75.9,74.0,,71.0,74.0,,13.86,23.191532,4.1771007,845299838.0,2065.0837,0.424,102.92164,14599.94346757581,5000.227854,2798.341946360022,1523.260916,67.00354277,214729.4263292161,374.284422,4872.481957681351,1162.840813,73203.34180414335,26.18875,34.220416666666665,19.416666666666668,70.28750000000001,1383.66,,,,,103.91146911829463
GNB,Guinea-Bissau,2007,244982,30.1,75.2,73.0,,74.0,76.0,,13.22,22.966394,3.9753728,866938047.0,2065.8613,0.431,102.937744,14625.957710293367,5430.791561,2650.189845934952,1197.516071,66.69992878471001,207181.9478445669,368.8689202,4800.807203,1145.974929,71378.11412732117,26.477500000000003,35.17208333333333,19.265833333333333,66.56708333333334,1161.915,,,,,103.50691022577456
GNB,Guinea-Bissau,2008,250223,29.6,74.5,71.0,,77.0,77.0,,12.61,22.728376,3.8125,906163311.0,2105.543,0.436,102.93889,17315.855664678482,6102.645747,2604.159700705217,816.2401333,66.42443925,199548.52600197023,362.7938109,4738.080076,1121.559665,69469.15372806783,26.82166666666667,35.03041666666667,20.21875,68.55541666666666,1968.615,,,,,110.0604139190556
GNB,Guinea-Bissau,2009,255321,29.2,73.8,69.0,80.0,80.0,78.0,80.0,12.0,22.485184,3.7111294,928345745.0,2102.9272,0.444,102.94839,21405.612094656808,6773.8445503333705,2389.2593744650567,497.0745523848301,66.20966928,191626.5115343676,356.1169225,4653.360677,1094.548404,67571.23652702264,26.00375,34.260416666666664,19.257083333333338,71.12375,1965.45,,,,,113.5790508329498
GNB,Guinea-Bissau,2010,260429,28.7,73.2,76.0,82.0,83.0,82.0,86.0,11.42,22.24038,3.6589146,980382895.0,2164.1335,0.452,103.00627,25681.33656480969,7203.177255,2279.0437800971176,357.3676671,66.08920517,183204.06557437824,349.2268892,4577.58429,1066.649561,65778.03147373315,26.68125,34.31166666666667,20.374583333333337,72.85208333333334,1870.065,110.4380188,,,55.81663895,113.52498989966476
GNB,Guinea-Bissau,2011,265599,28.3,72.6,83.0,89.0,86.0,85.0,89.0,10.87,21.99523,3.626916,1059647261.0,2278.4058,0.46,103.07426,26714.494833513952,7080.083289276171,2169.600478600478,347.4501443,66.03863427,173559.52759261982,342.4498912,4519.038184,1034.196638,64056.05383096568,26.295416666666668,34.05958333333333,19.51875,69.22625000000001,1421.185,,,,,113.38276560770971
GNB,Guinea-Bissau,2012,270761,28.0,72.2,81.0,87.0,87.0,87.0,87.0,10.37,21.765638,3.5786757,1041496885.0,2180.6077,0.462,103.11165,25883.43234915491,6591.839134,2093.629890474264,339.9774075,65.99765295,162532.95878252853,335.6822787,4468.136481,996.8083478,62321.86802861568,26.36458333333333,34.26125,20.17375,69.30833333333334,1986.865,,,,,107.61161638393826
GNB,Guinea-Bissau,2013,275912,27.9,71.8,81.0,87.0,87.0,86.0,87.0,9.93,21.526443,3.5173368,1075408772.0,2192.4563,0.469,103.12233,24882.09032472477,6003.715854,2012.2725635413844,334.8264102,65.95334137644001,150640.66151359022,328.8430751,4448.968093,957.3559327,60584.48089065558,26.3625,34.2875,19.703333333333333,71.36708333333333,1667.39,,,,,104.2131479706957
GNB,Guinea-Bissau,2014,280788,27.8,71.3,81.0,86.0,86.0,84.0,86.0,9.53,21.272518,3.437122,1085781367.0,2156.2021,0.476,103.153854,21474.92203069349,5354.574817,1933.3868101275264,331.9401442,65.89091155,138400.0344257873,322.1406325,4430.364788213989,919.6827511,58853.25637,26.172916666666666,33.97875,19.413333333333338,71.03416666666666,1883.295,,,,,88.61798746122945
GNB,Guinea-Bissau,2015,284854,27.8,70.9,80.0,86.0,86.0,83.0,86.0,9.18,21.013918,3.35499,1152384166.0,2230.391,0.481,103.17799,17829.47929459916,4937.61267,1883.2372931351267,331.23352480136003,65.79705124,126291.12868169505,315.6528362,4399.250469,886.4784377,57135.20505560072,26.20833333333333,34.235416666666666,19.773333333333333,70.98875,1713.9299999999998,,,,,77.15286499830829
GNB,Guinea-Bissau,2016,287816,27.8,70.4,80.0,85.0,85.0,81.0,85.0,8.84,20.724884,3.273871,1214989490.0,2293.2358,0.486,103.17875,14532.93549849121,4733.557418,1834.654167436713,335.5294287,65.50284176,112478.78241238205,309.7119383,4374.373144,858.6155694926399,55288.28751695937,26.61583333333333,34.723333333333336,20.003333333333337,69.57666666666667,1612.955,,,,,65.58588953290179
GNB,Guinea-Bissau,2017,289339,27.7,69.7,66.0,79.0,79.0,79.0,79.0,8.53,20.428923,3.195197,1271652706.0,2342.4153,0.491,103.17374,12492.02307524778,4631.650922,1788.7963475965398,345.364681,64.9589204,96601.36922736028,304.1454161,4341.582830723751,833.7756021,53298.75206015655,26.93541666666667,34.98875,20.385,68.26833333333333,1627.14,,,,,55.32641236016329
GNB,Guinea-Bissau,2018,289797,27.6,68.9,79.0,82.0,82.0,82.0,82.0,8.21,20.129955,3.1325798,1319485332.0,2373.5015,0.493,103.17172,12538.88218370686,4678.119816,1741.2559671766935,357.2946373,64.332522,81326.92947491484,298.5449677,4301.373202,809.9199501,51363.912326176265,26.37333333333333,34.578333333333326,19.734166666666667,68.4625,1612.185,,,,,55.22618498528674
GNB,Guinea-Bissau,2019,290174,27.5,68.0,79.0,78.0,78.0,60.0,78.0,7.91,19.83193,3.0698032,1389780856.0,2442.1067,0.501,103.16197,14437.67172,4857.804581,1701.0627008260662,367.7944444,63.79214907,69312.17330793424,292.1188609,4254.927603,784.5038745303399,49679.313872527855,26.704166666666666,34.77041666666667,19.449166666666667,66.48958333333333,1344.665,,,,,58.08285715542173
GNB,Guinea-Bissau,2020,290986,27.4,,72.0,74.0,74.0,63.0,74.0,7.66,19.548872,3.027481,1429964954.0,2455.856,0.498,103.157326,18937.516733803008,5208.826636,1661.5009656436914,373.3807498,63.507615441030005,63207.97923261789,282.9348585,4208.788557,754.7324153,48329.96498292507,27.209166666666665,35.660833333333336,20.277916666666663,69.01625,2689.65,,,,,86.00604690280177
KEN,Kenya,2000,5311798,38.6,56.7,78.0,,82.0,79.0,,9.63,11.714178,2.1260767,36630908098.0,3756.6362,0.5,100.86555,57813.28487823842,18877.586247322568,1842.9793486407048,1186.778244,59.78447488106001,260726.33831339944,411.3281381,3196.82538,1348.654908,28885.765810326146,25.460475783666823,34.38693067,17.580383517600833,55.31452022259428,399.9687781440811,93.11335754,39.7841301,1.980870008,,138.48989409894898
KEN,Kenya,2001,5472510,38.5,54.6,77.0,,80.0,77.0,,9.16,11.629028,2.0861588,38015522174.0,3778.2585,0.505,100.91875,65268.030701941934,18458.26007082364,1765.5404632815373,1093.168301,59.60876881,258019.2849967537,409.5824795,3205.608657,1338.645968,27546.63710296328,25.145377592279647,33.82103115270623,17.671508790044726,59.86743521119708,661.7059889627635,93.73526001,40.21210098,2.012130022,,148.9501800679737
KEN,Kenya,2002,5643366,38.5,52.5,78.0,84.0,84.0,83.0,84.0,8.66,11.543821,2.0523849,38223413680.0,3681.2568,0.504,100.95481,61027.18914325416,16619.241479144963,1696.078700143447,872.5126259,59.29347147,255184.99007975688,407.5268839,3228.993779,1323.617493,26055.32365540252,25.058613899619857,33.903342986119014,17.759534033800556,61.42019899926954,763.5610559642033,86.49704742,40.74472046,2.007169962,,136.04059299239842
KEN,Kenya,2003,5812191,38.2,50.6,72.0,73.0,73.0,75.0,73.0,8.16,11.4526205,2.009321,39344305939.0,3674.086,0.515,100.959656,59033.53546150606,14614.81828811294,1609.251052160903,607.3123935,58.91585531,252242.57947230444,404.8822978,3237.36188,1306.179399,24491.57756300327,25.17497890060537,34.023060328153754,17.48434509747697,60.68356221931332,661.7073747785254,100.862709,43.91859818,,,136.4600721117257
KEN,Kenya,2004,5979760,37.8,48.8,73.0,73.0,73.0,73.0,73.0,7.66,11.352486,1.9688994,41352557259.0,3743.5679,0.526,100.98215,47546.519545122486,12201.82916845276,1499.5205460321367,380.0157399,58.55313838,249242.60899456567,401.3401626,3208.7783798628498,1288.567554,22935.55456780193,25.395296828294445,34.133119969051656,17.844627396982023,59.19733089006359,598.3518315726527,100.2038498,45.29244995,2.221430063,84.21124268,114.18402396952868
KEN,Kenya,2005,6147852,37.3,46.9,69.0,76.0,76.0,70.0,76.0,7.15,11.254779,1.937585,43795114731.0,3844.7356,0.532,101.054504,33734.53408015551,10220.30605306928,1379.1501765649443,272.7852722,58.28462172,246232.1326380265,396.8424571,3179.087533,1272.949607,21467.66238934544,25.622976792716987,34.865703260694225,17.563647322507723,56.976118920553496,469.1186811678669,101.0162201,45.94710159,2.2371099,86.41477203,89.89170587703431
KEN,Kenya,2006,6312316,36.7,45.3,77.0,80.0,80.0,77.0,80.0,6.71,11.160424,1.9076166,46629751036.0,3970.7334,0.541,101.10158,24404.15576,8728.347391,1295.515425,255.1054761,58.01713592,243130.6816,391.3589855,3142.612275,1260.191081,19969.277776342027,25.06639638,33.83244833892127,17.94087008719059,62.75136854638364,907.1761551171696,99.28514862,46.93470001,,,73.09842445392917
KEN,Kenya,2007,6476211,35.7,43.7,80.0,81.0,81.0,76.0,81.0,6.32,11.078327,1.8837621,49824229272.0,4116.451,0.548,101.13297,18056.97114496373,7188.608578,1227.900670040452,241.6663303,57.64384307,239771.9666744756,384.4530326,3097.451746,1247.39965,18343.35152,25.03999307027013,33.89887473,17.654245393176137,62.46203875145202,655.8968771565937,106.2844696,47.25120163,,,60.93085140868439
KEN,Kenya,2008,6643532,34.6,42.0,90.0,88.0,88.0,87.0,88.0,5.82,11.003953,1.8638315,49939962360.0,4002.8835,0.553,101.22424,15371.72661973756,5880.756083,1175.9609578568986,232.2877566,57.22915478,236067.0518410473,376.4797543,3055.215516,1234.506475,16717.02286205814,25.24964103460537,34.196509120096934,17.669705510081076,58.73969845875494,570.6468088325875,105.4766312,54.29336166,,,53.61088732492871
KEN,Kenya,2009,6806130,33.3,40.7,88.0,88.0,88.0,89.0,88.0,5.54,10.937274,1.860164,51591446859.0,4012.1943,0.553,101.32625,15179.38693807691,4974.096473,1135.092916602475,226.8224732,56.83846553,231932.50629507145,368.2192222,2999.8932511612697,1222.340067,15223.68094220512,25.801381195811487,34.703713228157106,18.35362601520932,57.46221249361389,528.4303288915328,106.3015289,54.57183075,3.286269903,,43.992505860253225
KEN,Kenya,2010,6946903,31.9,39.9,86.0,90.0,90.0,89.0,90.0,5.35,10.871115,1.8650832,55748929986.0,4211.5244,0.552,101.400925,15765.679294574433,4605.750570217499,1090.738091673598,225.137868,56.53835792,227300.11515017244,360.2457743,2943.356805,1211.163315,14000.093361108273,25.260491629963568,33.83536915231499,18.083440259104083,61.480081875481936,669.528678,,,,,26.81900878359648
KEN,Kenya,2011,7048214,30.4,39.4,87.0,96.0,96.0,97.0,96.0,5.22,10.814824,1.8920884,58603891851.0,4307.106,0.56,101.47845,16316.50377671158,4601.541581337759,1049.2380415818502,227.3772974,56.23458892,221510.5180499568,352.27638555931003,2909.669696,1200.536856,12994.76517053418,25.402089613978617,34.27582832051079,18.032801856410003,59.65785961734687,685.2539316,,,,,15.854582464404391
KEN,Kenya,2012,7098985,29.0,39.3,93.0,94.0,94.0,93.0,94.0,5.12,10.76098,1.911089,61281315911.0,4387.938,0.565,101.524925,17057.35066845252,4667.238796,1009.4943072542172,232.6516633,55.82002408,214184.2581207805,343.8296106,2902.009261,1189.997727,12070.79349,25.215374875974955,33.98568689984163,17.526038838800442,60.02864056513079,683.2318107997177,111.3823383,,,,15.349181949176984
KEN,Kenya,2013,7099356,27.7,39.3,94.0,87.0,87.0,92.0,87.0,5.0,10.707684,1.9184588,63608687382.0,4443.371,0.57,101.52718,17266.00245506378,4727.199107,970.5783782785746,239.10081891119003,55.33627746,205663.7408,335.1821469,2909.284015,1179.600316,11228.159067387973,25.15170884596677,33.846287589687186,17.93330998152646,61.55514548530095,662.6081863578406,,,,,27.590267911434182
KEN,Kenya,2014,7063140,26.5,39.7,95.0,92.0,92.0,90.0,92.0,4.88,10.645738,1.9238683,66801914096.0,4558.552,0.576,101.52902,17045.84926889337,4753.513857,933.9631389791576,244.8390899,54.82364126984999,196293.75065817064,326.6364102,2918.09925,1169.47872,10467.90140768993,25.55682745408704,34.48863762141603,18.10912882636508,59.52049838752525,583.6377244600238,107.0395203,,,99.26023372,34.34583265677836
KEN,Kenya,2015,7011240,25.4,40.1,96.0,89.0,89.0,79.0,89.0,4.74,10.562862,1.9291586,70120446896.0,4679.622,0.583,101.52647,16327.417180209388,4709.16762,904.5973313,248.0187412,54.32187482,186412.47397774976,318.4214565,2908.813413,1159.623878,9791.856397,25.763193695446137,34.62673051403143,18.072678049197247,58.38064514330725,609.5916402350337,104.2979584,70.18744414,7.627956776,101.372903,34.13599818182961
KEN,Kenya,2016,6970314,24.3,40.6,93.0,88.0,88.0,83.0,88.0,4.6,10.458631,1.9333192,73074983895.0,4770.3105,0.594,101.5264,15163.824743231113,4556.656452,869.4019045375605,246.1630439,53.67925937,173153.6456923053,310.1105631,2879.633635,1149.146014,9091.520637,25.84760289,34.68999491905617,18.27344862209928,57.61635093673448,490.34362306202297,103.8827515,73.1205739,9.452024821,102.1206212,33.05283400675119
KEN,Kenya,2017,6948728,23.1,41.4,84.0,81.0,81.0,75.0,81.0,4.53,10.33585,1.9502851,75879571212.0,4846.8623,0.599,101.53423,14789.20937816616,4381.37303,837.4845408450075,239.6921973,52.84234396320001,155839.28079576156,301.5153944,2846.202884,1138.355686,8323.681984,25.90346343394906,34.788683317566345,18.264788913801745,57.2413501,577.1346167718577,102.462331,,9.879022501,,32.922260785398834
KEN,Kenya,2018,6936737,22.0,42.0,92.0,91.0,91.0,89.0,91.0,4.43,10.203899,1.96849,80165208728.0,5017.668,0.605,101.545006,14026.52187906471,4163.619333,804.3885835793415,231.0412526,51.99609456,138062.84152318598,292.694203,2807.916065,1126.670768,7585.741368,24.94267518330724,33.57208719059202,17.626620343972593,62.886256420650845,856.2063794814422,98.10291506,,,,33.455980142807135
KEN,Kenya,2019,6933900,20.9,42.8,92.0,93.0,93.0,88.0,93.0,4.33,10.080177,1.9465293,84264984851.0,5171.7124,0.611,101.55322,13412.66716792146,3982.2133276610703,772.6111931156938,222.5700982,51.32496381,123414.70896477716,283.9287991,2770.891621,1114.370608,6976.567498,25.822247593030283,34.598230623498374,18.677549109508377,61.08815310489519,841.2877400644609,76.22618303,,,,33.058417643764706
KEN,Kenya,2020,6938210,20.0,,89.0,93.0,93.0,92.0,93.0,4.28,9.97112,1.9030716,84035138346.0,5057.4014,0.6,101.5455,13974.19239942963,3942.4326050557497,751.6027642075212,216.5535861,51.012142510290005,115484.6481744627,274.7324922,2737.791087,1098.029355,6515.727543,25.12678924663677,33.647537857895905,18.08114043459528,65.20206551396326,1000.0291798215104,90.11346681,,,,40.99284730153414
LSO,Lesotho,2000,262675,42.1,48.5,74.0,,84.0,82.0,,10.94,15.049196,3.604653,1453365294.0,1932.158,0.462,101.70707,0.0,0.0,2363.7639499415563,1415.3988,47.18746934,187625.0016113796,227.1215986,3418.8351288463195,1707.499724,65743.40107,9.672916666666667,20.20875,-1.06375,65.62875,1097.49,110.6768265,32.28699875,2.505549908,63.50891113,0.0
LSO,Lesotho,2001,259217,42.2,48.7,70.0,,79.0,78.0,,11.11,14.991725,3.6060913,1505128088.0,2004.0334,0.457,101.73706,0.0,0.0,2412.2320465656253,1282.8502950355498,47.18709552,184914.1286162722,225.4466237,3386.83952,1710.4815382735098,65143.65651378532,9.967916666666667,21.41375,-1.639166667,64.26333333333334,1057.51,113.5880127,33.59864044,2.805140018,66.01843262,0.0
LSO,Lesotho,2002,256541,42.2,48.8,78.0,,85.0,84.0,,11.24,14.942076,3.542322,1516022748.0,2024.7872,0.455,101.74706,0.0,0.0,2460.662978,1014.450004,47.10135043,182943.13618262124,223.2961983,3385.629142,1713.544959,64516.41406220492,10.262083333333331,22.28125,-1.82875,60.11625,801.9200000000001,117.122818,34.8072319,2.539309978,69.27057648,0.0
LSO,Lesotho,2003,254929,42.1,49.0,85.0,17.0,90.0,90.0,,11.37,14.899337,3.4662893,1585150007.0,2127.373,0.456,101.742226,0.0,0.0,2400.666171149632,702.7243158,46.98739313,181347.46876012225,221.2284838,3389.964675,1717.644799,63880.75759757468,10.781666666666666,22.807916666666667,-1.132916667,57.25833333333333,750.08,122.843689,35.64479065,3.237600088,72.64969635,0.0
LSO,Lesotho,2004,253864,42.0,49.2,84.0,60.0,90.0,89.0,,11.47,14.86176,3.379879,1611976676.0,2178.6648,0.454,101.7432,0.0,0.0,2246.4646319478165,439.539666,46.899753786720005,179776.69534745257,219.2822783,3379.799643,1722.912451,63254.37357459529,10.705416666666666,21.65375,-0.45625,62.04916666666666,924.44,123.7793884,38.17298126,,77.42024231,0.0
LSO,Lesotho,2005,252611,41.8,49.5,83.0,87.0,89.0,88.0,,11.56,14.831271,3.2960734,1667849758.0,2275.016,0.454,101.71935,0.0,0.0,1944.194960636177,316.3840176,46.89485272,177853.66922026395,217.6220372,3356.271588,1728.4458899315998,62652.62340518065,10.664166666666668,22.1475,-0.317083333,60.56791666666666,945.37,125.1156616,40.78646088,3.851219893,75.2261734,0.0
LSO,Lesotho,2006,252092,41.6,49.9,82.0,91.0,89.0,88.0,,11.53,14.808767,3.2063038,1738401391.0,2381.0203,0.451,101.67738,0.0,0.0,1722.8849524228506,295.6066315,47.14613282,175361.01275253395,216.2531433,3340.224439,1730.584959,61856.16772,9.438333333333334,20.78875,-1.848333333,68.5,1168.82,128.9740601,42.65327835,3.99251008,99.02928925,0.0
LSO,Lesotho,2007,252902,41.2,49.8,81.0,90.0,88.0,87.0,,11.15,14.791024,3.1226447,1811204148.0,2470.3147,0.458,101.64891,0.0,0.0,1678.119513582914,278.8399414,47.67444704,172359.3765257761,215.1222646,3345.550463,1727.914023,60716.14628073162,10.354583333333332,22.925833333333333,-2.674166667,58.07041666666667,765.615,122.7162399,46.93386841,,93.53604126,0.0
LSO,Lesotho,2008,254483,40.5,49.9,80.0,88.0,88.0,86.0,,10.88,14.778361,3.035388,1911244554.0,2589.1663,0.463,101.61082,0.0,0.0,1628.7341188083128,266.33906,48.29955805,168978.1607268632,214.0902431,3360.5298493476203,1723.886747,59356.35706670829,10.524583333333334,22.0275,-0.93625,62.19083333333333,931.64,121.2360916,51.01676941,,90.19387054,0.0
LSO,Lesotho,2009,256924,39.8,49.2,84.0,91.0,91.0,89.0,91.0,9.64,14.76864,2.951926,1887282177.0,2538.1934,0.468,101.57717,0.0,0.0,1586.9970008356247,258.5106048,48.83405809,165401.54531866132,213.1598924,3354.7905636494297,1720.837228,57904.41814707291,10.172083333333331,21.082916666666662,-0.95625,63.13791666666666,824.16,118.8426208,56.78466034,,90.54904175,0.0
LSO,Lesotho,2010,260200,39.1,48.7,88.0,93.0,93.0,92.0,94.0,9.01,14.768033,2.8810673,1986735734.0,2651.378,0.478,101.559525,0.0,0.0,1568.866335383235,255.725254,49.09880913,161726.57436516514,212.6184912,3344.830497,1719.015564,56485.65596940933,10.864583333333334,22.692083333333333,-0.62375,60.49375,929.1,116.6447566,62.8373909,,91.46723938,0.0
LSO,Lesotho,2011,264892,38.3,48.7,92.0,96.0,96.0,95.0,96.0,8.59,14.770024,2.8073504,2078451680.0,2749.3196,0.485,101.56757,0.0,0.0,1553.4971088034922,257.5776554,49.14653303,157659.22806616014,211.6976332,3311.4682058840003,1710.5436589194298,54970.40574215394,9.391666666666666,20.78875,-1.4075,65.84791666666666,1010.6,114.7794391,65.86303711,,91.01828003,0.0
LSO,Lesotho,2012,269871,37.5,49.0,91.0,95.0,95.0,93.0,95.0,8.26,14.772323,2.7444062,2210102550.0,2894.227,0.496,101.55989,0.0,0.0,1522.3709499425552,262.1348276,49.16123286,152811.2632333894,209.3038471,3302.621272,1686.5483247712798,53237.38138,9.979166666666666,22.422083333333333,-1.965416667,60.435833333333335,874.69,113.194436,68.14608002,12.76495366,91.30688973,0.0
LSO,Lesotho,2013,273941,36.7,49.3,90.0,93.0,93.0,90.0,93.0,8.02,14.762899,2.6834977,2249719203.0,2914.3752,0.502,101.53033,0.0,0.0,1488.7198611186122,267.4384555,49.16330123654001,147136.2414,205.4257709,3293.919943,1649.21491,51422.769157832896,10.173333333333334,22.461250000000003,-1.257083333,57.25583333333333,769.805,108.8237588,65.93668365,12.14724032,92.00786698,0.0
LSO,Lesotho,2014,277767,36.0,49.7,92.0,88.0,88.0,88.0,88.0,7.82,14.748305,2.6268716,2288201773.0,2930.6172,0.509,101.53608,0.0,0.0,1458.4105377865994,271.60907,49.16903068,140666.30834610967,200.7324222,3268.9805202455605,1609.328886,49663.07936600845,10.339583333333334,22.1575,-1.105833333,59.32583333333333,780.49,106.0494309,66.7313219,12.09334971,88.54688309,0.0
LSO,Lesotho,2015,281335,35.3,50.3,93.0,83.0,83.0,85.0,83.0,7.51,14.72421,2.566168,2359686724.0,2986.9587,0.517,101.59415,0.0,0.0,1420.0090956524684,272.8689519,49.18713139,133511.36194580654,196.1925854,3249.406618,1581.93471,48098.720279311405,11.11375,23.416666666666668,-0.935416667,56.553333333333335,671.1949999999999,103.252749,67.82707744,11.55035237,85.15285649,0.0
LSO,Lesotho,2016,283676,34.6,50.3,90.0,87.0,87.0,87.0,87.0,7.18,14.684439,2.5125253,2444845631.0,3057.261,0.526,101.641716,0.0,0.0,1380.6938459622502,260.0855648,49.21748698534999,123181.83974758357,191.6301912,3252.009564,1566.293142,46580.86786585766,10.849583333333332,23.571250000000003,-1.43625,60.19291666666666,947.815,102.2816994,65.097229,,86.25649056,0.0
LSO,Lesotho,2017,284383,34.2,50.5,89.0,89.0,89.0,88.0,89.0,7.12,14.636354,2.458587,2368122098.0,2924.681,0.531,101.65791,0.0,0.0,1353.1708120492829,230.732118,49.25454752,109249.20122087454,187.2369238,3228.443089,1556.583376,45001.80319,10.241666666666667,22.115,-1.85875,60.309583333333336,1049.1,103.5033698,68.13875186,12.60363035,,0.0
LSO,Lesotho,2018,283732,33.7,50.7,89.0,90.0,90.0,90.0,90.0,6.91,14.57876,2.4079483,2333058897.0,2846.4182,0.538,101.67637,0.0,0.0,1332.1339954188522,195.7802391,49.2982339,94893.20150445652,183.703937,3244.414591,1553.1694379542598,43565.02474631675,10.28375,22.289583333333336,-1.539583333,60.32041666666667,866.7750000000001,94.17738851,,11.9503822,96.7920541,0.0
LSO,Lesotho,2019,281728,33.6,51.4,90.0,92.0,92.0,94.0,92.0,6.87,14.514068,2.3610382,2299976266.0,2773.2864,0.541,101.69352,0.0,0.0,1312.2602217357007,166.0818373,49.35179444039999,83246.33774,180.9203184,3237.749679,1548.442718,42472.37021578831,11.353333333333332,23.720416666666665,-0.101666667,55.42083333333333,871.48,91.88353159,,,85.92291919,0.0
LSO,Lesotho,2020,278781,33.4,,90.0,93.0,93.0,96.0,93.0,6.68,14.447424,2.3278432,2112391171.0,2517.1104,0.537,101.73951,0.0,0.0,1282.175499071065,152.539274,49.42092309,77435.21036972628,178.850842,3231.2563398967595,1529.999742,42075.53292,10.127083333333331,22.0225,-1.564166667,61.37291666666667,1026.92,86.5122794,,,79.54088607,0.0
LBR,Liberia,2000,502844,45.0,81.0,63.0,,48.0,56.0,,19.24,19.33045,3.6522791,2210291803.0,1868.1798,0.443,102.30896,114256.97908098529,44433.99899237186,4669.324485203828,1408.090353,82.75296373993001,264652.69588421163,421.211994,5108.110262,1253.25496,54566.20314639215,24.47448578876607,30.24254067497193,19.690815366712204,85.81398181838118,1946.288262,90.98886108,28.43935966,13.03125,,888.2500514689307
LBR,Liberia,2001,518398,44.1,79.6,58.0,,44.0,54.0,,17.94,19.42926,3.5669525,2274838397.0,1867.1191,0.448,102.387985,115901.20101111555,43485.625883882974,4195.191852,1399.648047,82.60351683,260886.8514755992,413.73953039033006,5031.338961,1209.286959,51497.78709525051,24.882089940078245,31.18279130542425,19.81050190086882,83.73977919108316,1251.950289019242,,,,,844.3556126124354
LBR,Liberia,2002,531590,43.1,78.2,52.0,,39.0,51.0,,16.66,19.560871,3.482836,2360440967.0,1887.646,0.453,102.46345,116380.85358195203,42154.55882194565,3832.646753533013,1391.455319,82.33879165492999,258217.98524184257,403.9938684,5009.812602,1175.459478,47634.483071975366,26.10681863108697,33.89324089986981,20.51287594504116,76.39708470604977,937.9302744547064,,,,,791.5034942803219
LBR,Liberia,2003,534257,42.5,76.9,47.0,,35.0,49.0,,15.43,19.73079,3.415,1648882904.0,1308.1509,0.429,102.54326,116469.47788280468,40621.53954169419,3610.397714376245,1382.120299,82.02508059,256014.95718767264,394.5851122,5001.0757,1154.650349,43485.28805735596,26.20497296254797,33.91629659,21.14456836,77.52218630909316,1080.268984838482,,,,,737.521334313475
LBR,Liberia,2004,538724,41.9,75.6,41.0,,31.0,47.0,,14.31,19.8317,3.3158698,1692081112.0,1326.5356,0.442,102.62902,109430.32162801096,38661.24493784745,3397.692506888892,1369.97292,81.75293844,253444.8447,386.0614846,4965.410025,1118.107459,39490.95984917908,26.119159110766493,33.24564308896979,20.95414949869491,78.55267965998814,1167.457325621381,,,,,781.7084017425724
LBR,Liberia,2005,562222,41.2,74.4,62.0,,60.0,66.0,,13.32,19.86576,3.1985726,1781443510.0,1335.6173,0.446,102.72625,105990.67697202602,37001.39306918756,3206.018620846212,1350.0720908933502,81.56964022,250202.10270941345,377.356485,4951.348815,1100.298612,36241.02860242125,26.05147402062535,33.73827668,21.04129998434052,78.39680355931814,989.0283671365344,,,,,754.9317056207341
LBR,Liberia,2006,594782,40.5,73.3,63.0,,60.0,66.0,,12.48,19.84137,3.0618112,1924741222.0,1364.6035,0.45,102.82848,102376.24567296426,35101.721089143364,3112.4901592553147,1240.892694,81.39742159,246110.0704049354,367.8904259,4876.545455,1117.519825,33687.54980585804,26.091382822070184,33.76426712394876,21.099154650556475,77.90481104143514,1048.6804970521353,84.75479889,,,55.98991013,699.1613002576637
LBR,Liberia,2007,626141,39.6,72.5,71.0,,65.0,67.0,,11.8,19.787966,2.9188998,2108270598.0,1422.1002,0.455,102.891106,99516.91434753752,32949.111413227874,2947.055405351395,1016.709042,81.23121071198001,240222.0508982104,357.6620282,4800.321132,1107.628987,31172.33082172013,25.87150117,33.29908021178303,21.045350784886747,78.31021658184238,1064.1805432377475,,,,,635.5816849898409
LBR,Liberia,2008,651236,38.6,71.8,76.0,75.0,75.0,79.0,75.0,11.26,19.75455,2.8047853,2258921103.0,1463.124,0.459,102.91837,97274.29638365773,30933.18945366858,2801.783589088949,757.6992653,81.10725981,232788.16035517608,349.7125936,4728.119069,1075.715952,28763.56687308533,25.349634508944447,31.979863166149425,20.33818425923772,81.91053183686599,2184.4054288453744,83.42929077,,,52.35855865,578.9754363456854
LBR,Liberia,2009,669007,37.6,71.4,83.0,81.0,81.0,84.0,81.0,10.81,19.73624,2.7205205,2378656131.0,1492.9982,0.463,102.92088,92780.37102182064,29263.927476211487,2696.8787949845923,541.2307794,81.02424431413999,224614.7455508746,341.5891624,4677.517826,1038.649363,26626.40471649715,24.83187979679039,30.56167472460901,20.13870568,85.8648845,2233.4434759730207,89.7628479,,,51.75444031,505.876393829251
LBR,Liberia,2010,683430,36.5,71.3,65.0,70.0,70.0,71.0,70.0,10.44,19.717737,2.6585667,2523749998.0,1538.8508,0.467,102.90193,88023.12251495295,28453.74367,2604.251375779073,446.3312332,80.99141954,216347.86089291816,333.93932,4617.03937,1003.105197,24876.69820664595,25.1710008,30.81891122953795,20.55922063893195,86.82076336680298,2488.196719216633,,,6.159122306,,472.17309921442023
LBR,Liberia,2011,697295,35.5,71.4,71.0,77.0,77.0,77.0,77.0,10.11,19.69694,2.6341774,2730716886.0,1601.0337,0.471,102.9176,84024.26281145908,28434.53793943359,2532.5310041922835,439.4880265,80.93486272,208051.32070917508,327.710216,4602.507447,981.8657185,23423.291525220448,24.86910413372205,30.583380295214223,20.254395606906307,85.72967594430834,1515.6872930798866,95.26483108,38.80598831,,57.487359,463.1432157249299
LBR,Liberia,2012,710726,34.6,71.6,80.0,80.0,80.0,80.0,80.0,9.82,19.679974,2.6022027,2949005327.0,1668.9729,0.475,102.99286,79564.32115592806,28682.32209208984,2505.5914863390776,434.62416027231006,80.79562322,199195.49479018908,321.1921532,4585.298221,973.4171916,22119.05077855046,24.912428033520115,31.175472309023192,19.630996559986887,83.95926168712053,1948.985868550936,,,8.236320013,,394.01521511743863
LBR,Liberia,2013,721316,33.6,71.9,74.0,80.0,80.0,80.0,80.0,9.54,19.671824,2.580594,3205193907.0,1774.5206,0.481,103.01575,81048.92802521859,29492.14388137985,2436.6072509248647,432.0693726,80.63464484301001,189216.5472,315.6244525,4596.186563,944.4104453,20929.86046796945,24.782031672650177,30.75516098881671,19.64715874834255,85.28894918871883,2076.581107537423,49.67438373,,,,341.95155446186754
LBR,Liberia,2014,729013,32.7,72.2,58.0,63.0,63.0,62.0,63.0,9.5,19.688673,2.5689647,3227674916.0,1750.1438,0.479,102.97044,88972.02757442127,30783.720266628538,2414.346026975144,430.9680828,80.46772264,178100.58396143757,310.5856379,4641.306903,907.0799918,19927.206490587072,24.71710550857625,30.04037009959801,20.09898442000333,87.6231398,2895.075067798893,87.72257312,31.78520966,,52.80516222,348.50333608182837
LBR,Liberia,2015,734522,32.2,72.5,64.0,65.0,65.0,65.0,65.0,9.08,19.716413,2.5662506,3227075700.0,1714.0905,0.48,102.93243,93264.87950542568,31838.76662164158,2313.2250616053534,431.2057667,80.28032643,166083.17053767797,306.0682336,4628.915375,887.0515952,19235.16349451969,24.59451849000435,30.29751613367368,19.20237887207819,85.92073847897149,2612.005538484661,84.50884624,31.3665905,,,352.3952115891529
LBR,Liberia,2016,739348,31.3,72.7,70.0,73.0,73.0,73.0,73.0,8.83,19.76233,2.5525315,3176896008.0,1653.3105,0.485,102.917435,102402.15653278322,33569.99587508425,2196.997594,440.4546686,79.99487122,149584.10329284868,302.94289217111003,4664.273831,870.0839374255601,18588.65962389531,25.23422731105332,31.56413531737188,20.035225,83.73252083456214,2072.190836244416,82.99532345,,,60.00236283,361.5454679578594
LBR,Liberia,2017,741685,30.4,72.7,75.0,80.0,80.0,79.0,80.0,8.6,19.80836,2.5404465,3254893758.0,1661.3029,0.491,102.92559,109399.7507,35736.21834373954,2115.2981258056493,460.6633911,79.58161806,128184.15882456535,300.3222779,4676.421248,853.0797370903899,17817.36123150415,25.384508311637376,31.324502304213024,20.50656583763152,84.61740053820634,1912.708734348292,78.65854276,,,54.37914216,364.6887112817284
LBR,Liberia,2018,743002,29.4,72.6,74.0,81.0,81.0,79.0,81.0,8.4,19.849106,2.524701,3292571599.0,1647.9745,0.495,102.92661,108165.9423510198,37504.59013,2045.320098997848,484.0230577,79.14700709,106315.22115668246,296.5799767,4665.68425,832.2312973,17080.14634048394,25.10860328,30.96902854,20.30041044880695,84.80551963,2842.3281722399392,,,,,358.5410341188729
LBR,Liberia,2019,746561,28.4,72.3,68.0,71.0,71.0,69.0,71.0,8.19,19.868752,2.504488,3211334057.0,1575.7666,0.497,102.92536,105150.46915420637,38762.64043696564,2005.9727468829344,503.1491102,78.78867455,88489.95134107079,291.3635993,4641.752416,809.5725222969099,16553.22856289547,25.27006179018277,31.21909651,20.35273387510588,85.51230410457036,2639.013454642205,,,,,347.08056302996647
LBR,Liberia,2020,751896,27.3,,61.0,66.0,66.0,67.0,66.0,7.97,19.881266,2.4738529,3115556299.0,1497.377,0.498,102.92129,103603.25253080003,39216.55822389589,1982.924638862454,510.6831672,78.60498613,79185.07624,284.0075212,4614.4073462405695,779.6955299,16319.67069909996,25.16228343394511,30.979499428636952,20.04233967655017,85.03435708,2359.667791909253,71.70403187,37.02209854,,,421.9849773134203
LBY,Libya,2000,540914,19.8,33.2,93.0,92.0,94.0,94.0,,2.81,,1.1552931,57579668503.0,17747.02,0.727,106.56634,0.0,0.0,556.2735832944929,84.25883627,43.91100874,113198.08604783556,70.61999135,1689.0988984885498,649.1706613,9974.44704,20.93203107143319,33.98895220953999,10.297309550434862,37.15237176369568,38.02936719168617,,,47.45005035,,0.0
LBY,Libya,2001,556122,21.1,32.7,93.0,93.0,94.0,94.0,,2.73,,1.1278534,56564631725.0,17115.988,0.73,106.56704,0.0,0.0,543.9238015899123,65.78366088,43.32853636,108588.2517992093,70.00831045,1681.109961,645.537873,9759.421686353551,21.871135216117302,35.62755402602836,10.962228081479312,35.21943139248475,34.30957698384968,114.3839264,,53.57106018,,0.0
LBY,Libya,2002,573973,22.5,32.3,91.0,91.0,93.0,93.0,,2.65,,1.1046985,56022234980.0,16629.436,0.733,106.48644,0.0,0.0,533.4963919943162,50.0361794,42.68905506,104642.68719419156,69.36034025,1678.099099,639.6266317,9568.672931,21.83859994343399,35.17488710433097,11.001222493762342,36.22779436703045,30.16568235517669,110.9036636,114.3086472,60.31866837,,0.0
LBY,Libya,2003,593959,24.2,32.0,96.0,96.0,95.0,95.0,,2.55,,1.0766146,63314109952.0,18422.734,0.739,106.35166,0.0,0.0,517.9170417234045,37.59941808,42.06709885,101148.07814551228,68.80574931,1677.136762,632.9651548,9378.07379,21.953289437888525,36.02085065564268,11.131915107079566,34.91413553,27.10294558953909,106.8316574,110.3006134,62.33657074,,0.0
LBY,Libya,2004,615934,25.8,31.6,99.0,99.0,97.0,97.0,,2.44,,1.0451496,66138956972.0,18851.203,0.741,106.20552,0.0,0.0,502.80037352671343,29.055579349930003,41.53721135,97891.64352324164,68.35226586,1672.3671811093102,626.2934187,9163.420999,21.82370984501009,36.13592057,10.607522877672496,35.16182726250833,24.40376278737467,106.7401733,,,,0.0
LBY,Libya,2005,638492,27.2,31.0,97.0,97.0,98.0,98.0,,2.31,,1.0115943,73990151521.0,20649.463,0.747,106.3885,0.0,0.0,487.6151165672234,25.000418059750004,41.17336805,94662.98394,68.12306949,1662.940893,620.8534543637501,8900.434121,21.855016182032813,35.95993695646903,10.49545861248165,36.12320637165971,40.464171268052304,101.7281189,102.0426788,,,0.0
LBY,Libya,2006,658638,28.3,30.4,98.0,98.0,98.0,98.0,,2.17,,0.9769682,78799900129.0,21545.299,0.751,106.8522,0.0,0.0,470.4853735744561,23.51374245,40.77277513,91455.25234622312,68.49784741,1666.073901,616.4946659,8526.986233,21.690146241485124,35.28889060379111,10.613953047398857,37.314445939251534,40.25171418214589,104.3565216,105.5841599,,,0.0
LBY,Libya,2007,676090,28.9,29.5,98.0,98.0,98.0,98.0,56.0,2.02,,0.9399027,83709120342.0,22422.012,0.754,106.659676,0.0,0.0,453.5889344626105,22.30104395,40.17826995,88370.70643279738,69.51551734931999,1661.540585,611.6735409,8062.694457,21.791956086207943,35.40225358574931,10.748063480844626,35.68691842305751,38.44543620754873,,,,,0.0
LBY,Libya,2008,691605,29.0,28.8,98.0,98.0,98.0,98.0,98.0,1.88,,0.90887284,83573471186.0,21915.197,0.754,105.97827,0.0,0.0,436.0977316890731,21.39282889,39.52902573,85380.73076253459,70.71731493,1670.6248684339598,607.2821598,7608.36054,21.92377688698293,35.53021454256496,10.985477472716688,36.23006873234752,55.22958154320668,,,,,0.0
LBY,Libya,2009,704418,28.6,28.1,98.0,98.0,98.0,98.0,98.0,1.76,,0.8813825,79896086548.0,20518.965,0.753,105.51294,0.0,0.0,422.4716601581465,20.82189102,38.96247238,82452.45107887506,71.69695901258001,1680.520414,603.354356,7264.64639,21.80959017078054,35.49047012966578,10.996640419230577,34.71874877,35.177857700165724,,,,,0.0
LBY,Libya,2010,716887,27.7,27.5,98.0,98.0,98.0,98.0,98.0,1.66,,0.8597774,83912660700.0,21115.525,0.755,105.34961,0.0,0.0,406.3398216165474,20.61704946,38.61570744,79538.78533831824,71.96105551,1703.27638,597.6151662538499,7129.908507,23.128570533709688,37.33080490253973,11.328901155396858,32.30163257,23.44295551335832,,,,,0.0
LBY,Libya,2011,713795,26.8,27.1,98.0,98.0,98.0,98.0,98.0,1.96,,0.85028243,41672273290.0,10741.921,0.715,105.51776,0.0,0.0,420.85387764337065,20.9736201,38.43557882,76739.22664605392,70.90509462,1729.745613,588.8806508164599,7152.3960362832495,21.38332961302432,34.85888934317605,10.73430090959952,38.136707259844265,57.06829759085033,,,,,0.0
LBY,Libya,2012,704021,25.8,26.8,98.0,98.0,98.0,98.0,98.0,1.51,,0.82996094,77854953189.0,20601.002,0.758,105.54738,0.0,0.0,388.8802456442757,21.842921433220003,38.27835736,74072.16547907858,68.77535272524999,1716.425915,577.0740303,7202.792725,21.52770516959578,34.672021267838645,10.798396790748264,36.47317898581018,49.30827982020673,,,,,0.0
LBY,Libya,2013,705848,24.5,26.5,96.0,96.0,96.0,96.0,96.0,1.45,,0.8199114,63842648630.0,16557.5,0.748,105.409744,0.0,0.0,378.0299181,22.8853714,38.14294471,71382.88030394084,66.28103812,1721.018884,564.0917949,7264.374272,21.82807738,35.24284679978454,10.849233883708242,33.942380376970455,40.75535793,,,,,0.0
LBY,Libya,2014,709852,23.1,26.4,93.0,94.0,94.0,94.0,94.0,1.39,,0.81254745,49131511071.0,12499.083,0.728,105.42774,0.0,0.0,379.1242670943943,23.76098568,38.02847267,68514.95077771343,64.10211001,1733.88397,551.6081764,7320.192005248211,21.93296735223598,35.521959744438895,10.860058205142405,34.34056580623189,34.544653993225246,,,,,0.0
LBY,Libya,2015,711049,21.8,26.3,98.0,97.0,97.0,97.0,97.0,1.33,,0.79824305,48717501321.0,12195.349,0.728,105.450645,0.0,0.0,373.1733139757437,24.13062715,37.93742035,65299.42209823588,62.935962895660005,1723.845105,538.8283343,7349.970910485221,21.363817375953843,34.80695740808364,10.346165888352344,37.84029629467515,54.726009111981966,,,,,0.0
LBY,Libya,2016,706132,20.4,26.2,97.0,97.0,97.0,97.0,97.0,1.28,,0.7826155,47991152062.0,11831.826,0.725,105.47248,0.0,0.0,363.0014459255631,24.04753829,37.96121029,60774.71792301248,62.57215629,1710.649839,526.1160575,7351.682092,22.29439727616834,35.55481277407733,11.25064305827585,35.10056534975281,35.90033370779195,,,,,0.0
LBY,Libya,2017,701818,18.4,26.3,95.0,97.0,97.0,97.0,97.0,1.24,,0.76539063,63584342257.0,15428.116,0.74,105.47456,0.0,0.0,351.44558620303485,23.84324141,38.13258194,54969.00383755093,62.24538026,1681.079903,514.486028,7337.229847,21.19989702048636,34.84924812888847,10.550441781881142,36.69786830408959,38.16451658532411,,,,,0.0
LBY,Libya,2018,698388,16.7,26.4,73.0,73.0,73.0,73.0,73.0,1.19,,0.74677473,68633808773.0,16385.164,0.743,105.482475,0.0,0.0,341.4807272369974,23.59885107,38.3681349,49192.17429,62.01372046,1672.35256,502.4280641,7304.574542529869,22.668163349714064,35.552446893761186,11.553907848557865,36.37481778621393,51.97307941300884,,,,,0.0
LBY,Libya,2019,689821,15.0,26.6,73.0,73.0,73.0,73.0,73.0,1.16,,0.7327767,60949510655.0,14337.196,0.737,105.50729,0.0,0.0,333.2437850129992,23.39001343,38.58267994,44757.79320039678,61.93295399344999,1652.321528,488.9069698,7251.6470816171795,21.64322390926453,35.15504737742699,10.65101743349557,36.18720004207325,56.59549854,,,,,0.0
LBY,Libya,2020,678822,13.3,,73.0,73.0,73.0,73.0,73.0,1.12,,0.72293115,42996651437.0,9978.664,0.688,105.51837,0.0,0.0,336.9715054682205,23.29418835,38.68910527,42980.41886132824,63.06383626,1659.487909,472.5684918,6957.454676842261,21.86953294141146,34.99194389584266,10.954453233890357,38.38006348761703,67.76047844,,,,,0.0
MDG,Madagascar,2000,3051239,56.1,64.4,57.0,,57.0,58.0,,10.5,20.027418,2.239302,7688842733.0,1701.4432,0.443,102.79877,52104.82696,17592.90890640239,2296.7068535953044,1819.585078,59.88881506,302681.1946500507,508.1825875,4547.221815,1287.562883,48372.48750364093,22.20649631653973,30.41614124727513,15.66289878599882,76.4282015,1604.3259256761517,94.93506622,,1.885660052,35.39220047,119.73620503613668
MDG,Madagascar,2001,3117553,55.8,62.5,59.0,,60.0,60.0,,10.04,20.00854,2.1790752,8148653656.0,1748.5035,0.451,102.73451,52464.14621163562,17454.16396815551,2189.489291444314,1677.787901,59.40545622,296981.4578544589,503.00617150308994,4536.122645,1267.1419965523198,48260.95172,22.27027458430293,30.41103155009802,15.422732500254112,77.02519742898927,1532.126900519606,95.5036087,,1.735430002,34.99208832,128.4540656298946
MDG,Madagascar,2002,3170786,55.6,61.0,61.0,51.0,62.0,61.0,,9.6,20.00851,2.131654,7137571065.0,1486.4343,0.448,102.66365,48691.552660211615,17145.69514888223,2096.2546606769656,1352.750731,58.96870617,289963.1430518101,494.80925430828006,4519.305638,1234.857857,47835.25271490478,22.311943474978857,30.274651388944417,15.340604726799375,77.86860542970494,1889.204058055304,95.82933044,,1.762240052,34.90010834,129.42083216172082
MDG,Madagascar,2003,3213906,55.3,59.6,65.0,61.0,66.0,65.0,,9.2,19.983624,2.074021,7835974694.0,1584.7493,0.458,102.62551,50091.98926044136,17133.85540471116,1993.8705631601429,965.8415239,58.60732794,283003.9390314573,485.7678726,4475.579838,1197.945875,47155.46002333112,22.29720585344594,30.19086518,15.437737365489946,78.50933435219842,1949.867725224247,109.087532,,1.920709968,38.62105942,135.4233902793047
MDG,Madagascar,2004,3255174,54.8,58.4,79.0,71.0,78.0,74.0,,8.82,19.934708,2.0129013,8247912168.0,1620.1195,0.465,102.62828,51945.52094448936,17076.73735279635,1913.8605124902333,637.577291,58.34961836,277538.1100709855,478.0192208,4395.103532,1162.416996,46288.48095,22.340254914410465,30.129877573608457,15.392431397500664,78.25698039329292,1942.1424433461152,123.5615234,,2.330339909,44.2780304,141.91451077138012
MDG,Madagascar,2005,3302116,54.3,57.2,74.0,81.0,85.0,80.0,,8.46,19.859478,1.9521587,8640170094.0,1648.1763,0.47,102.63382,54307.37395893002,16909.44291066971,1831.636054971078,487.4178509,58.22543528,274974.05958257784,472.9988275,4367.328603,1133.332153,45298.75349378957,22.348831168335664,30.289498270767293,15.633498823660185,77.60404651002908,1623.5458498829448,127.0595474,20.12457085,2.418540001,54.98907089,169.2438870876591
MDG,Madagascar,2006,3355985,53.7,56.2,71.0,82.0,85.0,83.0,,8.12,19.768824,1.887234,9106610406.0,1686.8634,0.474,102.63746,51850.43621,15566.46478724692,1771.4017695137827,467.9574957,58.253894204320005,275090.6045140755,470.284134,4394.956974,1109.983211,43951.61272913208,22.77222476274701,31.177304228083244,15.64996128,75.22787669,1497.3721055036565,126.7288895,22.55224991,2.581429958,53.39733124,164.46094750777922
MDG,Madagascar,2007,3418171,52.9,55.2,81.0,84.0,84.0,83.0,,7.81,19.69024,1.8513621,9626649240.0,1731.6176,0.482,102.6348,38024.66724619147,12479.31677674221,1725.6932127317675,452.5206636,58.39110010187999,276254.96697031736,468.8427505,4489.533322103461,1089.502061,42121.95041131192,22.37365994,30.58451261729186,15.692693327724518,77.60218156894399,1747.0309117485822,128.4717102,24.87747002,2.974119902,56.92501831,133.34933000929237
MDG,Madagascar,2008,3489922,52.0,54.1,70.0,77.0,77.0,77.0,52.0,7.53,19.631638,1.8275723,10272850829.0,1794.4023,0.49,102.68898,30748.37551273759,9455.107923,1696.2947027466269,441.5000917,58.57316859,277767.11245456006,468.3417232,4610.189827907439,1070.928456,40040.440344678005,22.472977543561484,30.77132261875586,15.69825125730972,75.24441085970177,1333.9754281555893,131.9187164,26.98266029,3.086289883,62.85055923,118.8046728671446
MDG,Madagascar,2009,3569847,51.0,53.2,63.0,77.0,77.0,76.0,77.0,7.28,19.603888,1.8139411,9864124029.0,1673.1555,0.493,102.79349,24367.52683925305,6945.896807,1671.0817489545775,435.2339476,58.73713276,278929.21081726975,467.9076173,4705.828982,1052.445616,37939.15638501063,22.76742285,31.13949489625439,15.60211139035726,75.69443353,1432.340947957527,139.8722229,28.01639938,3.309700012,69.22145844,100.8019662991276
MDG,Madagascar,2010,3652170,50.1,52.3,66.0,70.0,70.0,70.0,71.0,7.07,19.575817,1.8103299,9925206605.0,1635.2451,0.493,102.90963,19349.82299555442,5751.630994,1654.4949761475043,434.1193855,58.81887832,279059.5733713792,466.9503175,4777.103698,1033.263952,36052.83549656182,22.91007007505392,31.38611422282077,15.94126391451995,75.29764721149827,1394.374133015131,135.4572377,,3.48259681,66.10626707,79.45089400188465
MDG,Madagascar,2011,3726574,49.2,51.6,62.0,73.0,73.0,73.0,73.0,6.9,19.543402,1.8126158,10081868751.0,1614.5514,0.494,103.02214,17665.47245380496,5636.178341,1636.6446167544548,459.7901208334901,58.90891083,277398.56367238204,463.20071682007006,4807.628347,1011.372944,34272.29402740493,22.675536393989702,30.91298041,15.69801024,76.56083646114736,1475.3430001222166,135.2716345,33.63895035,3.88667638,67.88046274,73.54471600330317
MDG,Madagascar,2012,3789222,48.2,51.0,63.0,68.0,68.0,71.0,68.0,6.77,19.49898,1.8157789,10385448752.0,1617.7908,0.496,103.09301,18066.720052177927,5664.720365,1621.5332257163757,518.935332,59.08916258,273845.6942333396,455.6667521,4811.58814,986.8524357,32402.778526685823,22.36436680426847,30.29123257164396,15.544829024001006,78.16856251296274,1823.7229583583323,136.3324627,34.95199199,3.921458458,66.99029442,74.78716464722656
MDG,Madagascar,2013,3843865,47.4,50.6,64.0,70.0,70.0,72.0,70.0,6.69,19.436491,1.8172117,10624353147.0,1610.6023,0.497,103.16364,19508.425865220768,5772.140322,1607.8028864585765,589.5528526,59.28232325,268726.7335891504,445.906049,4827.574808597869,961.5880024,30553.229597732217,22.35845484519544,30.77228083182784,15.434445830807569,76.22905487770483,1608.6003935494714,136.5974465,,4.100631516,66.61076677,79.15822165612136
MDG,Madagascar,2014,3890888,46.5,50.2,66.0,68.0,68.0,71.0,68.0,6.62,19.35283,1.8180366,10979121878.0,1620.3579,0.5,103.21882,21026.36925101317,5897.902443,1589.272015,649.6759625,59.41039349,262392.9867483404,435.6388801,4809.066237,937.0586709,28834.00278676514,22.43171342535441,30.725602860603857,15.204196193247856,76.73065810589573,1634.0593570158223,137.852739,35.82715145,4.538935524,67.15176584,85.48701910305171
MDG,Madagascar,2015,3933893,45.6,49.9,60.0,62.0,62.0,68.0,62.0,6.58,19.259472,1.815417,11323020701.0,1627.5806,0.501,103.25325,19853.00439510084,5877.971986,1579.0464401605486,677.2416091,59.39690344,255189.7480598476,425.8549809,4773.411937,913.4874773,27355.92356083012,22.56239365288937,30.766396199148687,15.350242097270812,77.25507634435176,1900.658948441779,139.3599167,36.25675964,4.47684205,67.56755086,82.64342166267363
MDG,Madagascar,2016,3985927,44.6,49.7,62.0,68.0,68.0,72.0,68.0,6.57,19.154608,1.8092757,11775165456.0,1648.9122,0.501,103.28999,19179.08505945243,6045.432029,1533.9792253932253,679.2725332,58.94056958,240500.8708004193,416.53794969431993,4720.030203,890.9742054,26072.45632802732,22.66569834778059,30.944291112982665,15.567886088129008,75.31132726152906,1429.5183607471913,135.2914397,36.28224182,4.515845308,66.56431862,77.77473063276454
MDG,Madagascar,2017,4053210,43.5,49.6,55.0,65.0,65.0,69.0,65.0,6.57,19.043325,1.8103437,12238318933.0,1669.7277,0.505,103.30574,18979.527792888883,6454.279841516291,1486.720803761487,678.6613971461101,58.00349851,216112.3553323609,407.2758789,4665.185958,868.6736656558501,24883.82141,23.138799926418613,31.53224357041164,16.12151079423304,74.83234160752271,1696.8169695367224,139.9570182,35.2360569,4.948731466,66.25359435,79.88069662975205
MDG,Madagascar,2018,4133151,42.3,49.5,68.0,74.0,74.0,71.0,74.0,6.58,18.928272,1.8220544,12629254472.0,1678.7863,0.501,103.30028,21716.11088567054,7102.031483752599,1450.538706522877,676.8552274,56.90456925,188966.57275138755,397.2549833,4575.125366,845.4547242,23819.50353957745,22.818489661441223,31.141534053539115,15.494979509363183,74.76405278,1679.5078411417176,133.6105888,35.37103276,5.04084894,64.27120939,80.73504363811283
MDG,Madagascar,2019,4224194,41.1,49.5,60.0,69.0,69.0,69.0,69.0,6.61,18.818874,1.8311492,13186360203.0,1707.8315,0.495,103.27915,26264.73449267892,7780.583370896681,1398.0124296268016,675.3174089,55.96370164,166001.0034,385.5749883,4509.326609,819.5151242,22910.15890134055,23.228903544400502,31.58726943121744,16.167121106066123,76.65824783532254,1841.4674493085013,126.4149825,33.61426921,5.246860027,61.58989515,91.0412700247632
MDG,Madagascar,2020,4322682,40.0,,55.0,67.0,67.0,66.0,67.0,6.63,18.71212,1.8391962,12245161113.0,1545.7272,0.483,103.25382,28349.77568550115,8100.571241905111,1342.161250505124,675.4790406,55.50219204,154160.12679130989,370.5018549,4425.091962,790.1529562,22307.76820482994,22.81242258622054,31.193650329104127,15.722609857298975,75.93197008914647,2002.2698852494016,128.0787046,,5.134217302,59.8286282,119.06902193709416
MWI,Malawi,2000,2070755,56.1,76.4,73.0,,75.0,73.0,,17.33,16.48844,2.1449833,4736773940.0,1239.3917,0.394,99.706276,119643.61558288935,37925.61856,3739.710292761733,716.8032027,82.7475412,286292.0069819856,555.2251414,4658.833765,1520.665738,56862.65791989213,21.46234440555187,30.122589698663983,14.58567210687953,69.44369898697148,980.7093844,134.9802551,26.20989037,0.180120006,59.9500885,703.4952263981901
MWI,Malawi,2001,2114159,55.9,75.3,81.0,,90.0,86.0,,15.99,16.448473,2.092974,4501121160.0,1149.5804,0.4,99.611694,121450.8737857604,37096.456672948094,3540.846593944204,649.7375458,82.66472698879001,283455.2616196213,546.952307,4561.20057,1492.451758,53884.284059205165,21.486253321646064,30.19401378064194,13.95080040344488,68.73816051535441,978.4584066,139.2935181,27.50690079,,63.39799881,634.3315718489534
MWI,Malawi,2002,2162096,55.5,74.0,69.0,64.0,64.0,79.0,64.0,14.55,16.39365,2.0443997,4577640221.0,1140.8428,0.407,99.54569,115283.6445782292,35049.79904302804,3325.041710285542,509.6224448,82.46587495,280501.0303040211,539.9135359,4496.311465,1455.424396,50571.96736850714,21.63197631,30.61890720388545,13.687130512911054,68.81448643994752,870.0671177205401,136.0321045,26.63179016,0.218130007,65.44407654,557.041113789838
MWI,Malawi,2003,2214226,55.0,72.5,77.0,84.0,84.0,85.0,84.0,13.15,16.321411,2.009121,4838823865.0,1176.1239,0.414,99.46448,103102.8883,32454.89883732986,3029.909558788894,344.9635861,82.22053838,277705.7900753709,531.9588607,4470.72224,1412.461083,47077.16530612108,21.56944127678507,30.43507640910734,14.010236773082006,69.97809028818843,1063.1492939273285,,,,,469.2239118852154
MWI,Malawi,2004,2273146,54.4,71.2,80.0,89.0,89.0,94.0,89.0,11.93,16.246447,1.9826956,5101112194.0,1208.2197,0.421,99.387886,94135.01683448032,30399.84948676865,2782.998178004822,204.4465128,81.99652274,275403.4528491651,522.2873219,4418.5536246414695,1366.032187,43560.11175503633,21.245342225643903,29.82884064741988,13.914704410423164,72.45146838841829,1241.089893107593,133.3831482,24.99106979,0.311980009,58.49647903,387.5967415460103
MWI,Malawi,2005,2342008,53.6,69.9,82.0,93.0,93.0,94.0,93.0,10.99,16.17243,1.9711802,5267853576.0,1214.7427,0.427,99.34806,94703.66962342209,29801.43937357262,2500.4099958554857,136.5454365,81.86073521416999,273949.1239322036,510.5964857,4339.477889,1320.352755,40183.40812498019,21.99183684600331,31.08957626495516,14.147002336716431,66.66789820808816,746.1646894305526,131.3065796,24.85802078,0.303420007,58.91183853,344.1269484896119
MWI,Malawi,2006,2418624,52.7,68.9,85.0,99.0,99.0,99.0,99.0,10.34,16.089737,1.9630473,5515442681.0,1237.2739,0.436,99.311844,89366.20271385391,29617.44289293392,2262.7737825744143,122.3517427,81.7957505,273280.0774316088,495.3627318,4253.411689,1279.423414,36674.83243,21.326902877849776,30.134169331230137,13.914248595725054,71.91761318429269,1199.7010792416577,131.654068,26.8940506,0.303519994,59.4723587,314.6160935200951
MWI,Malawi,2007,2497784,51.5,68.0,83.0,87.0,87.0,88.0,87.0,9.83,16.005186,1.9643012,6044925172.0,1318.3319,0.444,99.27905,86027.65813836941,29720.306899803378,2083.2083017083983,110.9208344,81.73858366,272850.9529423676,476.3585483,4162.807298,1238.597693,32868.047703066324,21.494442726958283,30.770905728536164,14.361955626380713,71.21137655894366,1169.7538419840712,128.7860107,26.48093033,0.301079988,61.12084961,287.91221046330116
MWI,Malawi,2008,2577659,50.1,67.0,88.0,91.0,91.0,92.0,91.0,9.31,15.9303875,1.9643973,6506741521.0,1378.4288,0.455,99.306076,89341.13631804695,30264.09839237515,1951.170103627924,102.3997236,81.68176891,272366.2434827181,456.2885516,4084.0289429824497,1197.601746,29093.19528658832,21.21212661588162,30.09249263512628,13.471778617198538,69.44906926490562,991.5132823294788,135.616806,28.90090942,,66.08217621,270.72011026868813
MWI,Malawi,2009,2652276,48.5,65.9,92.0,93.0,93.0,93.0,93.0,8.81,15.870343,1.9566348,7048630103.0,1449.7261,0.465,99.44116,95598.92381149589,30923.07831040964,1845.4045468217207,96.92427317,81.61526572166001,271555.48362389026,437.32339926390006,4012.995054,1158.129971,25684.29372412612,21.32960042822541,29.71057262447704,13.59113389281996,70.81704019527935,1052.3603606049503,133.5354004,30.15891075,,68.39858246,255.936805167248
MWI,Malawi,2010,2713933,46.8,64.8,93.0,93.0,93.0,86.0,93.0,8.3,15.829339,1.9204966,7533157578.0,1504.3751,0.475,99.65054,98218.05017,31197.20116305476,1755.5317874076868,94.62727532,81.53206286521001,270074.4534879596,421.2078933,3910.372614,1119.393425,22965.24444196545,21.70230987146017,30.09105741519929,14.405562813554548,70.68767057267439,1213.1133035312034,136.262124,31.20232792,0.927127036,66.19297457,212.824445462694
MWI,Malawi,2011,2762039,45.1,63.4,96.0,97.0,97.0,97.0,97.0,7.67,15.814461,1.8728383,7904743381.0,1533.2289,0.483,99.80011,95761.87594806244,29912.82787278224,1660.7470048685066,94.15010129,81.33133189,265243.5451767801,408.1208162,3800.383447,1079.027435,20791.57948245857,21.21331492443579,30.24744769101996,13.547801724771254,71.67728416557709,1032.784595494542,137.4628623,32.43091587,1.207707012,70.38524959,196.2354769228566
MWI,Malawi,2012,2798311,43.5,61.7,90.0,96.0,96.0,95.0,96.0,6.98,15.81643,1.8236738,8054933506.0,1518.1481,0.488,99.877556,81849.37384878955,26352.33460407639,1579.8737804902537,94.01110652,80.9641501,255747.26710078903,396.719597,3734.195194,1037.518331,18837.06385697426,21.524909760407898,30.343580431149807,13.75024056,69.57421687887664,1077.2448911609854,136.8545712,32.31578814,0.660766474,72.8576514,177.6917999855797
MWI,Malawi,2013,2826419,41.9,60.0,88.0,89.0,89.0,89.0,89.0,6.4,15.822638,1.7813754,8490733601.0,1555.5061,0.494,99.96987,71336.33578748263,22380.43860982965,1505.6096337751865,94.16774968,80.50417782,243243.64315109185,386.5821898,3689.826892,996.7376545,17146.566041742688,21.44019292593315,30.51572344637762,13.833407906056893,69.87069045403801,1140.454872771056,140.8274668,35.4070172,,76.96650145,182.32781654413637
MWI,Malawi,2014,2847781,40.5,58.6,85.0,91.0,91.0,87.0,91.0,6.02,15.824867,1.7517645,8968360291.0,1597.5648,0.5,100.11378,63454.3875,18955.85364326185,1446.902938246242,94.5957575,80.02496414,229394.8834278686,378.0627336,3694.176213,960.1965626,15765.76600917546,21.48189168022502,30.176315413913457,13.771646994705003,71.36053322766486,1255.859772747049,140.6192353,37.20845394,0.719755824,77.66972644,177.8239891500106
MWI,Malawi,2015,2861720,39.2,57.6,87.0,88.0,88.0,88.0,88.0,5.67,15.8185835,1.7226489,9219474379.0,1597.6914,0.504,100.271095,57441.56805783633,17039.99555928766,1410.8389001748967,95.26028241,79.60037743,215875.26153584488,371.1006998668301,3708.454623,929.9814586,14740.82442181444,21.808119376209493,30.590859613475622,13.83041755,69.48157436801725,1010.975646927804,139.4659014,37.63790164,0.864512622,,170.54741522527053
MWI,Malawi,2016,2870172,37.9,56.8,81.0,84.0,84.0,83.0,84.0,5.35,15.790615,1.6908305,9449961238.0,1593.5955,0.506,100.399506,53306.40215600735,16389.70339260848,1362.6034102401543,98.351604,79.1725984,200665.6512164933,365.8121515,3709.379817322421,905.647954,13937.972313528271,21.999770052277924,30.959717050247463,14.566029851737268,68.20243714932556,984.6296098736376,138.1188996,35.69168091,,,154.56822966536632
MWI,Malawi,2017,2878823,36.8,56.2,83.0,88.0,88.0,87.0,88.0,5.06,15.754541,1.6862179,9827959688.0,1613.0593,0.508,100.48419,52154.43393794912,16123.66896525444,1319.7663588220962,104.6577949,78.67198098,182349.3886174356,361.7681504,3714.8791690450303,884.8744448,13208.21178032586,21.518910316574846,30.124556738347632,14.291528367081073,72.27281669958651,1384.483273878162,139.8474492,39.02892518,,,148.9175430744915
MWI,Malawi,2018,2891321,35.8,55.6,87.0,92.0,92.0,91.0,92.0,4.75,15.706029,1.6629357,10255826273.0,1638.9166,0.51,100.52487,49588.88206397616,15938.069179147373,1276.460966664213,112.0206636,78.15772789,163456.47537975135,357.0189858,3698.3972524009096,863.4156822291799,12570.413993733551,21.294968240073327,29.822784193582297,13.930120111314151,73.13236219901023,1393.6212330907126,135.8092194,38.17344966,1.256084802,,157.55626856660754
MWI,Malawi,2019,2911006,34.9,55.1,92.0,95.0,95.0,94.0,95.0,4.55,15.643135,1.643788,10842133933.0,1687.2894,0.513,100.57288,48812.73085239455,15973.64279,1232.8498200845677,118.3041712,77.68904831,146522.64454021846,350.4316978,3669.946817,839.6716134675399,12044.19206793145,21.525862344858684,30.02109768359456,14.088604921836769,73.81309090631153,1443.0108967941717,139.7581834,31.94713766,,80.11187096,154.30596206338268
MWI,Malawi,2020,2942532,34.1,,90.0,94.0,94.0,93.0,94.0,4.31,15.576403,1.6266315,10928176721.0,1656.4398,0.512,100.62456,54722.936966446665,16464.979904322772,1192.104599305079,121.3813855,77.3208598,134166.0459155768,339.2317082,3634.097364,814.4682092,11422.08435756055,21.50173166990398,30.20767532456017,13.930056870739577,72.69222361952707,1498.635034092989,137.2142656,43.95451787,1.865763235,,183.59672740668253
MLI,Mali,2000,2136890,40.0,85.0,49.0,,43.0,53.0,,18.76,,3.7635145,7889185607.0,2187.719,0.32,103.01462,112807.61727692516,37478.72232730072,4499.393498583525,1451.810554,84.28771528,305021.9149638214,412.66203803789006,6231.671024,1344.296739,86149.39171159128,28.09225750297168,39.46100593097045,17.780365552832333,28.997828962491628,300.5518696254419,44.95125961,11.18262005,1.156180024,21.44824028,794.7568650912428
MLI,Mali,2001,2217166,39.5,84.5,54.0,,49.0,56.0,,18.15,,3.589166,9136152788.0,2458.4617,0.332,103.027824,112986.1938834786,37458.24340940796,4213.190046317759,1350.318677,84.18970448,300077.95357855846,408.7062713,6340.057296,1336.334436,83367.47629404179,28.450133469580905,39.70604694940968,18.038635180403883,26.39633019539087,261.2527599500937,48.35382843,,1.268390059,23.40695,774.7837818341513
MLI,Mali,2002,2303871,38.9,84.0,56.0,,61.0,65.0,,17.52,,3.3974683,9413551548.0,2455.6194,0.34,103.026375,113644.64618954646,37519.01296334561,3946.868304752016,1117.609052,84.00293021,293359.7521193334,404.5344689,6420.555517,1326.167642,79846.70715994222,28.68565101134685,40.04125480734291,18.147616851258505,26.416692608605302,238.34057708534863,52.32949829,,1.265460014,25.46660995,856.4705432503266
MLI,Mali,2003,2396109,38.2,83.6,57.0,79.0,63.0,67.0,,16.9,,3.2065482,10335808731.0,2611.837,0.352,103.02751,114039.92779222158,37578.84331234872,3690.9624306827386,841.9968955084499,83.79400910627001,285622.77828931785,399.9281406,6433.501565,1312.665096,75953.41871892204,28.625565036538195,39.68994267445777,18.205979181419305,29.941371675722923,308.86203535355025,54.44926834,13.89116001,,28.22579956,834.3754584429377
MLI,Mali,2004,2491853,37.4,83.1,63.0,73.0,69.0,70.0,,16.31,,3.0188453,10488502207.0,2565.9775,0.359,103.05274,112324.64122500244,37493.84601,3466.5246997316367,611.8265626226499,83.62501991,277681.62415311363,395.0976548,6423.182139260961,1297.273785,72068.58405779584,28.559747926218595,39.90624307078095,17.430561880842905,27.900104759078044,276.9218747449767,57.93497086,15.97970009,,29.75951004,777.1473483807765
MLI,Mali,2005,2591207,36.5,82.7,73.0,83.0,77.0,78.0,1.0,15.74,,2.8902996,10754740076.0,2546.3328,0.368,103.07171,108664.63,37232.32345495212,3257.5681186918946,515.149877,83.55899457,270338.3027387504,390.1935032,6398.683555,1281.589172,68569.78849,28.67089578556823,39.70571437738744,18.35328019832392,30.39949496360971,299.04758185047183,61.30057907,17.66814995,,31.38430977,738.6126509570969
MLI,Mali,2006,2693370,35.6,82.3,68.0,90.0,78.0,79.0,16.0,15.22,,2.8122368,11151547252.0,2555.0747,0.377,103.05398,103158.02255654782,36382.30901535137,3087.5609723487955,520.6395492,83.59189092,263270.39159291104,385.2519435,6410.337683,1267.035988,65259.153903722334,28.20130212808401,39.30377362442732,17.784081410136647,29.179294217105376,292.47910336682133,64.56027985,19.10236931,,35.94860077,686.1850643342352
MLI,Mali,2007,2795524,34.5,82.0,66.0,74.0,74.0,76.0,44.0,14.73,,2.7833328,11347819622.0,2515.947,0.386,102.96278,96702.17759,34840.17757849686,2939.1436186930187,534.6042681,83.66157976,255762.7626467136,380.0516041,6396.989160595031,1252.150734,61845.93292973019,28.11731685565709,39.80865110690307,17.65431763,28.986195318361755,305.21423527738847,67.20796967,21.89985085,,38.66902924,596.4861064683269
MLI,Mali,2008,2896967,33.4,81.9,71.0,74.0,74.0,74.0,74.0,14.26,,2.7922466,11760733950.0,2523.1997,0.395,102.89052,93367.13862837137,33186.67940295755,2806.1972238220524,551.4264794,83.74176199,248040.09193437264,374.7889075,6385.331117,1236.691773,58570.81334964701,27.84409665916053,38.98972441386697,17.285465755451074,30.67683249666125,375.0223214825664,69.54750061,24.27453041,3.02621007,42.63711166,587.2175626547869
MLI,Mali,2009,2996945,32.3,81.8,73.0,71.0,73.0,77.0,73.0,13.82,,2.7969747,12402250894.0,2575.5454,0.403,102.91541,91273.74901,31663.046459132987,2696.785455799932,565.4892374,83.80698441,240311.98783579888,369.5857896,6451.4854345820895,1220.30981,55673.89897892226,28.278850517877206,39.145534456005954,17.811677674706928,31.944466553685444,396.62504854081016,71.16142273,26.89291,3.108609915,45.02267075,561.3565647312664
MLI,Mali,2010,3095965,31.1,81.8,78.0,72.0,73.0,77.0,73.0,13.39,,2.787306,13093898208.0,2632.2646,0.41,102.9212,93330.17520633184,30783.83299318666,2611.465685786653,571.1441838,83.83303702,232772.07699053743,364.4010409,6382.934106,1201.430096,53393.310928452665,28.72972013,39.65874137607904,18.67476501,33.709704077741414,447.31117782228654,72.14411144,29.87368586,3.207007119,47.95455507,531.3721761775814
MLI,Mali,2011,3194808,30.1,81.7,72.0,66.0,66.0,72.0,66.0,12.99,,2.7418988,13478253743.0,2623.3462,0.415,102.87773,99549.73384370188,30578.33631866448,2535.449320286504,567.17128,83.79445223,225718.0962431137,359.2931408,6300.142741,1176.520311,51783.36426120512,28.06861633012599,39.54529813,17.546144230167673,31.63567055211377,330.2728150411173,73.05273168,31.85131007,2.950697564,48.61814785,536.82205770498
MLI,Mali,2012,3290785,29.2,81.8,67.0,65.0,65.0,65.0,65.0,12.61,,2.7014232,13333713052.0,2520.5293,0.411,102.810104,109276.15988004672,30721.39659349152,2460.2146545687506,557.5797274635099,83.70121442,218971.4578675676,354.0500853,6209.186257,1145.007496,50597.94057870378,27.47510009606632,38.594759151193045,17.38126210106495,34.609936313563495,468.7771398832251,70.16956156,,3.611302532,46.24750374,588.1244047540977
MLI,Mali,2013,3382494,28.5,81.8,62.0,64.0,64.0,57.0,64.0,12.24,,2.67272,13772483870.0,2528.53,0.409,102.72544,113965.52880879238,30604.10682443021,2414.7394387675267,544.7683601,83.58803416,211931.76056803385,348.9288732,6116.279438007409,1104.133002,49612.52535774044,28.016354186346188,39.23822064119131,17.680820187632232,30.80000449541004,361.0189582054048,,34.54025744,3.491274765,,591.0902314050455
MLI,Mali,2014,3471081,27.8,81.7,65.0,66.0,66.0,62.0,66.0,11.9,,2.6564214,14668058747.0,2609.1672,0.414,102.65492,107096.84544379204,29718.58975007201,2370.512948351275,530.9121668,83.47357256224001,204214.35871439625,344.0892476,5975.678123,1069.525712,48634.63311113766,27.99912838443884,39.08556813068064,17.43270886,31.217277175023742,389.03405097579633,67.30241998,35.12660955,3.264094576,46.36432086,550.0963607767167
MLI,Mali,2015,3555892,27.2,81.4,67.0,70.0,70.0,67.0,70.0,11.57,,2.6377165,15583181170.0,2686.5605,0.413,102.5741,86657.60041534783,27825.90364293825,2367.843885818727,518.4404629816501,83.38319553128001,195346.9881305452,339.39839109787005,5853.08131,1043.468024,47464.97084489633,27.658235485730064,38.84803788607522,17.52575553068761,32.28762653444556,444.2101567886983,66.45377593,34.49886473,3.033225871,44.66878841,471.44822463178446
MLI,Mali,2016,3638390,26.4,81.0,70.0,76.0,76.0,72.0,76.0,11.24,,2.5861073,16518961030.0,2759.1106,0.411,102.53525,64143.55496406633,24728.07447695555,2301.0885233981685,506.36755,83.30790043,182679.2955752129,335.2780836,5759.2466844562405,1015.105739,45866.84012799772,28.271231584527552,39.553650791846856,18.19035343425072,32.898269355437655,444.2802890970828,67.08083509,34.19179357,,44.38125728,419.6408160446942
MLI,Mali,2017,3720263,25.7,80.4,70.0,77.0,77.0,72.0,77.0,10.93,,2.5193384,17406945659.0,2816.1943,0.416,102.560524,52455.29868,21006.81032561313,2253.5695050810546,492.128171,83.21657879,166127.74633141133,331.6287142,5650.246364,988.3830389,43967.36206691422,28.112947827611507,39.23598993959934,17.665919660569134,31.844615169475546,406.1009955214053,70.17707163,34.44797319,,43.54276842,362.0802952765218
MLI,Mali,2018,3800689,24.9,79.8,71.0,76.0,76.0,71.0,76.0,10.61,,2.448523,18254289663.0,2862.4072,0.421,102.60878,46810.688116345926,17329.11695216318,2194.401734,476.0181378,83.12664195727001,148685.1232329579,327.44923542410004,5557.159675,961.8782463,42051.11949,27.946302303378488,38.81106686287512,17.60031934514549,33.58473534246449,471.34699696543504,66.36550492,34.2633936,,,336.96182011983785
MLI,Mali,2019,3870438,24.2,79.0,71.0,77.0,77.0,71.0,77.0,10.31,,2.3845184,19167003985.0,2916.1716,0.425,102.623375,48248.59038409582,14699.89430844404,2125.555425830267,458.3128006,83.05788752891999,133307.22389145033,321.9563082,5445.229513,932.2506489,40395.63827826292,27.789555097345783,38.92028177191036,17.07981666913113,31.873639973278824,446.6244145413114,,,,,339.53130328830144
MLI,Mali,2020,3934536,23.6,,62.0,70.0,70.0,65.0,70.0,10.0,,2.3364186,18942920941.0,2796.4104,0.414,102.59651,46848.88544,13488.695379199538,2065.5773014050046,439.2515230348501,83.02984408,122957.75609523128,312.0721596,5380.948199,896.2630951770899,39428.388651256166,27.932951091244604,39.05478817110467,17.72449086127083,35.185112029161886,561.0954188992988,,,,,373.2245012702573
MRT,Mauritania,2000,438481,39.2,73.8,46.0,,51.0,58.0,,9.82,,2.7831993,3409611141.0,5008.608,0.468,102.254234,14501.307915301932,4060.05765,1712.558022051584,2205.127049,75.10877062,284205.8919856243,262.3150742,7993.584401279049,1133.459277,37595.66654052846,27.04499736000184,39.051234239796806,16.369664121626485,27.04557299095057,136.46202225469847,79.96183014,15.13920021,,,93.34720656983076
MRT,Mauritania,2001,444150,37.8,73.6,58.0,,75.0,75.0,,9.35,,2.7262955,3382351510.0,4847.4106,0.47,102.283485,11620.89157824511,3763.292381,1674.1209640087486,2127.838667,74.9850135,284215.95779554767,262.4727863,7952.667677,1134.474541,36717.779541592274,27.63049026455557,39.499792887533694,16.816463026805867,24.97236169699462,89.86722232,77.99777985,17.71710968,1.175959945,41.80569839,87.3727142979455
MRT,Mauritania,2002,452041,36.5,73.3,87.0,,89.0,91.0,,8.81,,2.6307423,3429078153.0,4806.8984,0.475,102.31849,9487.619103832549,3376.639285,1640.4806049191932,1945.987708,74.84849549537999,284426.1117747485,262.22742,7879.205963,1131.289396,35777.53871441417,27.29817327639856,39.46381065206396,16.464578449408542,25.38665132023402,67.21979707199908,79.68338776,17.85540962,1.313369989,40.49000931,71.8834386082862
MRT,Mauritania,2003,462290,35.1,73.0,84.0,,76.0,75.0,,8.25,,2.5248144,3666653932.0,5023.6523,0.482,102.352486,13345.97524521835,3283.214261,1583.7895490579433,1716.020953,74.71378445,284623.0165247805,261.3762608,7828.606893,1124.296803,34808.305650716495,27.38847646,39.39951259220146,16.765130461325143,28.976916761702544,119.38355288963665,81.97612762,19.23718071,1.409459949,,83.61070201820668
MRT,Mauritania,2004,474746,33.7,72.6,73.0,,70.0,68.0,,7.7,,2.415702,3840187785.0,5139.2256,0.494,102.36836,7531.177801,2653.500398,1548.1438383101545,1494.869356,74.59535812,284598.7837635586,259.9230515,7760.844652,1114.160103,33844.30395799195,27.21680412799632,39.15417780448014,16.102475304240734,27.065181631385304,66.75175521520016,88.67035675,20.13361931,1.575970054,,52.0605551098072
MRT,Mauritania,2005,488921,32.4,72.2,65.0,42.0,71.0,71.0,,7.18,,2.3147418,4169149304.0,5445.8296,0.5,102.389786,6955.276373,2432.079658,1509.0206580150978,1339.560767,74.50622635,284157.9533939976,258.1056159,7686.256801359009,1102.563361,32920.89530081561,27.473626925506448,39.17248584517869,16.628623346157383,29.44405734671048,138.13905193828475,89.79879761,20.71809006,1.502570033,39.98363876,48.838316688583205
MRT,Mauritania,2006,504332,31.0,71.7,62.0,68.0,68.0,68.0,,6.73,,2.216348,4933487730.0,6284.702,0.512,102.404755,731.3264579,1957.0122439083093,1451.2880258825714,1243.160866,74.40953432,283228.36089861824,255.3151111,7584.419031022479,1089.059082,32003.17259070862,27.126579323958435,38.93080978041473,16.35650951,28.00690429108674,102.7046118354742,92.68126678,20.94352913,1.775239944,40.61735153,10.544212010335771
MRT,Mauritania,2007,521368,29.7,71.2,67.0,74.0,75.0,75.0,,6.35,,2.1123066,4836326500.0,6002.7783,0.512,102.405334,5831.865416,2134.562767,1380.2871092392415,1159.529944,74.26994727,281863.99990807264,251.1967188,7449.689546,1071.366335,31040.480697703933,26.84046612372449,38.97834867,16.041991599085527,27.31591411093841,120.7044172398616,95.27642059,,,51.8708992,41.45298778341246
MRT,Mauritania,2008,541000,28.6,70.7,65.0,74.0,74.0,73.0,,6.04,,2.028263,4820314428.0,5813.356,0.512,102.61936,9872.833978,2264.584604,1319.7847115936656,1086.874675,74.1011977,280065.9098222454,246.6538276,7325.219273,1050.552561,30045.19231346382,26.89089159146511,38.83497459037912,15.924316966599148,29.54987650862799,170.3692435683074,92.49889374,17.19872093,2.27083993,,56.93431973638836
MRT,Mauritania,2009,562712,27.5,70.3,59.0,64.0,64.0,63.0,64.0,5.79,,1.957701,4825032355.0,5639.7876,0.522,102.88723,3370.004201,1814.478188,1290.5321610037413,1023.374209,73.91670482,277839.1533140041,242.5823252,7223.450800642669,1027.414575,29031.50818049236,26.730025608936185,38.29508689601672,16.062429666374978,32.382668738316625,214.02764903439967,98.02262878,17.87607002,2.282880068,68.22400665,28.579222512487046
MRT,Mauritania,2010,585410,26.6,69.9,67.0,64.0,64.0,52.0,64.0,5.61,,1.9162121,4951459275.0,5605.7637,0.525,103.07858,4757.935488,1868.790254,1244.3596910346637,967.0677356,73.72839293255001,275208.49282739445,239.6459373,7132.394403,1003.053761,28019.01617760116,27.64931074929857,39.396532179537736,17.248741115449317,33.346572825203005,270.6257804,98.23024761,18.2780304,2.573690881,,38.8642989549595
MRT,Mauritania,2011,608930,25.8,69.5,67.0,75.0,75.0,73.0,75.0,5.45,,1.9020689,5158072939.0,5653.2173,0.53,103.43898,7502.111206477891,2158.534327,1197.931603111689,913.8695346,73.43444725,269496.27319560497,237.7106813,7049.700772,975.4858611,26935.428701512443,26.869841934690527,39.307518596325885,15.80828164166192,29.45938643365324,128.23398873179042,95.86274669,20.12224007,2.823287404,,48.8927006452061
MRT,Mauritania,2012,632158,25.2,69.2,75.0,80.0,80.0,80.0,80.0,5.31,,1.8888845,5388639480.0,5716.252,0.538,103.87819,3043.852039,2209.155061,1164.4857885351746,862.6761957,72.97681949,259054.84614727693,236.005048,6958.284362,943.0671461,25728.36109601009,26.35716347,38.37181558213249,15.901255397386876,31.664873543094817,208.7111492587164,95.01151346,23.96879188,3.101563794,67.75445914,27.914187954993192
MRT,Mauritania,2013,651847,24.7,68.9,80.0,80.0,80.0,80.0,80.0,5.17,,1.8774838,5612311839.0,5769.7285,0.544,103.306175,3704.6411,2616.109791,1123.8767447291175,816.1774783,72.43184366,245471.4421461196,234.4405069,6887.925571,908.4786625,24450.60759742746,27.06032671153175,39.052467390376485,16.28728543226784,28.353021018596262,136.41979946982312,93.56350458,27.91437593,3.323347957,69.43269683,31.16342407512124
MRT,Mauritania,2014,668048,24.4,68.6,75.0,81.0,81.0,81.0,81.0,5.04,,1.8635509,5852228252.0,5837.852,0.547,102.526825,9159.946937,3242.021238,1072.9487429213896,776.9797858,71.87510885,230347.1745803792,232.8381568,6797.158508158541,874.4007192,23155.10248313898,26.926881514358872,38.771683511627074,16.078953054390848,29.40788470941524,137.81592353193273,94.52165772,28.03964853,,66.35315032,50.66540968695095
MRT,Mauritania,2015,683318,24.0,68.2,70.0,73.0,73.0,67.0,73.0,4.89,,1.8441033,6166863896.0,5969.5425,0.551,102.5144,11670.06843992166,3521.405253,1041.7343719691248,747.7468195287499,71.38252834,215283.2694276494,231.14677405032003,6745.354628307081,843.1824575,21893.1589,26.822195222220056,38.730122001808446,16.381805143181097,30.108652776128675,207.6119280235501,97.43752421,28.82314659,3.689730872,67.1959257,59.60751955420545
MRT,Mauritania,2016,697635,23.7,67.7,73.0,74.0,74.0,69.0,74.0,4.74,,1.81872,6244622452.0,5866.2812,0.548,102.52685,16184.31788115037,3734.543158,999.2608063046912,727.6184492,70.8669718,197614.06636007628,228.6400262,6688.038439412019,815.7185056,20456.72147362908,27.286908904576624,39.357955474907655,16.72491682584366,31.33620419384437,195.5330584903543,90.22763589,30.52435635,3.516791389,,70.46941098907374
MRT,Mauritania,2017,710989,23.3,67.1,75.0,76.0,76.0,70.0,76.0,4.59,,1.8006307,6636194355.0,6050.6216,0.551,102.56855,10721.33629180912,3293.0082887233098,983.3019590521004,711.8228219681399,70.25589509,175692.98299857523,224.8991092,6620.78071,788.9883945527899,18811.306579336608,27.309933571480546,39.44429221482255,16.512145615718477,27.827647424379407,154.91944947774155,89.86513374,30.7430805,3.258203123,65.67848753,55.69939060400278
MRT,Mauritania,2018,725104,22.9,66.3,78.0,77.0,77.0,72.0,77.0,4.45,,1.779832,6952885074.0,6153.6377,0.561,102.58153,11404.99551708738,3164.0896478235204,944.9743402341142,697.3143619,69.64501415,152684.1222890476,220.7646866,6565.598181,761.9562804969701,17268.50132656394,26.25754707078655,37.89941700461859,15.81581927817364,33.18243385646308,259.15343099126574,92.26471315,34.75493091,3.414225441,72.14064079,56.174933363039976
MRT,Mauritania,2019,740428,22.4,65.5,75.0,80.0,80.0,75.0,80.0,4.3,,1.7558591,7171275534.0,6162.2104,0.566,102.60224,7695.625493,2773.5581884121298,929.7801886968228,681.0513598,69.12853311,131769.48676806927,217.0123605,6512.712206,733.4654373,16137.077,26.78228542288024,38.77895587501507,15.902831016837233,28.55662986820481,157.0080489900126,92.82013124,37.57356386,4.244856707,72.39956645,40.438903234125405
MRT,Mauritania,2020,755575,22.0,,82.0,81.0,81.0,81.0,81.0,4.17,,1.7385567,7145411800.0,5963.2354,0.554,102.616295,7769.700879626271,2632.834606,905.7484185937972,660.0164736,68.80088767707001,116121.09971188776,213.8424347,6466.769357,701.4967547,15474.826081464067,26.92334267125432,38.75540689458504,16.636479564894593,34.22695363525834,545.3560394495894,93.06208096,36.17893256,4.355933326,74.54992372,41.64632717476292
MAR,Morocco,2000,3165072,25.3,36.0,93.0,43.0,95.0,95.0,,5.22,18.344486,2.1545584,56160912155.0,5100.1157,0.528,106.23106,0.003132798,6.162227031,1024.3389264541709,369.5791283,62.78365441,222737.50172534303,87.50003946,3273.538536,738.5427264,29954.41788128459,19.184677182566737,32.55913609679919,8.866984904223646,49.81521884250035,188.15223116899384,86.23947906,35.16725922,8.555279732,52.52133179,0.0
MAR,Morocco,2001,3152568,24.4,35.3,96.0,84.0,96.0,93.0,,5.01,18.18802,2.0676346,60497559620.0,5417.5786,0.539,106.44253,0.0,4.138991754,986.0355273,298.979932,59.69337028,218487.8049231085,85.87739847257001,3273.196007,734.8710109858799,28214.03226130519,19.751579462130213,33.080092055060454,9.341160971675768,50.25460369971284,151.9591979180236,92.16565704,36.75452042,9.054140091,54.89154816,0.0
MAR,Morocco,2002,3135497,23.4,34.7,94.0,92.0,94.0,94.0,,4.79,18.033615,1.9934179,62754238001.0,5544.072,0.55,106.064156,0.019412676,2.438986805,948.3022714212244,219.0826474,56.16997041,214513.51,83.73295294,3300.357626,726.6106569,26552.858856441104,19.219585473241704,32.80952414,8.963239622609505,52.197942089217975,258.12672560967263,98.24643707,38.58021927,9.305279732,57.13920975,0.0
MAR,Morocco,2003,3110481,22.4,34.5,90.0,90.0,91.0,91.0,,4.57,17.857319,1.9366592,66626866131.0,5810.053,0.56,104.919945,0.004051045,1.132798267,911.0630922256072,143.8548072,52.71274211,210382.7857692889,81.47810034,3300.632008,715.0967721,24979.47879429749,19.339320008108515,32.782074699564895,9.132246386,54.10735779,283.63522604948554,101.5515366,40.52550888,9.693019867,62.90903091,0.0
MAR,Morocco,2004,3098313,21.4,34.2,95.0,95.0,97.0,97.0,,4.36,17.678085,1.8884796,69672633474.0,5996.39,0.567,103.77906,0.001016306,0.295477932,877.3597301203334,87.25729869,49.82163028,205672.27903323824,79.54090615409001,3299.364482,701.7577015,23501.82890659692,18.98512325785285,32.03914201,8.476951372,53.20936722,234.93338029676187,101.8918686,43.49723816,10.17243958,71.61614227,0.0
MAR,Morocco,2005,3106395,20.5,34.0,97.0,96.0,98.0,98.0,,4.13,17.483337,1.8348857,71896757928.0,6103.4224,0.573,103.42678,0.0,0.0,835.6132246631283,63.22027952,47.99557222,199966.8697811972,78.37690345,3284.118805,688.4690496,22129.04545615844,19.132784299124417,32.88356027273069,8.592868483033428,52.30235113395625,208.0159570683641,101.5728607,45.70389938,10.52869034,77.22103882,0.0
MAR,Morocco,2006,3124877,19.6,33.7,95.0,95.0,97.0,97.0,,3.91,17.273924,1.7850276,77498104932.0,6488.674,0.579,103.5221,0.0,0.6415450831799999,795.9912214301569,60.37884877,46.90837328,191771.89981321804,77.82486826,3262.3790556786403,675.5716941624199,20681.81005094089,19.035749843564243,32.31888206950757,8.944565907742577,54.90770022578673,267.1785591099543,100.6340103,48.98387146,11.49792957,80.91992188,0.0
MAR,Morocco,2007,3158569,18.8,33.3,95.0,95.0,95.0,95.0,91.0,3.7,17.07065,1.7345824,80164867241.0,6620.5903,0.586,103.62338,0.0,2.172331577,756.153149,58.12461866,45.94665917,180776.61330581192,77.36995474,3228.865494,662.0742368,19082.53311858933,18.70227344381268,31.857529019870288,8.563716326,52.66149932315316,224.14059505727727,101.7536316,52.1271019,11.14291,80.74259949,0.0
MAR,Morocco,2008,3206176,18.0,32.8,96.0,97.0,99.0,99.0,99.0,3.49,16.868866,1.6768565,84721870674.0,6901.9507,0.593,103.73664,0.0,4.000994073409999,715.4682579583252,56.47594579,45.1778269,168334.9392703809,76.9154007,3194.8174937463605,647.8171063,17493.95187850616,18.713052765369927,31.580635409152777,8.436798504,54.50022464773486,318.9689787519493,101.1597977,54.17335129,12.49145031,78.97451019,0.0
MAR,Morocco,2009,3259497,17.3,32.3,98.0,98.0,99.0,99.0,99.0,3.29,16.680513,1.6315793,87895356582.0,7063.727,0.598,103.83561,0.0,5.534959888,675.0584938968038,55.45308294,44.66907013,155816.0341298844,76.41120343,3154.4133383198696,632.9342223357299,16077.27082856142,19.081800379032227,31.952824750667727,9.446071603437227,56.22761270730698,340.51764105294865,101.6359406,56.94324112,12.52058029,77.13147736,0.0
MAR,Morocco,2010,3313306,16.6,31.8,98.0,98.0,99.0,99.0,99.0,3.11,16.493183,1.5919673,90971304769.0,7210.6367,0.607,103.916916,0.002726681,6.180430262,638.3955729664867,55.0726212,44.48755098,144595.52935059546,75.78406269,3102.50852,617.3217769,14991.79670674547,19.549605179160324,33.24474963741205,9.340797067835632,56.88289053109727,407.6954425883019,105.0310319,59.21415718,13.54933322,80.73734321,0.0
MAR,Morocco,2011,3359279,16.1,31.3,99.0,98.0,99.0,98.0,99.0,2.93,16.305214,1.5532796,95997146621.0,7503.793,0.619,103.970634,0.0,5.540109728,603.0408123567921,55.636585058040005,45.00618815,134433.06965261663,74.40579424,3071.316326,598.6171293,14185.02482517051,18.947786512771795,32.34339334065242,8.843570412023805,54.32766588355133,334.07530640729635,106.8961399,61.60584182,15.51963131,86.01166461,0.0
MAR,Morocco,2012,3389941,15.6,30.9,99.0,99.0,99.0,99.0,99.0,2.77,16.123089,1.5205748,98936909179.0,7628.644,0.629,104.00071,0.0,4.0086633,569.9127510998981,57.061471657480006,46.24910949,124230.17381217144,72.24811060084001,3026.237665,576.9431698,13481.28308906669,18.96631019,32.694491319420486,8.092510878461741,51.53485944778782,261.1276424350403,106.895674,63.78061496,18.59406871,95.15179053,0.0
MAR,Morocco,2013,3401461,15.3,30.6,99.0,99.0,99.0,99.0,99.0,2.62,15.94713,1.4849731,103015000000.0,7839.032,0.639,104.05198,0.0,2.17863959,539.3028071979056,58.77019186,47.76043766,114057.8153492949,69.88047874,2986.326649,554.0953797,12854.07077638533,18.80565079205736,32.49968410937274,8.249854140657218,53.48000333988498,238.34866402991207,106.1500053,,22.14971924,94.19861941,0.0
MAR,Morocco,2014,3392433,15.1,30.3,99.0,99.0,99.0,99.0,99.0,2.47,15.777353,1.4564329,105817000000.0,7951.7983,0.648,104.11132,0.0,0.644014381,508.6833916108728,60.188843435600006,49.08374559,103976.16590718836,67.79916268,2934.237425,531.3012286,12277.19979356219,18.95329878275197,32.09523860503474,9.012179414501906,54.85922838349868,350.8077696352959,105.0697506,,25.0591708,95.52337761,0.0
MAR,Morocco,2015,3367007,14.9,30.1,99.0,99.0,99.0,99.0,99.0,2.34,15.601778,1.4204971,110414000000.0,8198.809,0.659,104.16691,0.0,0.0,480.06504529299065,60.75129827,49.76188224,94038.89146060916,66.52902193,2898.090414,510.2061751,11725.34123811621,18.92175464013505,32.38471238319561,9.204411403619613,54.61159697955543,234.57457980725763,103.2528208,,28.03654068,95.12786267,0.0
MAR,Morocco,2016,3337574,14.6,30.1,99.0,99.0,99.0,99.0,99.0,2.22,15.430348,1.3728799,110989000000.0,8141.9404,0.665,104.22108,0.0,0.0,453.1444571171187,60.26182289,49.94372883,82837.49094256759,66.00105816,2837.532232,490.9954837,11157.11733289887,19.259144530185765,32.390234163807285,9.091480098385109,53.14005052306686,287.6056674747958,103.2296321,,30.89417144,93.37912345,0.0
MAR,Morocco,2017,3311482,14.4,30.1,99.0,99.0,99.0,99.0,99.0,2.11,15.2526,1.3288854,116603000000.0,8450.009,0.674,104.24613,0.0,0.0,427.5864308189973,59.096093959570005,50.08110506541001,70290.12011817249,65.76320026,2808.188561,472.88239,10574.33639305182,19.82548183864433,33.16819057281224,9.352969896214232,49.12673167051948,152.88001669421237,104.2121354,74.25469799,33.06008629,90.41296731,0.0
MAR,Morocco,2018,3289807,14.1,30.2,99.0,99.0,99.0,99.0,99.0,2.02,15.076941,1.314439,120178000000.0,8611.75,0.68,104.26052,0.0,0.0,404.5156643695958,57.53477903,50.171297,58418.29207208427,65.64681212,2770.3566414954603,455.2038977,10015.51745675306,18.10727373083251,30.69512381038689,8.102185105917131,58.01818330283211,413.6350378517356,105.8704358,75.26083858,35.2085553,90.16318722,0.0
MAR,Morocco,2019,3273419,13.8,30.4,99.0,99.0,99.0,99.0,99.0,1.94,14.920634,1.3207015,123652000000.0,8768.176,0.687,104.28244,0.0,0.0,382.76147494305377,55.85875647,50.2119403,49230.69176750999,65.49367307,2727.0052214583898,437.3447893,9517.654358,19.27668012618477,32.74404289470254,8.862065789856151,50.970234744013474,161.86279632114343,108.0398933,76.57400509,38.40519904,92.14268385,0.0
MAR,Morocco,2020,3258288,13.6,,99.0,99.0,99.0,99.0,99.0,1.86,14.766519,1.2994909,114776000000.0,8054.563,0.683,104.2948,0.0,0.0,367.1613916505403,54.344824009270006,50.20104934,44724.93727443336,65.26012699,2707.225856,418.3930206,9081.371737,19.922773912972502,33.01581386946959,9.899145309888365,51.41210804169479,293.6777697201574,110.6582638,78.19026674,40.9987555,94.76451519,0.0
MOZ,Mozambique,2000,3206210,48.6,76.7,71.0,,70.0,69.0,,16.3,19.344267,2.6789112,5210292403.0,711.9764,0.311,100.02227,126762.09200455571,44679.86656902934,3583.1911494949463,1449.715851,72.25531254,265516.1363719273,577.8196936778301,4723.533484,1539.890806,73876.62353867636,23.93176255776562,33.41630232,16.55413870234752,70.67104180057221,1039.6787610293295,62.93473816,4.546800137,0.320560008,12.18770981,594.922856388501
MOZ,Mozambique,2001,3285309,48.1,75.2,74.0,25.0,73.0,72.0,,15.42,19.293173,2.5958881,5879902615.0,785.79016,0.326,100.05753,130358.2447,44057.63213691717,3357.765749426489,1343.087105,72.39754055,259073.0264307389,572.6998043,4697.149748289519,1516.957023,70896.95538,24.23275554413989,34.23356669559083,16.357711142461763,68.72320711818202,979.7945778952532,69.24732208,5.153600216,0.327210009,14.03528023,570.7892474204712
MOZ,Mozambique,2002,3359020,47.7,73.7,77.0,76.0,76.0,76.0,,14.6,19.241816,2.5243018,6448401314.0,842.64526,0.335,100.143105,130617.99209868856,42557.90309073891,3173.389067491424,1090.67222,72.75004714,251989.9266,565.6205138095601,4638.56718,1476.6122522744602,67570.09641179754,24.24276725129328,34.44202464845312,16.018906731637895,67.80199711931101,904.7293239,73.20252228,6.495810032,0.398530006,16.85074043,530.4679187251226
MOZ,Mozambique,2003,3428440,47.3,72.3,80.0,76.0,85.0,67.0,,13.85,19.173956,2.454436,6913827631.0,883.23914,0.35,100.24766,126313.12854894556,40477.01863196168,2983.4887015503496,787.8198722,73.22006446,244660.53854494268,557.8188392,4564.617381,1428.435605,64074.62457889303,24.259505283829583,34.36312055120755,16.323839017074977,68.76616890494883,959.0796040543388,,,0.581589997,,466.7327993841852
MOZ,Mozambique,2004,3495155,46.9,71.0,79.0,76.0,83.0,69.0,,13.16,19.088444,2.3632627,7481086789.0,934.134,0.36,100.33032,117074.32749003284,38164.04993621868,2810.884515681087,528.3774587,73.721269,237310.2453752892,549.0385447,4507.74297,1379.524778,60576.276359522286,24.11031061174985,34.012953597633015,16.04997396278244,70.04873298,1113.9253430187996,84.2376709,8.651539803,0.71916002,23.21279907,392.3534781228975
MOZ,Mozambique,2005,3561744,46.5,69.8,78.0,75.0,80.0,71.0,,12.5,18.997324,2.2642539,7953294766.0,970.38995,0.371,100.402275,108491.29307306703,36315.36364804311,2558.5176494099933,405.7038075,74.1651077,230228.1465649524,539.9137475,4457.320095,1338.161059,57246.24362826299,24.83180835698249,35.34741873460255,16.68220850790122,66.07764981852613,769.7847132061577,91.30362701,10.5513401,0.935440004,33.57194138,316.722017063515
MOZ,Mozambique,2006,3631847,46.0,68.7,76.0,75.0,78.0,73.0,,11.82,18.890852,2.168666,8741520167.0,1041.8047,0.379,100.45464,103951.65082307978,35018.24186078479,2328.0531988204634,386.9343556,74.68553737,223606.3003895013,529.1405288,4385.648877497641,1303.410051,53980.696703830814,24.16746278821408,34.36443763885179,16.07258509,69.40272313503506,992.4058684913396,94.77636719,12.67798042,1.97942996,33.5345993,313.1920043802383
MOZ,Mozambique,2007,3711771,45.5,67.5,75.0,75.0,75.0,75.0,,11.0,18.769112,2.0953732,9410189984.0,1095.1257,0.392,100.52856,98592.5145,33695.74355334244,2185.389345095861,374.9472428,75.39158012,217113.68283825752,516.3095756689399,4357.2737401145605,1269.45479,50644.73957787454,24.114577835590666,34.43161632029403,16.309928606093916,70.34470485343567,1232.633007871951,101.3325119,15.07291031,2.286870003,38.41054153,289.17462644522743
MOZ,Mozambique,2008,3814831,44.8,66.4,77.0,75.0,75.0,74.0,,10.37,18.636135,2.0394204,10057425620.0,1141.9425,0.403,100.62158,94331.34695040665,32550.49358495436,2078.232437857478,366.0235768,76.15672935,210267.0376471876,502.6175684,4350.646833,1235.695659,47364.12261182732,24.007777028070432,34.20541657687648,16.14587773661287,68.77282018169718,1017.212992529944,106.5096664,17.23250008,2.680069923,50.85388947,231.83685916616471
MOZ,Mozambique,2009,3945359,44.2,65.5,80.0,74.0,74.0,74.0,74.0,9.75,18.489279,1.999638,10653727556.0,1178.7091,0.411,100.701035,93482.80814451864,31802.69355574101,1965.594056269954,356.5136809,76.84910470052999,202687.1844851356,489.3952126,4378.0428,1203.507465,44269.82360394235,24.25235378751287,34.14465102901873,15.948267038861454,68.14290860016462,847.0612002820526,108.3604279,20.20178032,2.903110027,49.16196823,225.13288991853415
MOZ,Mozambique,2010,4091650,43.6,65.1,82.0,74.0,74.0,73.0,74.0,9.5,18.351467,1.9661406,11365367724.0,1224.2302,0.419,100.79448,94727.97378719012,31464.14354826652,1857.3883589038585,342.78323907705004,77.33598838,194000.6962687192,477.7481684,4419.228631,1172.3316762936402,41494.51251983981,24.53767581032549,34.34704771537931,16.767382752551345,69.27418815653176,1090.0898501051065,110.2867134,22.53054132,3.615818813,54.05463722,207.84638447008848
MOZ,Mozambique,2011,4244498,43.0,64.7,82.0,77.0,77.0,76.0,77.0,9.05,18.22384,1.9351995,12176179697.0,1275.5295,0.424,100.905235,93949.29436068512,31230.54027732876,1765.6303501070763,316.7722267,77.69147447,182859.8824426667,467.06481,4446.906994,1139.853382,38961.91712105939,24.06133790680636,34.28078526788953,15.77663066476034,69.16472908166463,964.0253369950676,107.6105732,24.07216185,3.745812599,50.81224658,180.43355621328308
MOZ,Mozambique,2012,4397183,42.6,64.6,83.0,80.0,80.0,79.0,80.0,8.63,18.11549,1.9158057,13149604768.0,1338.516,0.431,100.93555,93759.65206,31100.60318740688,1683.2899905190611,279.4395056,78.04807752,169003.50856898606,456.4628638,4434.464824,1106.046913,36539.46633509268,24.274071995194856,34.55094392803732,15.92648111142462,67.87006691285052,969.8453894,107.4238788,24.09559567,4.065050109,48.93160358,172.52738584861234
MOZ,Mozambique,2013,4535686,42.3,64.7,83.0,82.0,82.0,81.0,82.0,8.26,18.029854,1.894055,14013719723.0,1385.8325,0.443,100.91998,93435.16945556828,30987.22315350996,1620.7945475906688,240.64181059325003,78.36095223,153674.3035735001,446.4613845,4372.983458,1073.180483,34273.51320576786,24.018878406776626,34.385766245070144,15.984131341616695,68.88552965306279,1063.6138192248395,108.5182269,32.58332825,4.454990406,47.37767106,159.35883662170977
MOZ,Mozambique,2014,4649829,41.9,65.1,83.0,85.0,85.0,84.0,85.0,7.92,17.966417,1.8755928,15093136077.0,1449.9293,0.45,100.94943,91061.78458,30733.88049030668,1557.405946890238,210.1481364,78.58409526,138136.2561181468,436.7946337,4324.77872,1042.082839,32212.29553931782,24.09174896114497,34.113306160164875,15.899185826669717,69.67864848059385,1094.073514242158,109.0450076,32.21834183,5.179638764,47.8988262,145.39647201810251
MOZ,Mozambique,2015,4749835,41.4,65.5,83.0,85.0,85.0,84.0,85.0,7.51,17.918272,1.8590338,16208985769.0,1512.5997,0.457,101.00662,88538.42205231317,30407.968085589782,1508.1123078033725,197.7355797,78.67249257732999,123624.85850994676,427.2739792,4315.554731,1012.392853,30404.69017953265,24.558420103243623,34.60565998,16.361658440113587,67.99647406623676,1065.117438242566,109.5111777,32.98527908,5.658546114,48.98944067,132.9870424844698
MOZ,Mozambique,2016,4849584,40.8,66.1,83.0,85.0,85.0,84.0,85.0,7.23,17.881443,1.8371135,16970320249.0,1537.9086,0.46,101.070595,86951.02087076475,29799.854929789548,1501.6032668669486,203.8609396,78.60805026,108913.20364058352,418.586224,4325.31543,985.1675264,28781.05193,24.807475361657936,35.234135334054635,16.66230097792521,67.10292327129369,970.1890962,109.125812,,6.443752098,,130.61236290265637
MOZ,Mozambique,2017,4952805,39.9,66.9,83.0,85.0,85.0,84.0,85.0,7.09,17.847254,1.8196819,17418032489.0,1532.0073,0.461,101.10433,84354.10363550097,28736.152837551508,1492.8536063529557,218.6045295,78.44342067701001,93143.31850448209,410.411108,4351.552897,958.650055,27256.08973452069,24.232899470976147,34.173845927752005,16.425003658872857,70.28807169290721,1253.9548199661497,107.3559813,35.29944992,6.466138715,47.44635144,128.7120734899421
MOZ,Mozambique,2018,5060419,38.9,67.7,83.0,85.0,85.0,84.0,85.0,6.95,17.81783,1.8029706,18025039081.0,1538.8351,0.469,101.1395,82406.05670074096,27581.30839466119,1445.6456021318943,236.2030989,78.23797336,78126.76939839058,401.5836078,4381.82438,933.3687275,25851.24166,24.09035465609872,33.74084544610592,16.12711809566673,70.99657178728955,1246.066050776323,111.096847,,6.684526211,52.52985251,131.78745194847846
MOZ,Mozambique,2019,5175787,38.0,68.2,83.0,85.0,85.0,84.0,85.0,6.83,17.788738,1.7991265,18442825951.0,1528.8899,0.475,101.16736,79515.21814943316,26518.80035855366,1414.064703732536,250.9016241,78.05328421,65636.25527373177,391.0357039,4376.183866,905.8723697,24588.67092,24.56320700642688,34.611168872596096,16.602466868308834,70.17549006232143,1124.782968989971,113.91199,,,55.11364252,137.84246900557295
MOZ,Mozambique,2020,5298056,37.4,,73.0,71.0,71.0,75.0,71.0,6.73,17.760202,1.8129901,18217911539.0,1466.1248,0.477,101.17733,81564.98247081498,26158.905741481343,1363.8850195749787,256.9815283,77.95092041,57457.858033158846,376.7887836,4362.701597,875.1891694944801,23537.34491366788,24.424734173474302,34.886671311801244,16.33434167,69.09932682798049,1293.349323123065,115.5331193,,,58.45224467,179.6106243907225
NAM,Namibia,2000,261148,29.7,47.7,69.0,,79.0,80.0,,7.79,16.438843,1.7924814,5607973667.0,7858.3877,0.561,99.97474,11205.516507261447,3091.959281,1487.1998253546876,1930.858822,42.15048148,171190.5269702849,200.0225078,4063.30179,1514.581504,22197.39729879843,21.510408981948142,33.93789963868615,9.653613867835668,41.64694013,346.97379206070264,112.0558624,66.34250641,,99.39450073,23.328661458918063
NAM,Namibia,2001,263348,29.8,47.7,58.0,,78.0,79.0,,7.71,16.423086,1.7207302,5674032719.0,7786.5415,0.555,100.003654,12593.729298862649,3129.5243750504605,1488.9845861683098,1914.355445,42.13509703,168936.3193473514,200.463997,4060.14298,1525.532832,22236.02572364304,21.63455830381515,34.502330566794505,9.193249940310285,40.64676556064274,287.89115392577963,110.3667221,70.49653625,6.68791008,98.17696381,37.10333952974344
NAM,Namibia,2002,264871,29.9,47.8,68.0,,77.0,78.0,,7.61,16.39376,1.6686991,5945742924.0,8017.2812,0.555,100.03702,7692.427601,2706.354426,1456.3783074135567,1894.45312,42.10201763,167229.7019,200.5732079,4048.137851,1540.641021,22257.6097,22.11288048302704,35.30439157206319,9.170780388380203,35.493232593701904,221.91210932713147,110.1467209,68.46185303,6.927909851,97.17829895,28.149480444010365
NAM,Namibia,2003,264118,29.8,48.2,70.0,,79.0,82.0,,7.51,16.346754,1.6261644,6197830193.0,8237.366,0.558,100.07844,6820.584515942101,2456.56751,1430.222491,1868.908319,42.06079989,165778.10933482656,200.3452571,4045.324368,1558.130134,22263.60095386151,22.421475423467623,35.62734850046687,9.673364612,34.74721765032108,173.51231307207797,110.014122,67.73034668,6.719309807,95.04898834,26.432089179381723
NAM,Namibia,2004,261746,29.6,48.7,70.0,,81.0,81.0,,7.41,16.2999,1.5924951,6958275950.0,9130.824,0.563,100.12684,11012.65931942274,2487.009451,1380.2330939130302,1835.226584,42.02448947,164230.79010895666,199.65947526732003,4041.776384,1572.888704,22252.32734607141,22.07166792580925,34.65444711829747,9.660788879,37.21331504,245.6099172494328,108.8542709,67.10269165,,82.25241852,37.41114879592365
NAM,Namibia,2005,260037,29.2,48.5,73.0,,86.0,86.0,,7.05,16.260498,1.5798335,7134269025.0,9245.137,0.564,100.15017,5107.804825,1964.705391,1337.1257327893998,1790.257792,42.00854189,162216.59918881636,198.4578122,4047.168572,1580.707086,22223.23081804099,22.31307031960961,35.33349113033545,10.005895597217496,37.81239294879627,325.7714372468456,110.2922134,65.84674072,6.548729897,83.02336121,25.1964730216626
NAM,Namibia,2006,260491,28.8,47.9,63.0,,86.0,74.0,,6.49,16.22717,1.5807246,7638888381.0,9773.298,0.569,100.17458,4353.617858,1657.43831,1298.5225526109318,1622.727553,42.01931768,159265.94447037048,196.6268463,4026.617817,1580.935663,22154.28070318435,21.06695038779566,33.67854159937439,8.636304895475263,43.50979933318519,466.0947988966415,111.1688385,65.46166229,6.214389801,82.92456818,25.485550399253174
NAM,Namibia,2007,263531,28.3,47.2,69.0,,86.0,81.0,,6.06,16.203966,1.5943315,8049405616.0,10162.24,0.576,100.17711,1158.944365,1058.135766,1268.0907501892823,1294.179938,42.04974471,155240.77964040538,193.9830007,3941.377468,1575.263279,22012.59616723851,21.819722801663843,34.923899312064925,8.259223167321275,35.795954570330004,370.3594958101678,113.6565781,66.37806702,,,11.746668593613848
NAM,Namibia,2008,268903,27.7,46.4,73.0,,83.0,83.0,,5.64,16.176535,1.6114581,8262699735.0,10286.513,0.581,100.15254,258.0660416,561.9220889,1227.0441887458198,911.5541572,42.09367449,150288.12696526572,190.6185348,3873.469376,1562.512229,21784.42219070574,21.49477471956791,33.87673879729741,9.462678148,41.91874201307918,434.0771225364239,113.7801285,,10.60721016,84.39811707,3.801284586908677
NAM,Namibia,2009,275985,26.9,45.8,76.0,,83.0,83.0,,5.29,16.13675,1.6309178,8287154923.0,10166.29,0.585,100.122154,99.98222568,198.3255269,1192.832159625677,581.3165808,42.14529869,144572.91505916798,186.5977607,3781.592906,1543.289183,21455.809046604547,21.548419180605872,33.82282301577783,9.508764935763896,41.52515072471973,413.48094502389415,114.2853088,,,92.73647308,1.679077618978569
NAM,Namibia,2010,283966,26.1,45.6,75.0,83.0,83.0,83.0,83.0,5.08,16.077621,1.6390762,8787636883.0,10614.62,0.591,100.109085,45.37166977,50.30252535,1136.4942334634184,409.5479294,42.196888525510005,138267.84636802468,181.7127054,3685.2762255835896,1517.281634,21017.12864585161,21.84037590793382,34.33434029251975,9.146367742652805,40.888977608329725,344.4846544606957,115.1181229,71.58500496,,92.4510498,0.857356598534019
NAM,Namibia,2011,292734,25.1,46.2,74.0,82.0,82.0,85.0,82.0,5.16,15.995785,1.6129137,9235045191.0,10965.273,0.598,100.11252,56.95723981271001,67.21793207,1099.6056640742183,357.6047337,42.28141996,130060.6225154795,176.3503913,3604.233278,1480.5590208659698,20274.62045034204,20.639759640968048,32.96320271679576,8.909524641278788,46.46439306760255,569.7250451790588,115.9751185,75.90209993,,95.01829953,0.9268513678287584
NAM,Namibia,2012,303149,24.0,47.2,76.0,84.0,84.0,84.0,84.0,5.51,15.903994,1.5928638,9702493818.0,11266.609,0.607,100.22183,7.789206356179999,105.006578,1040.4506088225526,316.361406,42.41012668,119343.86659350993,171.34002285984002,3543.153516,1436.450545,19183.91498583083,21.37619299966217,34.328101288476965,8.679643188,38.20533694409704,325.3956410563096,117.8693738,77.42358352,20.44039637,93.85326043,0.1272962313103821
NAM,Namibia,2013,314168,23.1,47.0,82.0,89.0,89.0,89.0,89.0,5.4,15.807973,1.6165544,10247261642.0,11593.575,0.616,100.34603,154.3826366,166.5114805,997.4369966069982,285.0934975,42.54746582,107270.1498017762,166.48250118427998,3486.348169,1388.9857954968002,17951.34961987173,21.98315017307628,35.01620837252585,9.345007067290569,34.63729467922855,253.44914212092075,119.6136184,79.12453127,21.6024647,93.3658905,2.0361925657147184
NAM,Namibia,2014,324443,22.2,46.7,83.0,88.0,88.0,88.0,88.0,5.31,15.731523,1.6645074,10871578021.0,11982.696,0.624,100.35305,674.5410035,250.035682,954.8393470876636,263.0002923,42.66261023,94956.73396,161.4941096,3415.9180008142803,1341.080391,16774.294615715822,21.24615117901504,33.622147860984505,8.742100063427733,42.258002196070926,361.9610015142679,119.9300235,79.87381232,22.88867073,93.71844328,5.766519493085705
NAM,Namibia,2015,333869,21.3,47.0,85.0,92.0,92.0,92.0,92.0,5.5,15.6746,1.6943909,11335161083.0,12166.565,0.63,100.002815,318.5966817,271.1326027,919.0438758802228,249.2943289,42.72619042,83533.57438799903,156.720318,3361.65646,1297.947451,15847.16119180132,22.422299799577967,35.352502459182155,9.866239657,34.999912312254686,250.97550004259247,122.0173301,81.74153434,24.75428621,95.50687275,2.774505024221308
NAM,Namibia,2016,343169,20.4,46.7,75.0,85.0,85.0,84.0,85.0,5.42,15.642139,1.6657495,11338991738.0,11846.788,0.634,99.92885,885.6176655114499,338.4829309,884.3944187515485,239.9247135,42.72516405,71475.21226395869,152.2018043,3309.694435,1262.614049,15100.034483677398,22.590109818479498,35.555982491425944,10.323901767359436,36.70552477077795,338.6409740220868,121.8861243,82.46288319,27.02904779,98.10407069,5.9663507160247065
NAM,Namibia,2017,353395,19.5,46.3,80.0,88.0,88.0,83.0,88.0,5.19,15.627077,1.6355684,11222512162.0,11408.726,0.638,100.17123,3930.3384879797695,550.8854058,853.7955080119795,231.7808958,42.68389008,58007.45050077311,147.9265048,3276.594313,1231.121338,14367.66176442451,22.10018934997814,34.44987275534308,10.191972135271518,40.239971064810085,350.7229446236837,123.5155438,82.91872879,29.7372632,88.75393578,16.919350949801515
NAM,Namibia,2018,363856,18.7,46.1,82.0,89.0,89.0,84.0,89.0,5.01,15.6132765,1.6940643,11341464002.0,11214.386,0.642,100.319244,1762.640545,457.7131697,834.0762656001182,225.3868347,42.62911782,45426.04574887544,144.43630840423998,3245.318314,1203.070346,13700.56465167648,22.304275782419705,35.12257033,9.679416590893396,37.23235169881058,245.8847498770156,122.3959955,82.44479179,31.40710093,98.11395294,12.234183155619316
NAM,Namibia,2019,373916,17.9,46.1,80.0,87.0,87.0,84.0,87.0,4.78,15.6004,1.7746606,11246291861.0,10813.305,0.647,99.9539,1264.412295,453.8455331,815.1640862382443,221.2195852,42.58943744,36020.59344804862,142.189663,3229.10746,1177.431764,13148.37031205185,23.24444009864124,36.16218947533099,10.826995999946996,30.78042607555162,124.51376337196773,121.8856777,83.39972069,34.45333109,96.65962294,5.670315153459557
NAM,Namibia,2020,385745,17.4,,90.0,93.0,93.0,92.0,93.0,4.57,15.581519,1.7476243,10335184546.0,9652.248,0.647,99.73516,563.6590414,420.4364053,793.4130421729739,219.6861238,42.59555318,32082.163636640696,141.1403771,3215.228321,1154.815709,12662.76982280255,21.941374025033145,34.77660715182584,9.631695618310106,38.52442572404285,298.5069225490706,119.9009519,87.2617412,34.17219524,101.7023312,4.071779130617784
NER,Niger,2000,2348830,52.1,83.9,37.0,,34.0,41.0,,22.78,,2.951379,4522117708.0,1190.5668,0.266,103.151115,81330.07099072853,25800.92922082528,5551.546771257783,1669.172341,85.82983881813999,344395.6690097415,490.5211082,5663.362175,1260.778921,101160.56934986784,26.63330882031264,38.16093755020747,15.85523608682444,23.32507446243485,132.2842856420537,25.77339935,4.988910198,,14.39896965,636.4566159501198
NER,Niger,2001,2443249,51.9,83.6,39.0,,36.0,42.0,,21.75,,2.8956954,4850791323.0,1233.0651,0.272,103.31484,78681.83799151286,25481.20320651171,5238.5607280002105,1660.734607,85.72879417,342883.5876774631,486.4975182,5668.577932,1247.670882,99646.52637,26.839316110084344,38.489338646969465,16.208846029028688,23.414065498110578,153.31058611571885,28.25431061,4.954249859,,15.03645992,594.1513086267906
NER,Niger,2002,2538740,51.5,83.2,41.0,,39.0,43.0,,20.62,,2.8400555,5089376067.0,1248.8231,0.278,103.49886,73502.89502774808,25116.45820909827,4978.268954528628,1652.776017,85.62524108,339956.53979811503,482.2462111,5648.223899,1232.581622,97660.43148348972,27.25348760166045,38.60492339252965,16.573025333512195,23.89300580270964,143.73559973107555,31.59650993,4.938310146,,16.54104042,541.9792923299264
NER,Niger,2003,2635436,51.0,82.7,43.0,,41.0,44.0,,19.44,,2.7725883,5199846593.0,1231.2781,0.284,103.57494,72961.92388851021,25065.19494287835,4711.958921004701,1643.766118,85.52919071,335930.4875390291,477.9314181,5638.40488,1214.7837993729102,95450.95990546684,27.31421089689231,38.65501723,16.39416185640953,25.036916943703584,188.6768999021514,34.44441986,5.460889816,0.462159991,16.39683914,528.8742001841488
NER,Niger,2004,2733900,50.4,82.1,45.0,,43.0,45.0,,18.28,,2.6993535,5218763717.0,1192.0824,0.292,103.5223,78252.25928277246,25342.988513413777,4429.936810495933,1631.841751,85.44875490356999,331130.0268074404,473.4003853,5624.5044122382005,1194.081652,93269.28115870568,27.510267653999502,39.06909960829078,16.613161698288987,22.378715033688863,130.90933382925607,37.84167099,6.572939873,0.44806999,20.5992794,548.8701835487637
NER,Niger,2005,2835481,49.8,81.5,47.0,,45.0,46.0,,17.19,,2.6182554,5601396628.0,1233.8755,0.302,103.44337,81714.20658849447,25455.18297891138,4169.044573844743,1615.142451,85.39266593,325879.2857516707,468.4745984,5558.883958,1172.6895,91359.57251,27.645293468038915,39.08398925,16.904307298393217,25.486453506541785,192.9978764841604,39.69377899,7.394440174,0.577049971,22.70562935,635.9401970959821
NER,Niger,2006,2940237,49.1,80.8,53.0,,52.0,52.0,,16.2,,2.525102,5933618261.0,1260.1205,0.309,103.41254,76158.66996004745,24971.518432622368,3964.831893790482,1504.772305,85.32829126,319058.44761413336,463.039943,5481.16111,1151.467195,89592.27251108368,27.44009424917682,38.71954558796904,16.568897115284738,23.93151917290873,162.86864160475704,40.36037827,8.457289696,0.524280012,25.19161987,608.3826484264569
NER,Niger,2007,3047796,48.3,80.0,60.0,,58.0,57.0,,15.36,,2.4173849,6120095511.0,1252.7483,0.313,103.40056,73401.78990292644,24608.63867402033,3764.012669240084,1266.502655,85.23551377142999,309829.2664425327,457.1185378,5352.678169,1126.385971,87738.93421170783,27.09328530141262,38.81336296506824,16.61992902427572,25.521342206231484,204.8714516224911,42.68922043,8.04238987,0.529320002,30.49044991,588.7344537085888
NER,Niger,2008,3157865,47.5,79.3,66.0,,67.0,68.0,,14.66,,2.3257022,6593265446.0,1300.5542,0.323,103.42505,76272.6257,24545.89128733402,3590.497273148376,980.4664516,85.13649873,298968.21809366543,451.2902906400301,5217.925732,1100.9893747460198,85890.48265987818,26.72871938402176,38.36058770574756,16.036035954712265,25.14301620819132,162.39069825656728,47.13867188,8.251409531,0.628210008,30.40210915,606.3531441330052
NER,Niger,2009,3269744,46.7,78.5,69.0,71.0,71.0,71.0,71.0,14.09,,2.2386122,6722664934.0,1277.6923,0.329,103.49854,76357.41310175658,24318.17256736927,3458.4980254204456,725.9460459302101,85.05746398624001,287240.2998811596,445.9849568,5100.073122,1074.270326,84131.50395767897,27.91700161,39.14521798661591,17.34093224324943,24.281543269443343,155.7796556853683,50.93751144,8.631999969,0.745140016,32.22544098,603.7807385722909
NER,Niger,2010,3382674,46.0,77.8,67.0,70.0,70.0,75.0,70.0,13.65,,2.1985185,7299346341.0,1336.5641,0.339,103.56676,79104.75115534857,24264.86371731383,3354.8515359081016,581.8062541,85.02305631,275421.3418768688,441.5405765,5039.306466,1049.654424,82546.25432168646,27.988772829488912,39.507825956093775,17.01674199049572,26.417361842725484,209.84411303400543,54.94602591,10.54675447,0.792381178,33.39623199,593.2231173407337
NER,Niger,2011,3495535,45.4,77.1,69.0,75.0,75.0,40.0,75.0,13.31,,2.179119,7471447186.0,1318.1013,0.346,103.57664,79874.47815975976,24091.17065988864,3275.924757,524.2246708,85.10362216,262173.8934553424,437.2716965,4987.146479,1025.94494,81307.13236266302,27.287673610843623,38.64776050978595,16.91749226209316,25.46213770487861,165.3098963,58.68121518,10.91682924,0.837622758,36.88768378,618.6109979388609
NER,Niger,2012,3607743,45.0,76.5,75.0,73.0,73.0,71.0,73.0,13.07,,2.169415,8259606009.0,1403.1897,0.356,103.540695,79362.88006345741,23800.10805534847,3209.1074282902687,476.896548,85.30132896,246412.15325798249,432.4295976,4973.137171,1001.451343,80391.04390079615,26.997084636471023,38.34095133500617,16.748905454965573,27.76895678157884,239.8372448081656,60.96126869,12.10013627,0.878249763,40.62220153,623.6414911526119
NER,Niger,2013,3719395,44.8,76.0,80.0,75.0,75.0,62.0,75.0,12.89,,2.166119,8698614858.0,1423.2617,0.362,103.51837,79167.29398151913,23491.95394033188,3158.071347774171,439.8374986,85.53972779,229269.1913368997,427.3751694658501,4960.524113,975.9792857,79588.43777,27.351352741468645,38.91284598005046,16.753515145629716,24.62307154913029,190.28651685337388,61.94577248,13.19051593,,41.29111937,651.7526926871603
NER,Niger,2014,3829685,44.7,75.6,80.0,82.0,82.0,79.0,82.0,12.74,,2.1749673,9276388744.0,1462.8213,0.369,103.50204,78133.23660580095,23107.64663718574,3103.1057270998185,413.1101884,85.74240317,211867.7305264144,422.5302045,4953.653922,950.4008033,78690.07053,27.45412333521732,39.07267700017282,16.56465654884609,23.72813380936132,146.87695652966394,62.98075624,15.04096267,,49.71974292,606.9593617852163
NER,Niger,2015,3937877,44.7,75.1,85.0,84.0,84.0,83.0,84.0,12.63,,2.1819148,9683867926.0,1471.6614,0.374,103.484634,74924.84546302212,22578.11800851297,3098.9634887448647,396.8159254,85.83296473,195325.5484348019,418.4218274,4928.990862,926.281353,77485.79444835112,26.63433602883296,38.23268923792546,16.04282589248746,25.88145459969516,186.96764057698465,64.96802881,16.65762911,2.100312601,,564.7567464586537
NER,Niger,2016,4043969,44.7,74.5,76.0,80.0,80.0,82.0,80.0,12.51,,2.182855,10239808436.0,1500.0085,0.38,103.47464,70060.47250623113,21939.740690402752,3029.637258347456,387.5818624,85.80620758,177648.54980034713,415.4986193,4931.177873,904.9904048,75269.50935304345,27.675267485863795,39.00028335142965,17.09221955,25.66391614402291,186.84365960397352,67.04771152,19.44385585,2.468829809,64.18243417,525.2963928238996
NER,Niger,2017,4145486,44.7,73.8,82.0,85.0,85.0,85.0,85.0,12.39,,2.1853285,10752347793.0,1520.0016,0.384,103.46673,67927.83717294688,21420.992539720977,2965.1256501631497,381.0755378,85.7303873,157983.38389115102,413.3000339,4915.847998629571,885.7280911507399,72107.39283712434,26.963983107800384,38.71066535324971,16.318685579880135,24.945715392485383,172.03266723033082,68.97718952,20.30427939,2.402033879,,495.4978689326367
NER,Niger,2018,4239028,44.7,72.9,77.0,79.0,79.0,79.0,79.0,12.28,,2.1812975,11527744540.0,1574.3384,0.391,103.45901,66822.26542057171,20887.47752695686,2910.923473709875,375.970876,85.63951591,139155.82172756715,411.0311664,4918.997045,866.3138879,68944.70211219866,27.42344393,38.23415695,17.05476752681493,26.58733009556217,214.6411579096408,,,2.519788073,,460.9391075536711
NER,Niger,2019,4324445,44.8,72.0,79.0,81.0,81.0,81.0,81.0,12.18,,2.174303,12212475570.0,1612.6373,0.4,103.44653,67685.51694637972,20355.51000222147,2846.796565195337,370.9061946,85.56779247,123988.5050054284,407.7716358,4914.425618,844.7166978,66726.225,27.159961893921466,38.416417099834256,16.50750253306837,26.506303564016324,216.54074218810845,62.41103339,,3.214908204,56.9037685,470.0304244958963
NER,Niger,2020,4404157,45.1,,79.0,81.0,81.0,81.0,81.0,12.06,,2.1711035,12646096746.0,1615.6927,0.404,103.431694,67073.15775900328,19585.57958870635,2766.8530916149844,364.515558,85.54955726738001,115302.53276874928,400.4004687,4910.217221,817.7449074095299,65499.09912816979,26.873763895183927,38.24537274720237,16.212581534056664,29.738632749519297,325.3281866,,,,,540.9208164047074
NGA,Nigeria,2000,22232767,41.8,79.3,33.0,,29.0,31.0,,18.23,,3.0665572,179675000000.0,4889.0034,0.435,103.34531,109687.57550351192,39212.256810061815,4324.996494088074,3074.095353,79.1675933,296726.9480949657,337.137755,4004.9622644545098,1255.85137,41967.659942636834,26.10269920678927,35.55458523779186,18.19471928512692,56.63089164037549,1404.1636496407891,85.05851746,21.74875069,,72.00282288,597.6547047850786
NGA,Nigeria,2001,22916447,41.7,78.7,32.0,,27.0,36.0,,17.68,,2.995076,190308000000.0,5039.549,0.438,103.37697,107815.11711116592,38925.55663044625,4162.883179454956,2987.235105,79.1683231,291294.56150695327,334.3251007,4001.719629,1250.778155,41233.89729091543,25.84875775756881,35.26482259082698,17.921150191900754,58.18971274,1013.0649985030716,83.37410736,23.84506035,,,587.2124670332587
NGA,Nigeria,2002,23653785,41.5,78.1,30.0,,25.0,40.0,,17.11,,2.9262812,219481000000.0,5654.897,0.451,103.38418,105800.0021829872,38747.75744544433,3995.2444975864905,2822.797718,79.108522,281423.6684,329.1907435,3999.033993,1243.568212,40401.66265648233,26.31786300416096,35.751253528726814,18.372982613317948,57.903377302712535,1053.322408868783,84.41451263,24.82419968,,,578.2276768084178
NGA,Nigeria,2003,24440517,41.3,77.4,34.0,,29.0,42.0,,16.54,,2.8774276,235606000000.0,5905.315,0.464,103.40302,108350.28148519312,38866.67115504665,3794.842414159135,2628.212279,79.00895964,269513.8476970676,322.6216229,4004.182902,1234.114963,39566.63304849643,26.48955885722329,35.705135506535434,18.51649446098407,58.788830957900736,1005.4951931376436,85.80082703,,7.510900021,,571.8697975518999
NGA,Nigeria,2004,25239088,41.0,76.6,37.0,8.0,33.0,43.0,,15.98,,2.8333666,257401000000.0,6275.299,0.477,103.43018,110936.29409226832,38931.22308,3615.1582718935774,2449.8337473891697,78.89383735,257959.38931602164,315.4192171,4001.54301,1220.095141,38828.258044007256,26.875910389113617,36.28685113,19.025761535642395,56.04689290589448,807.7574223791165,87.03694916,30.03856087,7.842899799,68.78694153,551.1475131148634
NGA,Nigeria,2005,26008643,40.6,75.8,41.0,18.0,36.0,45.0,,15.45,,2.795008,273974000000.0,6496.932,0.484,103.44204,112985.49623667516,38810.87347550147,3430.572657272958,2333.490239,78.78835388,249206.3876941341,308.3148821,3988.6485420227104,1202.665364,38300.42762,27.148594033514016,36.69943327940563,19.359419513313103,56.58158635836829,829.2912575016047,87.82704163,30.58820915,8.321089745,71.47773743,530.0731147615597
NGA,Nigeria,2006,26757385,40.3,75.0,44.0,27.0,40.0,46.0,,14.96,,2.7507515,290575000000.0,6702.9453,0.489,103.44862,114682.61018852257,38206.93074,3255.0504526626924,2255.530212,78.63532481,242674.79001892533,301.06996200513004,3970.638888,1183.576749,37776.48644063042,27.025010023941583,36.35450569732504,19.103542583382065,55.99304360106919,905.1218851146556,89.07315826,29.7225399,,76.18080902,540.2314534475842
NGA,Nigeria,2007,27501031,39.8,74.3,41.0,42.0,42.0,54.0,,14.52,,2.7146578,309728000000.0,6949.4263,0.492,103.37664,114318.69636220456,36969.997366060496,3084.0551325668107,2167.6508557770603,78.38347479101999,236296.8922,293.4774405,3939.703592,1163.825372,37078.69502765075,26.12689414,35.28841972618484,18.386861757856646,59.99407223777103,1304.802948310914,82.26570892,26.4539299,,67.46546936,531.7465843961127
NGA,Nigeria,2008,28252690,39.3,73.6,53.0,53.0,53.0,60.0,,14.13,,2.6796203,330679000000.0,7215.7695,0.497,103.29743,112215.18589636276,35405.58591639098,2954.365099775111,2077.981145,78.06496698,230331.9820602536,286.4325732,3899.3006872866295,1144.439203,36356.44239784491,25.93432363522921,35.06842883061889,18.159062248953685,59.481597571587805,1006.4072609551856,74.27176666,30.57250023,,60.45191956,534.3462719963406
NGA,Nigeria,2009,29012968,38.7,73.1,64.0,63.0,63.0,66.0,,13.8,,2.6499999,357255000000.0,7581.406,0.499,103.29034,108738.09927428597,33831.08086103383,2856.784820345796,1994.273021,77.71319012,225014.23548115315,280.2295473,3857.4463493007097,1123.369363,35753.73274249184,26.730594283409896,35.61742569212812,19.086470627334243,60.18952345351139,957.9392431974766,75.58114624,34.57099152,,64.80644226,520.2366523784827
NGA,Nigeria,2010,29761521,38.0,72.6,56.0,49.0,56.0,54.0,,13.51,,2.6285357,385856000000.0,7962.6396,0.502,103.210304,99649.64283502664,32301.764442268148,2773.688804958969,1924.3329752999896,77.36183122,220552.8172,275.239896,3815.260396,1099.606676,35411.32275476577,26.53681581031391,35.406294405911275,18.728609968591577,61.88665177558061,1148.4722197439748,75.64015198,39.00849152,7.822347011,65.51779938,479.8448356837159
NGA,Nigeria,2011,30493072,37.4,72.2,53.0,45.0,53.0,48.0,,13.29,,2.6356516,406337000000.0,8153.5317,0.508,103.08098,92079.99852,30663.10528405156,2677.090845,1859.261203,76.92323739,216961.6775080188,271.4820032,3781.66704,1070.768603,35409.01362,26.25924745407733,35.40196725970427,18.313833967891675,58.78633740134287,947.5397818675028,81.33287811,39.64064026,7.959632516,,444.8639935267975
NGA,Nigeria,2012,31188175,36.9,71.9,41.0,42.0,36.0,42.0,10.0,13.09,,2.6535552,423525000000.0,8265.905,0.512,102.97994,85926.31398460007,28464.70879569758,2609.693636644135,1786.130784,76.33596148,213779.5135862561,268.4300011,3753.62336,1035.821041,35636.09835893942,25.99511600947848,34.68023344127979,18.57750353188124,62.27804013424648,1238.8065330454754,84.37535095,42.42702103,,,418.10030204464823
NGA,Nigeria,2013,31807089,36.5,71.8,42.0,43.0,39.0,41.0,27.0,12.93,,2.6628947,451780000000.0,8581.208,0.517,102.86104,80614.45911165343,26169.00499525501,2560.6894585794635,1707.401479,75.67924359,210535.6907341672,265.9766192,3742.253733,998.7105809,35964.82427395078,26.73714184961409,35.86936060686015,18.71883598979508,59.58079164207996,852.9839605069652,86.27146385,50.33179092,,,399.7676685160459
NGA,Nigeria,2014,32354200,36.2,71.5,42.0,43.0,43.0,42.0,43.0,12.79,,2.686917,480286000000.0,8884.774,0.524,102.85118,77762.70963495545,24369.762458294263,2502.739528094013,1625.1520090016202,75.03534748,206768.0099496308,263.56262234579003,3726.519423,962.0071739,36260.15089743253,26.88632911739523,36.04691557933517,19.06330527753633,57.62537095958277,891.5479897625794,83.06002101,40.3631897,,,389.95856240299486
NGA,Nigeria,2015,32814258,35.8,71.3,42.0,42.0,42.0,42.0,42.0,12.64,,2.686646,493027000000.0,8892.058,0.53,102.948425,75686.59629453058,23478.160139457897,2455.5440478685314,1540.929167,74.48748394,201977.08849337243,260.73410182019995,3719.412365,928.1632503,36365.589465492136,26.59562599229785,35.98472952,18.601950833489123,55.83059785183707,887.0993699553758,25.84537033,41.86759186,,,374.2415015341614
NGA,Nigeria,2016,33136281,35.4,70.9,48.0,53.0,53.0,53.0,53.0,12.48,,2.668445,485055000000.0,8534.692,0.532,103.03834,73867.87598909491,23489.31377729911,2345.853787844072,1424.224037,73.95271347,191246.9778156345,257.4321012,3704.989215,897.6014142697501,36166.44159584997,26.70967285797181,36.01451286407415,18.886026197687183,59.06050587719625,1127.8562928876397,76.09664917,37.27626038,,,343.6920237425491
NGA,Nigeria,2017,33330184,34.9,70.4,54.0,55.0,55.0,55.0,55.0,12.28,,2.6381443,488964000000.0,8396.784,0.534,103.10988,75606.56675,24104.81931590158,2252.5217481647605,1267.057386,73.35703889756999,173281.33077179137,254.1632498,3696.7772094019697,869.3367219,35759.30614939859,26.566943436561825,35.644242099133656,18.80763324225088,58.60771827,1133.8711465093984,,,,,332.0029488461599
NGA,Nigeria,2018,33420839,34.4,69.7,56.0,61.0,61.0,61.0,61.0,12.02,,2.5868053,498366000000.0,8362.623,0.537,103.11435,78074.15984005514,24913.65026734879,2153.555213685583,1103.90857,72.79885189,152966.32442733672,251.0116849,3677.3758225011097,841.1819658,35289.84093045796,26.387376985644977,35.203382737656035,18.53965517820679,60.40803777612576,1126.5443829137937,80.22700241,39.44279099,,,348.8767032357337
NGA,Nigeria,2019,33399441,33.9,68.9,58.0,66.0,66.0,66.0,66.0,11.75,,2.5389855,509372000000.0,8361.787,0.544,103.087524,79488.92888132337,25580.15108022973,2062.886160220436,969.0033178,72.37855915182999,135180.1459865382,247.6381345,3648.608407,812.2452570820201,34896.28898741854,26.589333480760484,35.45705791954867,19.11782652770077,60.69902235426272,1187.735161742911,,,,,354.5326876618619
NGA,Nigeria,2020,33297235,33.5,,60.0,62.0,62.0,62.0,62.0,11.44,,2.4928706,476930000000.0,7664.211,0.547,103.081825,85579.24869896335,26218.879996089177,1981.9223041538776,896.9863243903401,72.19871348,124792.23010432807,242.8645161,3614.129478,779.5131266,34536.903095747264,25.931320643312404,34.917532567210834,18.08850281468637,63.32466522770148,1400.915572639273,83.86705654,43.91408157,,,377.75490615492345
RWA,Rwanda,2000,1374080,48.7,61.3,74.0,,90.0,90.0,,18.49,9.081315,2.6417537,2738155708.0,1016.662,0.34,100.62483,45355.38638126796,14705.55329519955,3820.3508062051474,969.9887007,83.98623063759001,277713.1947827524,501.100141,3228.0965141730803,1525.944519,14739.285801785802,20.454166666666666,29.6825,12.865,66.56583333333333,1018.54,,,,,560.2497568097828
RWA,Rwanda,2001,1387684,48.7,59.1,69.0,,77.0,76.0,,16.68,9.035623,2.5651383,2970476182.0,1093.1841,0.37,99.69787,43972.27278877836,13214.79717233145,3522.459014576113,875.3539901088301,83.76806322,275088.9159366188,493.327989,3184.1421815380904,1494.7666954080298,14406.20427275716,20.124166666666667,29.22583333333333,12.988333333333337,70.185,940.29,120.2728424,10.95495987,0.990939975,24.48942947,510.2774919178322
RWA,Rwanda,2002,1415235,48.7,56.8,69.0,88.0,88.0,85.0,88.0,14.94,8.990942,2.4849486,3362343587.0,1220.7395,0.385,99.17882,38863.994482028495,10450.27930959899,3278.315981444376,671.0500133,83.22746901450999,272706.52525609423,490.99181737826007,3170.373163,1484.685018,13911.075918674402,20.546666666666667,29.584166666666665,13.214999999999998,67.86083333333333,916.09,122.47995,11.86878967,1.219499946,30.37704086,438.64005077077337
RWA,Rwanda,2003,1458022,48.6,54.5,90.0,96.0,96.0,96.0,96.0,13.33,8.960599,2.3992968,3436395422.0,1220.4991,0.398,100.71071,29097.35369943698,7154.991224,2943.1364755325503,426.1505591,82.57784418,269297.15940127143,480.8081912,3126.555042,1454.131174,13208.591677710629,20.328333333333333,29.64583333333333,12.863333333333337,69.99333333333334,1171.87,122.3139496,12.63206005,1.642120004,41.7730484,341.6486626797168
RWA,Rwanda,2004,1504309,48.5,52.0,84.0,89.0,89.0,89.0,89.0,11.81,8.940331,2.308499,3692326723.0,1277.1927,0.417,102.08501,16743.68579808555,4224.473089850389,2632.8440467650435,217.0050874,81.9730618,264890.9482907725,463.914561,2997.379618,1392.979087,12380.80854160924,19.4975,27.45083333333333,12.149166666666666,74.575,1592.76,131.5090485,14.32394028,2.04975009,40.62903976,245.03148505970503
RWA,Rwanda,2005,1547795,48.4,49.7,89.0,95.0,95.0,95.0,95.0,10.49,8.935637,2.2122538,4038589400.0,1360.2959,0.433,101.96953,10780.73380446745,2949.298085,2401.242067253432,119.850104,81.51043419,260567.0287,446.9013121,2859.794427,1335.436069,11596.17832713126,20.101666666666667,28.74416666666667,12.815833333333332,72.095,1197.88,138.5696564,15.26597023,,,178.29894132452864
RWA,Rwanda,2006,1583186,48.1,47.5,95.0,99.0,99.0,99.0,99.0,9.37,8.95238,2.1267374,4411233104.0,1446.7109,0.452,101.90089,8149.668169,2841.53131,2209.806379516721,105.4282344,81.13635672,256773.02595451585,429.0307613,2692.280597,1278.126982,10726.79208160006,20.11583333333333,28.973333333333333,12.64,71.54916666666666,1150.96,149.8147736,17.07055092,,,134.18408019780188
RWA,Rwanda,2007,1610059,47.6,45.4,94.0,97.0,97.0,98.0,97.0,8.45,8.9912615,2.046051,4747955680.0,1516.2675,0.467,101.86023,7602.465705418481,2953.82919,2034.027746,94.47478072,80.74023776,253143.54574905208,408.7658525,2528.445354,1226.446449,9673.463926,19.195833333333333,27.151666666666667,12.4525,77.20916666666666,1556.49,155.5214233,19.04990959,,,131.88730456523405
RWA,Rwanda,2008,1632863,46.8,43.5,92.0,97.0,97.0,97.0,97.0,7.62,9.0458765,1.976876,5277886757.0,1641.7777,0.479,101.91005,9467.140709,3240.1972644119705,1882.5503776817063,86.43876783,80.35702231,249380.48283592463,388.2309419,2402.691778,1183.465783,8599.523477,19.014166666666668,26.84583333333333,12.24,76.78083333333333,1555.85,155.5314484,20.75548935,,54.72512817,155.53980177388627
RWA,Rwanda,2009,1650930,45.8,41.9,95.0,97.0,97.0,93.0,97.0,6.92,9.11522,1.9152296,5607662712.0,1699.9446,0.493,102.03219,11823.29573769224,3525.1992587533496,1761.354630037415,80.77717105,80.03322784939999,244954.0861800408,370.1385565,2307.8946089800897,1141.153895,7654.14211,19.349166666666665,27.344166666666663,12.854166666666666,76.11916666666666,1598.84,157.0570068,25.61227989,4.319200039,75.69171906,166.21078613861104
RWA,Rwanda,2010,1661857,44.4,40.6,95.0,97.0,97.0,93.0,97.0,6.33,9.189189,1.8612218,6018965507.0,1779.1586,0.504,102.133606,13562.24377341024,3679.025627,1655.2681996033082,76.93151023,79.80606684,239471.0286456045,357.0893658,2254.193042,1102.550521,6992.4430335488205,19.664166666666667,27.54833333333333,12.470833333333331,75.52416666666666,1408.18,155.4046045,32.29875183,4.950284679,79.90683416,185.17456242302973
RWA,Rwanda,2011,1664962,42.9,39.3,95.0,97.0,97.0,93.0,97.0,5.81,9.252823,1.8111858,6497978178.0,1874.215,0.512,102.140076,13597.730298551818,3595.818715,1580.6244296105142,73.94460917,79.65069738,230348.4645717304,348.65185445038003,2202.343727,1075.036293,6541.5989304779405,19.474166666666665,27.7625,12.775,75.47,1444.16,154.404573,37.17367935,5.772930145,,183.3270376430479
RWA,Rwanda,2012,1662664,41.3,38.4,97.0,98.0,98.0,98.0,98.0,5.45,9.2950945,1.7812275,7059501492.0,1988.0122,0.521,102.07975,11501.77463151999,3286.692457,1523.1144580286775,71.35996966,79.50773085,216596.0890068237,342.9073328,2177.019736,1056.104043,6127.472483,19.49333333333333,27.58083333333333,12.739166666666668,75.32416666666667,1399.75,152.948779,40.84217834,5.888645668,79.05437507,157.1851592984276
RWA,Rwanda,2013,1666533,39.8,37.8,95.0,98.0,98.0,98.0,98.0,5.17,9.325019,1.8225147,7392699272.0,2032.4048,0.499,102.13858,9497.060638,2935.156937,1480.3742917626123,69.32060063,79.36516791,200112.7830222494,338.0312196,2187.794078,1035.050679,5749.483781,19.758333333333333,28.549166666666665,12.473333333333334,73.56916666666667,1083.74,125.6466557,31.64049405,5.490021879,63.98886159,128.8004441570942
RWA,Rwanda,2014,1681148,38.4,37.6,97.0,98.0,98.0,98.0,98.0,4.96,9.345301,1.8707961,7848619320.0,2106.2146,0.525,102.12938,8966.412819,2675.343476,1431.6716173198506,67.94998283,79.21158536395001,182768.07189698183,332.3938731,2197.929508,1010.405212,5407.431129,19.86,28.0425,12.720833333333331,74.74833333333333,1334.42,139.2942199,43.21793106,6.649655647,69.13756237,128.22196224268365
RWA,Rwanda,2015,1702847,37.0,37.4,96.0,98.0,98.0,99.0,98.0,4.78,9.355109,1.8453989,8543760199.0,2238.5393,0.525,101.97917,9470.603152,2534.703885,1381.0694205625596,67.3979646,79.03279229,166536.61921402242,324.549529,2205.3505380207403,979.9750643,5102.679537393609,20.2925,28.820000000000004,13.383333333333333,72.67333333333333,1072.07,137.6238681,40.52586192,6.607850429,68.32243187,128.94914591918038
RWA,Rwanda,2016,1730820,35.8,37.5,95.0,98.0,98.0,99.0,98.0,4.63,9.361541,1.7999098,9053886356.0,2316.6372,0.534,101.89889,10877.13548273903,2496.8635959613803,1320.7340553769156,70.09065765,78.72104434,149538.50497493296,316.7185353,2194.489838,945.0527946,4804.2758297236805,20.346666666666668,28.93166666666667,13.13,71.83416666666666,928.23,140.058238,39.86300353,6.601698092,73.73373081,136.50484636576883
RWA,Rwanda,2017,1761630,34.6,37.6,97.0,98.0,98.0,98.0,98.0,4.52,9.368544,1.7558544,9408633100.0,2351.597,0.539,101.87089,12628.09348743662,2487.670757,1272.7249677462855,76.61375667,78.22365076788999,130647.28218689696,310.9960034,2188.880752,923.1508566,4501.911112601039,20.71,29.5475,13.540833333333332,70.04583333333333,939.98,138.3298902,41.57582856,6.913706254,85.44865691,141.3734815788986
RWA,Rwanda,2018,1789285,33.5,37.8,99.0,97.0,97.0,97.0,97.0,4.43,9.374252,1.7208691,10209916254.0,2493.44,0.54,101.895164,12484.00587,2380.94188,1234.978628390713,84.39018995084001,77.63069543,112573.47977847474,304.4636761,2175.317828,905.0327614,4222.342934,19.149166666666662,26.845,12.3625,78.08666666666666,1343.22,135.6711648,43.24823382,6.007088206,91.02252535,142.84124455290265
RWA,Rwanda,2019,1812230,32.4,37.9,96.0,98.0,98.0,98.0,98.0,4.34,9.385072,1.6902497,11174486370.0,2667.4646,0.55,102.02996,10059.33295142879,2160.2485756393003,1193.812198027024,90.88654769,77.05744218,97712.43186828987,296.2914245,2158.117096,874.6703170987699,3982.864482,19.8975,27.929166666666664,13.154166666666669,76.45416666666667,1351.8,135.9896542,46.52237742,5.703777702,102.3719025,120.45464712688012
RWA,Rwanda,2020,1831996,31.6,,94.0,91.0,91.0,91.0,91.0,4.25,9.398525,1.6605672,10797494124.0,2520.3174,0.555,102.24559,7409.829187,1948.27317,1158.0300721008462,93.55153141,76.59682633323999,88802.26148444581,285.7335862,2140.6085,841.4399657,3816.650319,19.199166666666667,26.64916666666667,12.441666666666668,80.61416666666666,1840.12,,,6.668738869,,99.75495901971895
STP,Sao Tome and Principe,2000,22040,30.8,70.5,69.0,,82.0,87.0,,8.21,10.093629,1.4924352,138248376.0,3852.8904,,102.65298,86119.15500031986,19413.24184122049,1787.5109879431975,2046.747547,79.01608259,191436.35197147887,278.519899,3761.465489,858.8187251,76950.45165013066,26.08,27.250833333333333,24.94,83.265,1214.03,,,,,279.0981375221731
STP,Sao Tome and Principe,2001,22479,30.3,69.4,75.0,,92.0,90.0,,7.66,10.139506,1.4753629,142484974.0,3907.0193,,101.9631,115068.3043,20436.92234527714,1726.2500817843006,1865.430738,78.80275029,183482.05953514663,273.1058038,3692.523733,854.346988,75228.78357489865,25.88083333333333,27.28,24.555000000000003,83.43916666666667,1048.16,,,,,276.0282692801891
STP,Sao Tome and Principe,2002,23585,29.6,68.4,85.0,,92.0,92.0,,7.1,10.186314,1.4558233,147272738.0,3942.7605,,101.905106,145030.4283518721,20536.20366019354,1662.4248087340986,1446.1874952767698,78.50929301,176900.77439382803,267.2676508,3650.683743,848.0664517,73141.85635327107,26.37333333333333,27.628333333333337,25.2725,83.79166666666667,1329.04,118.7136993,,,60.79874039,312.43688012372155
STP,Sao Tome and Principe,2003,24786,28.6,67.3,87.0,43.0,94.0,94.0,,6.57,10.229292,1.4336898,159483885.0,4161.638,,101.945526,118782.1488350142,16887.57484040701,1593.4203927941967,944.8722381,78.18373025,171197.41157022468,261.4327118,3591.0445687903803,841.8904607972399,70807.54398170675,26.5975,27.745833333333337,25.261666666666667,83.46249999999999,1308.82,121.0656204,39.31409836,,57.07595825,315.7044764549491
STP,Sao Tome and Principe,2004,25918,27.5,66.2,91.0,70.0,96.0,99.0,,6.05,10.276585,1.4077474,165126275.0,4202.562,,101.88877,129666.86217109584,15380.89827517799,1532.913391377709,516.8303822,77.87790766,165828.18844744068,255.8979586,3574.064017,836.3207669,68344.95834,26.4625,27.679166666666664,25.159166666666668,83.17166666666667,1070.92,122.6865234,40.76572037,,70.77719879,285.84451680331597
STP,Sao Tome and Principe,2005,26957,26.3,65.2,88.0,96.0,97.0,97.0,,5.56,10.323855,1.3877149,176048759.0,4371.497,0.535,101.964836,34952.82640869039,8223.770868,1576.773044219595,317.3736271,77.64967821311001,160180.64478197394,250.5735789,3519.330604,829.5585610829701,65871.81210554547,26.391666666666666,27.743333333333336,25.089166666666667,83.43416666666667,1034.67,124.1743469,44.74367142,,74.15672302,149.88896517942504
STP,Sao Tome and Principe,2006,27704,25.1,64.3,85.0,75.0,97.0,97.0,,5.11,10.372757,1.3640033,191657434.0,4644.1807,0.546,102.10169,5422.687629742351,5184.450084130101,1457.876422,288.3123254,77.44934239,154292.78814766288,244.1679329,3494.13793,818.9856433,63335.08460280429,26.335,27.53333333333333,25.1575,83.5475,1181.75,,,,,46.296930132884526
STP,Sao Tome and Principe,2007,28224,24.0,63.4,86.0,87.0,97.0,98.0,,4.68,10.425676,1.3463151,198636586.0,4698.084,0.552,102.16884,1666.323221,3614.834072,1361.8250403645698,266.5344199,77.22053061401999,148451.8025483087,236.2198128,3469.171943,803.5211322,60655.68124124632,26.508333333333336,27.635833333333338,25.08666666666667,83.20083333333334,1557.25,122.1538467,48.45935059,,72.30306244,21.255517570303304
STP,Sao Tome and Principe,2008,28745,22.9,62.6,93.0,99.0,99.0,99.0,,4.3,10.473858,1.3274648,211009232.0,4873.181,0.557,102.1157,6238.855765,2669.319792,1298.2537168612832,250.2294572,77.01124567259001,142421.73150374304,227.2716445,3401.227325,782.4006079,57909.414092419865,26.371666666666663,27.570000000000004,25.2025,83.07833333333333,1309.21,120.6760864,45.36555099,,75.28256226,50.73848817780261
STP,Sao Tome and Principe,2009,29192,21.8,62.1,90.0,98.0,98.0,99.0,,3.95,10.51689,1.3085227,217977600.0,4919.1953,0.561,102.150894,6019.66509,1753.182412,1205.2492465964592,237.5669247,76.8624502,136056.5934,217.7733559,3330.587729,756.9735438,55175.18554303945,26.3925,27.6275,25.0725,83.2175,1347.18,121.8534393,52.20875168,3.775919914,84.12928009,47.46125460595882
STP,Sao Tome and Principe,2010,29449,20.8,61.6,92.0,98.0,98.0,98.0,98.0,3.63,10.561888,1.2923007,221134908.0,4882.048,0.564,102.17464,2162.027972,1098.023283,1148.6666916255135,226.8525138,76.81082271,129256.78816784838,208.7711825,3251.751196,730.1320977,52537.09305,26.433333333333337,27.68166666666667,25.074166666666667,83.04166666666667,1132.53,117.8314133,50.98355865,4.174109936,85.77445221,21.435301671129046
STP,Sao Tome and Principe,2011,29509,19.7,61.2,91.0,96.0,96.0,96.0,96.0,3.33,10.603271,1.2559924,225556350.0,4876.473,0.569,103.554504,8609.459607137369,1345.664993,1075.2356168278875,217.2372478,76.76115341,121244.92979919634,200.842692,3156.210532,701.6585632347201,49770.73310894225,26.205,27.488333333333333,24.764166666666668,82.90333333333334,1170.26,116.3364716,52.26422882,,110.374382,46.01061258149797
STP,Sao Tome and Principe,2012,29664,18.6,61.0,92.0,96.0,96.0,96.0,96.0,3.04,10.649641,1.2231903,232194345.0,4919.5527,0.574,103.62644,15393.50830336902,1641.3513156892702,1011.6408471293626,208.95836,76.61464229,111831.66305973342,194.2346152,3071.876239,672.5824698,46755.44909861172,26.371666666666663,27.51,25.1275,82.96666666666667,1308.81,108.4060135,59.78181839,7.240729809,,66.85478245929617
STP,Sao Tome and Principe,2013,29960,17.6,60.9,91.0,97.0,97.0,97.0,97.0,2.77,10.699749,1.1864053,244081946.0,5072.112,0.585,102.44125,11209.13349123068,1326.489605,966.0394352732478,201.8485251,76.40354751,101714.16290219128,189.011496,3018.824438,645.3832253,43724.99676009929,26.198333333333338,27.530833333333337,24.7875,82.51166666666667,1236.29,108.1690979,66.13067627,,97.08538818,46.98552065866632
STP,Sao Tome and Principe,2014,30237,16.7,60.8,92.0,95.0,95.0,95.0,95.0,2.54,10.752006,1.1497841,256057120.0,5223.0957,0.596,102.433014,992.1018101,684.2262295634799,932.9763617406308,195.7149368,76.15970965,91510.06156270632,185.1054716,2978.907455,622.282753,40905.61359231615,26.166666666666668,27.361666666666665,24.8325,83.33083333333333,1230.15,103.8278122,77.00314331,8.582209587,89.68537903,7.809983405538606
STP,Sao Tome and Principe,2015,30536,15.7,60.6,93.0,96.0,96.0,96.0,96.0,2.31,10.810216,1.1128234,259999643.0,5210.2036,0.608,102.53283,1001.534942,652.6130268,898.1602878785653,190.2146569,75.92009888738001,81749.97197,181.4581484,2966.959233,602.0978605571499,38518.90333759923,26.0725,27.35166666666667,24.666666666666668,83.81166666666667,1169.97,104.6457977,85.47406769,13.00364017,,7.194431695317848
STP,Sao Tome and Principe,2016,30815,14.7,60.3,93.0,96.0,96.0,96.0,96.0,2.11,10.866621,1.0783682,273459368.0,5388.5093,0.613,102.587036,1100.617884,635.6933211,860.6447504253812,185.0983214,75.52278076,70529.90038672056,177.0454667,2946.022288,583.3575734,36476.78086891709,26.77833333333333,27.941666666666663,25.55666666666667,83.05,1384.17,105.3997498,87.7800827,,80.91458893,7.451667587119054
STP,Sao Tome and Principe,2017,30690,13.8,59.9,90.0,95.0,95.0,95.0,95.0,1.95,10.923678,1.0439583,284706696.0,5521.2026,0.617,102.54403,1058.689533,613.8904799,822.0081906,180.1523988,74.89616653379001,57250.45047091216,171.7684121,2910.091626,563.5749227901799,34565.27747009891,26.39833333333333,27.41583333333333,25.171666666666667,83.47416666666666,1384.45,107.5619812,95.12904358,,87.18887329,6.7645867639544965
STP,Sao Tome and Principe,2018,30195,12.9,59.4,95.0,95.0,95.0,95.0,95.0,1.81,10.9828825,1.0131259,297171520.0,5674.7236,0.621,102.61417,1510.771986,625.0091605907301,786.6759005515639,175.1290743,74.21332418508999,44416.25413564126,166.1077474,2872.291952,541.8412595,32818.194831929744,26.5525,27.60833333333333,25.286666666666665,82.94666666666667,1434.51,,,,,7.82019120596485
STP,Sao Tome and Principe,2019,29732,12.0,58.8,95.0,95.0,95.0,95.0,95.0,1.7,11.048105,0.9850593,303157496.0,5702.0835,0.625,102.59567,1357.139354,606.9449426,755.6056963902905,169.9165421,73.63722844,34567.40366262961,161.3944829,2843.921166,520.8426805,31269.82703,26.760833333333338,27.90833333333333,25.418333333333333,83.01083333333334,1262.12,,,,,6.844622729463181
STP,Sao Tome and Principe,2020,29611,11.3,,86.0,96.0,96.0,94.0,96.0,1.6,11.114753,0.9631984,311114954.0,5742.9473,0.628,102.58363,810.7465928,573.1261178825899,738.3450789418554,164.3420187,73.32800589,30222.61642552824,158.2465943,2831.681132,499.5882012,29950.816687124647,26.81833333333333,27.964166666666667,25.531666666666663,81.88250000000001,1127.52,,,,,4.859774683839613
SEN,Senegal,2000,1658596,24.6,82.7,48.0,,52.0,49.0,,12.93,22.12214,2.8166382,10450471990.0,3093.2878,0.398,102.797455,36415.96954849757,8532.286267,2639.367108972834,1791.569669,50.21604719,297460.7573799081,289.8098863,4286.6252357640205,1171.9111426005202,35128.71560637768,28.52101679916339,39.97454899502993,19.09162406038639,41.16863736,409.2016952720908,63.41569138,11.97964001,,32.1252594,475.7713112732934
SEN,Senegal,2001,1700507,24.0,82.6,48.0,,52.0,49.0,,12.21,21.856592,2.7134264,10900976316.0,3149.331,0.404,102.87693,5717.633058,6373.859054,2679.4304013976093,1631.5139136694402,50.09268128,296889.6507493377,288.3349802,4279.382301,1170.4236,33550.784521905705,29.29287698312436,40.840129244321446,19.58984640897739,37.250191292995645,281.8858993231232,66.16068268,12.33201027,,36.85329056,158.3032356329096
SEN,Senegal,2002,1738169,23.3,82.4,54.0,,60.0,60.0,,11.35,21.585361,2.6084864,10908464913.0,3075.2317,0.409,102.9544,6687.134565,5526.85155,2518.5222008851883,1299.601667,49.98135371,296351.79379912093,286.08990871590004,4280.429499,1161.722503,32026.777662392007,29.36750924438105,41.187600505646365,19.74326212,36.56233279865159,290.3494584822117,67.94245148,13.55924988,,40.31687164,169.61959158796375
SEN,Senegal,2003,1776545,22.7,82.1,60.0,,73.0,73.0,,10.45,21.30222,2.5180593,11518679089.0,3170.035,0.416,102.92945,12997.884178485469,4813.561677,2283.939729,909.1497848,49.89484345,295764.07199764915,283.394837,4294.2393979586695,1151.005337,30622.50907749638,28.58203030009175,39.63970060532862,19.38972860855501,43.79980325246496,592.2676889221494,72.66516876,,,41.03448105,236.6850109853526
SEN,Senegal,2004,1818998,22.0,81.6,57.0,54.0,87.0,87.0,,9.59,21.015402,2.4399493,12053525217.0,3240.302,0.423,102.92457,10155.26544,3741.526154,2135.1227979952514,573.5552757,49.85061754657001,294986.1743747663,280.481409,4270.599046,1136.307241,29385.14364,28.625605196621724,39.95884305634966,19.14604212269481,43.52190637372098,530.6829269124988,76.596138,16.66128922,,43.66458893,219.4416344685864
SEN,Senegal,2005,1860458,21.5,81.0,74.0,84.0,84.0,84.0,18.0,8.8,20.723995,2.3696315,12573060904.0,3301.8208,0.43,102.996056,11194.03126475671,3417.707651,1997.1876429840472,405.821657,49.86494438,293883.5431308761,277.9636324,4229.741083,1120.588861,28367.055929214268,28.44288472327584,39.26111794,19.340666092888405,47.24197144452024,663.5345599826674,79.11637115,18.93452072,,48.73983002,225.82860622129985
SEN,Senegal,2006,1903396,20.9,80.3,80.0,89.0,89.0,89.0,89.0,8.11,20.447361,2.3084688,12866110160.0,3301.0315,0.438,103.028534,14441.742003924091,3605.890288,1835.4274642734608,365.1865026,50.12062387,290813.97522662446,275.8595233,4184.72738,1106.006554,27570.31736553382,28.37146908834896,39.798470825470005,18.86734582419046,43.21614662469028,530.1480160129145,79.89201355,20.79129028,3.444259882,47.89513016,228.51702414199465
SEN,Senegal,2007,1945668,20.3,79.5,84.0,94.0,94.0,93.0,94.0,7.52,20.181904,2.2632148,13229850430.0,3316.4204,0.45,103.01247,12257.11244163849,3490.439866,1716.8967337398915,334.3717993,50.66183445,284869.23216812714,273.73492314834004,4125.52008,1090.466143,26916.91153003038,28.18810037810919,39.39360203,18.49225671209137,42.603412699580495,592.5910820785343,83.99584961,,4.216829777,49.75693893,193.9320082631461
SEN,Senegal,2008,1986606,19.7,78.6,77.0,88.0,88.0,87.0,88.0,7.03,19.934574,2.2318594,13719774159.0,3359.7056,0.462,102.97574,10396.40346101461,3400.103324,1614.648094184205,310.9960234,51.29488923,277048.0794702162,271.0778788,4112.981349,1071.128652,26349.05796562306,28.249695084788048,39.08854898,19.089757577889312,46.40645881846163,755.8811140914584,85.50318909,27.02882957,5.434150219,58.01596832,154.5604567484633
SEN,Senegal,2009,2029531,19.2,77.6,79.0,86.0,86.0,83.0,86.0,6.63,19.700102,2.2272737,14097356679.0,3371.4617,0.47,102.968,6538.359879,3191.906853,1527.2797477248955,292.7649079,51.82638199,268340.1435018517,267.7352969,4100.402329,1047.8143352644202,25806.84860628169,27.618533111930244,38.56405478603151,18.34458989975105,49.50984650998125,790.7103849066416,85.86025238,,5.797160149,59.38843155,92.72105906502412
SEN,Senegal,2010,2076115,18.7,76.5,81.0,89.0,89.0,76.0,89.0,6.3,19.486502,2.2211246,14575382431.0,3403.5671,0.477,102.98204,11449.50064783192,3480.823769,1412.7847290778714,277.4862734,52.06136982,259765.52440814223,263.779699,4076.572133,1020.33159,25237.25603884241,28.22722604205289,39.05057048206341,19.233366114106367,51.13675513014011,799.7422246610273,86.24651915,34.5189209,5.625032789,59.18751542,115.61409021808257
SEN,Senegal,2011,2130101,18.4,75.5,84.0,92.0,92.0,89.0,92.0,6.01,19.285864,2.1861007,14769831308.0,3362.8794,0.491,102.9864,8599.09366,3268.095084,1331.6866534958988,263.99084161425003,52.01716281,251365.83998291093,259.0258402,4037.857508,985.9513318,24625.94548192214,28.24432741395452,39.80146772581171,18.867339564770045,44.01588870146241,552.8376046137631,91.57125092,40.71242861,7.412694944,62.39197696,84.53065782881767
SEN,Senegal,2012,2192961,18.2,74.5,83.0,91.0,91.0,83.0,91.0,5.77,19.096197,2.1555703,15361066998.0,3405.1086,0.499,102.950386,10641.48585284659,3270.873473,1247.572498479747,252.2208533,51.88086111,242274.2254259216,253.7684871,3960.7728211918297,944.7821343,23986.9941,28.03621582027893,38.84669588728261,19.134302377180045,46.648592072702655,666.7353134726299,91.1135788,44.98357608,7.524532358,62.71383898,80.36176781649186
SEN,Senegal,2013,2255109,18.2,73.5,84.0,92.0,92.0,89.0,92.0,5.57,18.898005,2.1194227,15731635117.0,3385.426,0.504,103.39087,8030.700045508731,2968.866892,1179.8843429464137,241.5963431,51.70945061,232179.23975845377,248.7596078,3840.566913,902.8403002,23313.83849454436,28.45718161983746,39.45933520601975,19.13896212627203,45.49533335407597,618.2763837520964,89.37355804,48.3016004,7.769468382,64.27867911,58.11698240972845
SEN,Senegal,2014,2305673,18.2,72.6,80.0,89.0,89.0,85.0,89.0,5.39,18.688435,2.062164,16710783797.0,3484.0122,0.508,104.18258,4057.308656,2585.134108,1133.0474738731589,231.57058914452003,51.55799394,220787.62226829503,245.1137285,3774.842115,866.1123545,22604.44367890164,28.434051349626287,39.70367800343932,18.702457612979423,44.39663058499748,553.1745473,90.46573639,50.51337949,8.072447516,64.43141947,43.51276199856274
SEN,Senegal,2015,2342483,18.2,71.7,80.0,89.0,89.0,85.0,89.0,5.24,18.471018,1.9953575,17774766696.0,3593.7947,0.509,104.8463,7964.827557,2685.960141,1084.1504227462517,221.4178373,51.48305599,207770.5241286492,243.1505579,3735.240196,838.1713702,21851.47942383261,28.190850695707105,38.96085854590507,19.19037259213645,45.78799460207049,624.0883851941163,90.12927246,,8.133575058,62.07842199,62.08651084677605
SEN,Senegal,2016,2366256,18.1,70.8,93.0,93.0,93.0,92.0,93.0,5.11,18.240025,1.9454418,18904543055.0,3710.0554,0.516,105.51861,4490.862449718739,2394.859382,1067.393116906354,208.7148188,51.4907133,188554.0546,241.8018363,3681.084518,818.0216616,20769.52381350459,28.629507189483064,40.07532652685179,19.29933885520775,45.03263083257779,541.8488043962158,,,8.157106694,,43.970168881803296
SEN,Senegal,2017,2379773,17.9,69.9,90.0,93.0,93.0,91.0,93.0,4.97,17.987183,1.9845225,20304894471.0,3871.4514,0.517,106.11937,5103.197671,2354.202881,1043.1436477108623,193.4831359,51.5367464,162238.18001845086,239.5160603,3657.611651,799.2255126804799,19273.269362014107,28.733166974057056,39.79242929838227,19.20008753,43.362338247094925,598.7757036311585,,,8.582294055,,48.83177204864182
SEN,Senegal,2018,2388452,17.6,68.9,86.0,92.0,92.0,92.0,92.0,4.82,17.736074,1.9873419,21565674310.0,3998.2864,0.522,106.60579,7636.048566,2425.9009229724097,1005.6277318259137,178.6413047,51.60479872701001,133996.31743775794,235.59673640218003,3624.857627,777.4124835,17651.90193231854,28.12123327863608,38.936975913875365,19.078603008796545,44.60486661847121,606.9986599133813,,,10.09364641,,62.50521334729949
SEN,Senegal,2019,2396150,17.3,67.9,86.0,91.0,91.0,97.0,91.0,4.65,17.487959,1.9642506,22560634320.0,4070.6123,0.52,106.91675,4194.943542,2142.972418,994.5676892795412,167.2672782,51.67682518,109052.14067704996,230.3743952,3579.3050381381004,750.3229852,16204.11738,28.51707066051655,39.88204215091736,18.707506763492617,42.31807908201073,509.81303367819055,90.30996864,47.61228266,10.87187273,67.915108,38.0971521247447
SEN,Senegal,2020,2404180,17.0,,82.0,83.0,83.0,94.0,83.0,4.46,17.249386,1.9132205,22863414676.0,4018.0413,0.522,106.97501,5672.144595,2120.8472,965.3681689,162.5445256,51.72839687,92697.92536,223.3776306,3546.03974,718.8369239,15050.59483973538,28.16083256005892,38.92238160171317,18.971624012196767,49.56378606229662,944.9462956264686,92.75054215,48.74081345,11.74258154,68.12663489,48.49157089325952
SLE,Sierra Leone,2000,776794,38.7,82.2,37.0,,44.0,46.0,,22.37,13.942913,3.6358728,3217030909.0,1981.5061,0.318,101.78159,122288.8339714712,47545.19141086504,5036.737250036831,655.1752453,84.16530174,333806.47534314846,377.8175721,5576.763088698221,1274.328082,74394.84126653716,24.86084663751304,32.10340086046813,18.67766281189419,79.91204749698647,1793.7867937569513,61.32999039,,1.506250024,,696.803053789497
SLE,Sierra Leone,2001,824345,38.8,81.7,50.0,,38.0,38.0,,21.82,13.698627,3.4725242,3012895640.0,1749.3508,0.33,101.82858,121627.8084905344,46313.45310472155,4898.616435478436,652.2221988,83.99423613,330479.53345670254,373.6532584,5431.641175,1294.984219,73464.07781622143,25.89302884550979,34.735916947348336,19.486168492629545,72.95725675371222,911.8809032528428,62.97914124,21.28560066,1.202829957,,747.4504986907365
SLE,Sierra Leone,2002,872104,38.8,81.2,62.0,,53.0,54.0,,21.26,13.435911,3.2910361,3812040149.0,2089.2615,0.345,101.8668,120601.67405321576,43824.51160831453,4788.451004284186,648.7195346,83.61023416,326590.55845690035,367.160445,5267.622094,1337.051656,71624.54567312804,27.243895237407823,36.87824907462112,20.39671662147573,65.26277763438871,655.2507543569972,,,1.141729951,,770.8735983376386
SLE,Sierra Leone,2003,904935,38.6,80.7,73.0,,73.0,66.0,,20.67,13.18734,3.1341846,4173559981.0,2196.2812,0.354,101.91296,116985.51197054092,40878.02684579243,4599.344913947557,646.2265929199799,83.20808895,321810.50983425195,362.6260623,5163.75118,1319.765533,69049.94222359714,27.299150973126057,36.76541508303776,20.54766295871201,66.25687914221812,770.6924104157044,,,,,765.3668104867261
SLE,Sierra Leone,2004,929340,38.4,80.2,76.0,,65.0,69.0,,20.06,12.949826,3.0039353,4443958500.0,2260.8381,0.363,101.97734,114880.65929241946,38519.63392500108,4356.936811240736,642.8474936,82.90066848,316071.43670029903,359.9479906,5094.532221,1280.886956,66095.35388637563,26.68210417581953,35.04235913360825,20.302108593974555,71.56923386512466,1233.6807490863596,,,,,792.5390856478668
SLE,Sierra Leone,2005,945499,38.1,79.7,71.0,,65.0,67.0,,19.43,12.72147,2.8757346,4637426225.0,2296.6577,0.37,102.050735,112693.90489132752,37468.21772003481,4172.595703680639,637.5527321857301,82.75883046,310108.1707,357.9036115,5064.305308,1262.908441,63229.42665895665,26.242356444919608,34.53909215524308,20.235050387634583,74.79289384669651,1320.147150003397,,,,,745.3081683878146
SLE,Sierra Leone,2006,957074,37.8,79.2,65.0,,64.0,65.0,,18.77,12.498928,2.7562175,4836052320.0,2342.7546,0.372,102.12231,110321.32296363424,38262.49722121336,4027.259691164603,588.8961286400399,82.80954015,303626.7132,355.5285174,4982.156396,1245.244375,60235.08388034389,26.37501357467384,34.98039996290038,19.99465902908864,72.69545290697158,1060.6405308672065,,,,,729.1041103493195
SLE,Sierra Leone,2007,968324,37.3,78.8,60.0,63.0,64.0,63.0,63.0,18.06,12.280672,2.6396413,5017392581.0,2377.8054,0.391,102.134,112621.4945360229,40589.79099505695,3855.0013487103433,480.7341959,82.95417491,296122.7954703983,352.5496994,4909.811385,1230.506575,56835.71373681826,26.553318608180778,35.473871828845574,20.05918822663203,69.72206223700444,989.6477755433144,,,,66.92913818,751.4552327216905
SLE,Sierra Leone,2008,982855,36.7,78.4,73.0,77.0,77.0,75.0,77.0,17.33,12.085846,2.5531528,5202336667.0,2404.652,0.4,102.08136,120414.16812913436,43647.31424,3687.199944010102,351.3279999,83.12901982,287796.0389740777,347.94897329093004,4821.269991,1220.212035,53283.25830744819,26.12757244422429,34.03459475641779,19.601721874470805,72.88539192999684,2106.6859192526586,,,,,798.1675516247896
SLE,Sierra Leone,2009,1001474,35.9,78.1,80.0,84.0,84.0,81.0,84.0,16.6,11.903693,2.48304,5281974205.0,2376.5825,0.406,102.007866,126977.6285027689,46206.08227874392,3537.576945,239.7810334,83.27122516,278879.7780415523,342.4712187,4695.169003,1209.441283,49827.56513,25.78218999209402,33.50272056328048,19.239262989313698,75.03461352695969,3176.8235383361857,,,,,766.6802048272834
SLE,Sierra Leone,2010,1021489,35.1,77.9,82.0,86.0,86.0,84.0,86.0,15.87,11.728371,2.4406328,5617678842.0,2459.768,0.41,101.943825,127303.33301133422,47132.77329921115,3416.6925518994267,185.4596143,83.31436973109001,269638.8222077128,338.3602569,4579.967510067219,1194.443132,46726.532778235305,25.85727281305637,33.49865040518221,19.913583087177543,78.58780830439018,2289.338658384836,,,,,725.2759989183138
SLE,Sierra Leone,2011,1039500,34.3,77.7,84.0,89.0,89.0,88.0,89.0,15.17,11.544203,2.39633,6072747634.0,2590.5283,0.416,101.90703,124567.40529948374,46013.62418654212,3297.6621111545737,174.12977135357002,83.2032668,259061.4601613251,335.5163341,4532.029849,1172.380049,43768.08758007722,26.028897051163867,34.03051195108525,19.863495871052177,74.17980025023992,1052.0381730915367,112.7084888,34.76924896,,66.48431036,685.3539676879996
SLE,Sierra Leone,2012,1055657,33.3,77.6,86.0,91.0,91.0,91.0,91.0,14.5,11.363599,2.3537462,6715143020.0,2792.9263,0.418,101.89431,122049.55072420996,43529.86471840468,3225.5541667613097,165.2272565,82.97270804,246573.59784136168,332.96891708728003,4530.085319,1143.716515,40712.78669127739,25.69300434720976,33.35617629277168,19.53037137046051,74.68939405222082,3206.3391296495165,118.2767614,41.32902145,,63.08786308,632.109606579213
SLE,Sierra Leone,2013,1068581,32.4,77.4,85.0,92.0,92.0,92.0,92.0,13.88,11.211815,2.307733,7699806185.0,3124.7283,0.436,101.881294,117373.77098662451,40341.32114253504,3063.8699770036565,158.59774492316998,82.68846934,233104.3651200628,330.7225746,4551.43788,1114.559206,37782.56957184965,25.345958781365265,32.91139462344686,19.224290160489804,78.53294202,3094.964252835808,120.9806388,36.75212097,,62.11974606,605.7007442751343
SLE,Sierra Leone,2014,1077469,31.5,77.1,80.0,83.0,83.0,83.0,83.0,13.68,11.091721,2.2702785,7098065167.0,2812.5283,0.438,101.868126,111953.27192617043,37320.15488996679,2996.922730111043,154.0898927,82.42446673,219412.0252215841,328.5178965,4616.266063,1087.561849,35183.761696908776,25.453330280794955,32.96743773487634,19.081967700311605,78.32882499007526,2630.5446501182582,,,,,566.2896358895078
SLE,Sierra Leone,2015,1083394,30.9,76.8,78.0,86.0,86.0,86.0,86.0,13.76,11.007297,2.2453053,6788352974.0,2628.1707,0.432,101.88579,108093.20168805803,35403.67169534108,2921.686628885332,151.5632139,82.26245745,206142.02438191703,325.920194,4650.304418,1062.22542,33111.29892929061,25.392100652988645,33.01426403595907,18.99609261,77.25952783638046,3239.720475399071,122.5145258,37.51649857,,61.31112487,560.1314983164742
SLE,Sierra Leone,2016,1088913,30.2,76.2,85.0,84.0,84.0,84.0,84.0,12.27,10.913034,2.2077076,7225348888.0,2732.261,0.441,101.95732,107536.3825842649,34561.41837887433,2802.523808695789,150.7949238,82.19532676,191678.6043771728,321.9731776,4673.928266,1036.091679,31421.17202,25.687720522789107,33.38457205531354,19.20468591745604,76.78563228298536,3814.524066981012,124.6542529,40.77355957,,70.83490059,570.1387228079252
SLE,Sierra Leone,2017,1095511,29.4,75.4,80.0,90.0,90.0,90.0,90.0,11.79,10.791804,2.1769447,7457128029.0,2753.4272,0.445,102.0637,103801.25435714312,33722.99116028517,2766.3472669405915,151.23232182398002,82.15189017223001,175438.55433245463,316.6784613,4653.715874,1007.427231,29863.05175609459,25.84248128513084,33.26560972,19.52057116,77.80288560640855,2905.404628115542,129.0150934,41.10116959,,71.35632638,561.1281628688993
SLE,Sierra Leone,2018,1103970,28.5,74.5,87.0,93.0,93.0,93.0,93.0,11.34,10.654585,2.1404128,7672926606.0,2767.3801,0.451,102.15114,99968.22703297372,33019.89439781723,2631.583194,152.11842244999002,82.11773025256001,159653.74121682253,309.8408915,4585.344621,975.53941,28476.33966403073,25.557561701343097,32.94987800015648,19.52647099490143,76.91101115991081,3463.664465927258,117.3443533,42.51911926,,84.75827705,536.8718355043297
SLE,Sierra Leone,2019,1115078,27.4,73.4,93.0,95.0,95.0,95.0,95.0,10.91,10.497091,2.0976052,8095145458.0,2852.6626,0.455,102.2183,94028.09188213709,32293.87256372243,2554.408944670979,152.7113141,82.07815977,146558.02689740408,301.2423401,4508.069197,939.5125236,27298.99903063664,26.014548467169885,33.81794153705936,19.44211654262188,75.61701899476127,2849.677963796739,148.4062152,60.97980881,,85.82474496,494.3994269296307
SLE,Sierra Leone,2020,1128364,26.5,,87.0,91.0,91.0,90.0,91.0,10.51,10.343684,2.075169,7993685031.0,2752.6262,0.454,102.26466,91760.08360225912,31835.531354407893,2484.101004978392,152.2956812,82.02011705,138360.29737688825,289.9615478,4422.271046,897.2562241,26316.942723110733,25.69487388023255,33.20101743155721,19.41863077342653,78.17041298098893,2175.101687913791,145.9269929,62.93571091,,89.90602656,583.735699465327
SOM,Somalia,2000,1796937,33.6,63.9,24.0,,33.0,37.0,,17.23,,4.147829,2059706442.0,702.8501,,103.59936,29345.23173847081,8743.287518,4152.079410590169,1739.208565,86.26651536,278501.1984495134,713.5059162,6137.597195,1599.543593,101780.74577424469,27.081875403203053,36.01204784,19.677099576025253,59.68501918166107,346.3312213705452,,,,,168.3061149789884
SOM,Somalia,2001,1868492,33.6,63.4,20.0,,33.0,33.0,,17.23,,4.1512737,2206158044.0,723.37976,,103.55182,31622.95948911602,8686.910563360769,4058.452424227424,1737.0616499128198,86.19220221,279074.23959373287,714.5326302,6093.9973812096005,1582.533222,101217.40320118133,27.55376317944068,36.342600482481934,20.243528555189123,58.26801802660938,202.88360822552264,,,,,168.48314914464882
SOM,Somalia,2002,1937194,33.7,63.1,45.0,,40.0,40.0,,17.23,,4.1691732,2374493799.0,749.9136,,103.52287,28678.13716464217,8378.771561,4001.015604483764,1732.994969,85.99394833,280800.6267743684,714.4657906,6023.825335,1549.768529,100432.08454264364,27.53901544951091,36.28889688527054,20.38002363707133,59.90221587708211,321.7644866,,,,,155.84066822174728
SOM,Somalia,2003,2005897,33.7,62.8,40.0,,40.0,40.0,,17.23,,4.179091,2555674023.0,777.8846,,103.50179,27967.80341,8214.766452,3932.472887761465,1727.681485,85.74754784126999,282850.82824634056,713.4450131,5961.226915,1508.74819,99510.13951968851,27.28777201386725,36.03510840918065,20.11840470282884,61.56826428131956,438.6290593681881,,,,,143.78450716603595
SOM,Somalia,2004,2075861,33.6,62.5,40.0,,30.0,30.0,,17.23,,4.192198,2737390479.0,803.05975,,103.49147,24616.845113059728,7880.477739,3894.897379758328,1722.000802,85.52134575,284484.03329174605,712.3520548,5904.960672,1472.556074,98543.18361604452,27.39071554554671,36.10044609739601,20.07406624501504,60.41236149546944,361.5283605465573,,,,,118.37165532147851
SOM,Somalia,2005,2142492,33.4,62.3,35.0,,35.0,35.0,,17.23,,4.187638,2932027546.0,830.80725,,103.507576,27501.109672128536,7852.704124,3844.860016703724,1715.70756,85.38876049,284916.57504725945,709.1381755,5813.428323,1442.1345198100698,97617.63857,27.534867264236933,36.447258898934685,20.06498986335372,59.21572943513104,231.20055016334896,,,,,119.51404620429328
SOM,Somalia,2006,2200915,33.2,61.9,35.0,,26.0,26.0,,17.15,,4.147503,3122209723.0,857.99365,,103.54353,25230.41787339892,7079.138452604971,3574.3798525807265,1704.042932,85.32415371,281579.4031453401,704.0958190261999,5767.078643,1416.773085,94930.21718434872,27.36131948245535,35.861247585771004,20.278984370689745,62.39610132703957,529.2825102529902,,,,,98.67893172184942
SOM,Somalia,2007,2260510,32.8,61.4,35.0,,40.0,40.0,,16.97,,4.121252,3331221429.0,887.3693,,103.56773,20665.07846426764,5620.499142,3410.010940020641,1683.955698,85.25428999,273674.9558699342,698.0547911,5675.861967404449,1392.267965,89529.77386636073,27.52733983,36.29693054,20.47097913819612,61.101567191774194,372.09098970951845,16.39558983,3.84326005,,,79.69801464924447
SOM,Somalia,2008,2317327,32.2,60.8,34.0,,31.0,40.0,,16.61,,4.0425262,3554225115.0,919.1321,,103.59171,11487.43710852701,3740.310343,3187.7033392712965,1658.184135,85.17835594,263082.6065175411,690.9996477,5564.199142,1373.760532,82778.24769170616,26.884279315274867,35.74239825,19.74116275332227,61.16495771827712,447.26805803048507,,,,,51.59407153432161
SOM,Somalia,2009,2365061,31.6,60.0,43.0,,42.0,41.0,,16.18,,3.9308794,3792157453.0,956.22034,,103.6317,6884.884472019261,2371.0598019179697,3045.238092754508,1630.35306,85.10512135,251606.78319868195,683.7733218141001,5447.829907598601,1348.939385,76035.09846624095,27.639062754833443,36.52011706068138,20.38106285249531,59.93801872152171,336.4967474467777,,,,,31.28755494974004
SOM,Somalia,2010,2407522,30.8,59.3,46.0,,45.0,49.0,,18.59,,3.867768,4046017818.0,995.2256,,103.50282,7408.7299196372305,1945.1372695279904,3871.3039043571566,1604.442606,85.03725054591999,241087.94886920188,679.6954079,5395.195945,1319.645952,70657.03878245165,27.29430153482294,35.83949601234455,20.253541779253386,61.81805739733556,442.9419394343509,,,,,32.51989812638546
SOM,Somalia,2011,2363521,30.1,58.5,46.0,,41.0,49.0,,35.85,,3.8737793,4316872490.0,1054.3622,,103.24828,6025.550980133889,1945.880606,5682.548373845503,1575.4459629934402,84.97407791,232041.6687078457,682.544092,5387.5459436766905,1300.431719,66569.43164,27.15423147,35.82721707618828,20.09521715189255,61.58143303539996,525.3312612160352,,,,,25.20662433147436
SOM,Somalia,2012,2329568,29.4,57.8,46.0,,42.0,47.0,,18.41,,3.7259881,4605859127.0,1114.8042,,103.24623,6131.382634,2147.291854,3650.836032414737,1536.526808,84.93040475,223023.3073984517,683.9729355,5380.653008,1271.109743,62761.09376073119,26.990989057865573,35.563916130109185,19.947506804657017,62.50591998647747,413.30060937169833,,,,,25.867350636956715
SOM,Somalia,2013,2407701,28.8,57.1,47.0,44.0,44.0,48.0,44.0,14.26,,3.6757016,5110628982.0,1197.7217,,103.537895,7274.180723416469,2450.065591,2640.7940700586296,1490.557592,84.89288352,213433.10022140032,676.0620993,5339.287828640489,1245.789506,59199.704878525736,27.076045503222872,35.60537731502445,20.08407171051476,62.69276874648559,521.2898787715542,,,,,31.90770397274443
SOM,Somalia,2014,2515730,28.3,56.3,48.0,46.0,46.0,49.0,46.0,13.78,,3.6220338,5569461554.0,1259.2743,,103.697685,8884.524811476329,2748.408722,2555.639694350319,1447.868885,84.85281337,202725.9040467351,664.7057166,5256.73892,1223.317706,55867.04654342449,27.26762435262869,35.98208667028654,20.16776976967054,61.74552777992822,473.3768294730874,,,,,34.1225485558726
SOM,Somalia,2015,2638636,27.7,55.5,50.0,48.0,48.0,50.0,48.0,13.36,,3.5777915,6152149099.0,1343.9252,,103.680885,10165.57791804123,2923.638765,2424.592043,1417.521094,84.81073398,190213.21436658324,653.7189897521799,5188.615036,1186.805804,52735.54948264966,27.290136139727696,36.05887356664679,20.08166451967127,63.02807419824714,585.6252371440313,,,,,37.405895935205635
SOM,Somalia,2016,2781099,27.1,54.7,51.0,49.0,49.0,51.0,49.0,12.96,,3.5275445,6584944951.0,1384.1552,,103.678375,11498.48064412338,3020.456775,2297.3746991468483,1389.778028,84.72989078,172117.2178230917,644.1133358,5114.6027285745095,1152.192632,49690.6653,27.621186922203098,36.44796792473012,20.445992609040907,59.44585181339632,262.58323973962104,,,,,34.33993804503756
SOM,Somalia,2017,2897255,26.4,53.8,52.0,51.0,51.0,52.0,51.0,15.54,,3.5312471,7555288980.0,1527.6603,,103.697845,13243.35116529898,3133.605238,2172.498266336123,1355.109625,84.60311544,148453.37934292405,636.6621415,5082.858735689199,1129.041437,46742.39900375712,27.810116666975443,36.69725318735984,20.63897130116341,58.25138296,253.6703624679751,,,,,30.185380618766914
SOM,Somalia,2018,2978111,25.7,52.7,53.0,53.0,53.0,53.0,53.0,13.6,,3.497632,7710498420.0,1504.9791,,103.71453,10265.08456704215,2968.719979,2067.628751523888,1319.795839,84.46734792675001,124285.99153891976,630.5570193,5057.194783,1105.250766,44049.93448319511,27.57735921,36.433874091664975,20.18868282659245,59.60495552346948,271.25386697519286,,,,,30.67987777081973
SOM,Somalia,2019,3068982,25.0,51.8,52.0,57.0,57.0,57.0,57.0,11.81,,3.477436,7926418061.0,1491.2949,,103.690125,10968.55596592356,3015.844783,1992.059442662004,1289.492146,84.36058501974999,104682.3530673038,625.2656679,5028.719057,1075.764051,41760.25341489654,28.050245032656207,36.97326248905288,21.08351532715562,60.33318228184573,348.94040644452986,,,,,30.129017155062453
SOM,Somalia,2020,3168929,24.5,,52.0,55.0,55.0,55.0,55.0,11.44,,3.4875436,7707287719.0,1396.0554,,103.68414,10327.40607319774,2986.3440995750097,1935.6312729095373,1269.884963,84.31159658,94888.55981446024,619.9814768305799,5023.227704,1044.180535,40118.62074516024,27.63755327657569,36.27400224278049,20.58418353752811,62.665060578493865,527.6599482828433,,,,,33.29250767461884
ZAF,South Africa,2000,5132696,26.6,41.3,72.0,73.0,73.0,71.0,73.0,7.11,17.176771,2.0739243,221692000000.0,11183.825,0.618,103.42863,3.781932663,4.886720295,1392.956457956804,492.1438207,35.722681574380005,237889.1114009576,256.2743375,3439.694678,1755.387154,48197.201533109015,17.628740299463207,31.06884415091039,6.267518714120605,56.62886144926062,632.0541989146191,91.10122681,78.8097229,,74.14691162,0.0230283229256266
ZAF,South Africa,2001,4996870,26.4,41.0,69.0,72.0,71.0,71.0,71.0,7.43,17.176163,2.0116448,227678000000.0,11387.492,0.613,103.58092,68.61510609,9.794644035,1499.5009396800192,487.4318527,35.74439268,225777.4380385044,259.7196275,3517.146266,1781.779887,49455.37910590269,17.92175906924884,32.01831467676607,6.177323036655632,55.81299968055655,595.7214103690097,92.4681015,78.01454926,,,0.3052878812932859
ZAF,South Africa,2002,4892211,26.3,40.7,65.0,72.0,70.0,70.0,70.0,7.69,17.1569,1.9788604,236103000000.0,11697.565,0.614,103.587265,31.90683506,10.46186782,1637.0538533029974,479.2973465,35.713806345790005,212102.41051664748,262.0852749,3609.718669,1811.359763,50998.680331651965,17.986815388484086,32.45542904831634,5.475533763761003,51.96097051977136,464.5695574742608,94.93003082,77.78716278,,81.79181671,0.1552370703515281
ZAF,South Africa,2003,4834144,26.3,40.6,62.0,71.0,69.0,70.0,69.0,7.93,17.116802,1.952358,243065000000.0,11923.121,0.61,103.59028,27.67500126,13.54267271,1711.778759036676,470.2459424,35.64509809,198758.7798846105,263.169453,3674.007979,1839.1260645463096,52481.74680901672,18.42948983,33.18338850979253,5.995062742300221,49.87618250244748,395.9138191212187,95.96334839,78.65940094,,85.75959015,0.1358228183117505
ZAF,South Africa,2004,4830528,26.3,40.8,63.0,76.0,74.0,73.0,75.0,8.1,17.057768,1.9232,254136000000.0,12341.21,0.613,103.60637,30.52955633,16.52849407,1840.784565477044,462.6757805,35.56132288,187469.83790963443,263.3132832,3726.9475967238905,1858.687112,53556.57272,18.23078906956025,31.94502109259001,6.414130244777048,55.14905605,607.8653279546853,96.63934326,81.67664337,,90.17182922,0.157899880488295
ZAF,South Africa,2005,4892087,26.2,40.8,64.0,79.0,81.0,75.0,82.0,8.03,16.97958,1.8927901,267547000000.0,12861.563,0.616,103.69658,15.32813266,16.9397376,1971.796894542559,458.8119202,35.486990160160005,179897.86285578343,262.90394721682003,3738.381297,1860.946748,53873.80322348069,18.43505758972972,33.08350511263603,6.729997730221236,52.656701881704265,485.9559611065917,96.38191986,83.65891266,,,0.0857011298742246
ZAF,South Africa,2006,5012104,25.8,40.9,69.0,83.0,84.0,79.0,84.0,7.75,16.910465,1.854342,282540000000.0,13444.233,0.622,103.713066,24.60274959,17.488522234999998,1980.8355532719168,464.4872694,35.42801357,175119.4293656459,261.74149478498003,3724.680975,1845.901824,53291.35203970361,17.414314634491635,31.18617903,5.5064287053767655,57.80329856169762,681.0284577620341,97.43470764,86.99861908,,,0.1340426463642615
ZAF,South Africa,2007,5162624,25.2,40.1,68.0,83.0,85.0,79.0,84.0,7.19,16.848871,1.831012,297685000000.0,14016.244,0.632,103.66395,12.02744633,16.47684197,1900.0487189610087,479.6216547,35.36548355,171016.20511519545,259.6968146,3694.819493,1821.163392,52072.84163702093,18.140642406848432,32.766745006224944,5.263001919005083,50.87568490043103,492.3275034403825,100.2236481,88.3999176,,,0.0690766965179089
ZAF,South Africa,2008,5345627,24.5,38.9,73.0,76.0,82.0,77.0,80.0,6.42,16.788254,1.8114502,307184000000.0,14297.688,0.643,103.73362,16.2963494,16.252941778660002,1756.710252513368,497.4337462,35.28414359,167494.67458500847,257.0793733,3654.034064,1791.510432,50468.91984726783,18.283721876290453,32.45127305095255,6.398818474356905,53.88051542437622,506.2493829693012,101.4598083,86.56977081,,,0.0939211629714488
ZAF,South Africa,2009,5501733,23.8,37.2,77.0,74.0,81.0,75.0,77.0,5.7,16.75032,1.79598,302460000000.0,13910.702,0.657,103.751755,10.15637928,15.36912189,1529.0603500300067,511.2181575549701,35.17368235,164411.64271584025,254.0793072,3625.194931,1757.8623568858798,48736.11933002522,18.08667320815801,31.847895338856983,6.395479895,54.39581416713137,517.3577656,101.5260773,88.90158844,,,0.059710652537722
ZAF,South Africa,2010,5583245,23.1,35.6,72.0,71.0,77.0,72.0,72.0,5.0,16.70266,1.7727374,311654000000.0,14164.996,0.669,103.83323,12.99656426,15.07135873,1312.382157575316,514.2906294676101,35.02496464,161613.84348751925,250.4973741,3588.939388,1722.4222024153305,47131.79647693126,18.5173059,32.856852861400874,6.369056106396339,52.867932393093845,503.16276198710943,102.1707549,89.76397403,,,0.0848958985693116
ZAF,South Africa,2011,5633839,22.5,34.6,77.0,76.0,75.0,71.0,71.0,4.5,16.66184,1.7462084,321529000000.0,14434.261,0.683,103.96883,16.906630181009998,14.64078189,1128.2122444098109,503.0102068,34.68949807,159135.5394114726,245.9883096,3541.043578149889,1681.803225,45557.24332,17.48076488867322,31.57716142395782,5.994393181414448,55.89589288303268,549.5177398218121,102.6236944,92.02610779,,,0.1135469138245382
ZAF,South Africa,2012,5666158,22.3,34.5,79.0,70.0,71.0,69.0,69.0,4.25,16.632729,1.7229939,329233000000.0,14563.763,0.696,103.93178,12.1872769,13.363052863700002,1027.9113481277177,481.1104721,34.12019839,156865.03976331418,240.7370881,3485.716478,1632.526879,43814.97770974775,17.79458541842205,32.41745919416439,5.663582199331928,52.75386637768337,497.1455715187367,103.2147135,95.4333725,21.13301533,,0.0858755318604083
ZAF,South Africa,2013,5645946,22.2,35.3,78.0,73.0,81.0,79.0,79.0,4.1,16.609776,1.6971549,337416000000.0,14681.097,0.705,103.71052,23.80053827,12.98848577,975.9328859,453.07963,33.4536457,154520.37683034304,236.1619181,3431.025893,1582.71275,42015.92348984124,17.791898678192023,32.501598816212805,5.991455500758209,51.76756825329159,486.2184596494327,102.5295593,,21.90447847,,0.1550262537222574
ZAF,South Africa,2014,5646042,22.2,36.6,84.0,85.0,85.0,85.0,85.0,3.96,16.602835,1.6782877,342187000000.0,14643.339,0.713,103.65434,25.16462074,12.26052848,911.3884588589932,423.2925321,32.8212423,151882.43672069372,233.1964676,3401.682776,1541.638536,40275.62588822862,18.006139485839164,32.12290137369347,6.015384549167372,53.34314778,485.4222075623174,102.7453333,106.2095795,21.68062622,,0.1450203642595507
ZAF,South Africa,2015,5710272,22.2,38.0,86.0,85.0,85.0,85.0,85.0,3.82,16.600225,1.6611829,346710000000.0,14541.675,0.722,103.75556,8.947463846,11.03975027,816.2808195747641,395.9759689,32.35712565,148641.33409729737,231.4428201,3396.6315435535203,1511.480946,38713.26727934627,18.810192901318327,33.34907104425295,6.672948211490353,50.10495878842144,337.75400343847707,104.1901258,104.5413974,22.39225355,91.08330268,0.0436402128568025
ZAF,South Africa,2016,5730108,22.2,39.6,84.0,85.0,85.0,85.0,85.0,3.68,16.616436,1.648233,349014000000.0,14501.281,0.722,103.75184,10.66195656,11.60792754,800.9545339950682,363.3856688378101,31.9906346,141738.95446132575,230.3440372,3396.576091,1490.96377,37249.13759479848,18.70745565255988,33.51354823819386,6.565481794323257,51.33851160115577,435.0850417341776,101.9586058,109.6603012,22.34067636,91.92516077,0.0558015829825297
ZAF,South Africa,2017,5664079,22.2,41.2,81.0,84.0,84.0,84.0,84.0,3.58,16.627699,1.6450393,353055000000.0,14573.598,0.726,103.56128,65.48458825,15.78663035,787.1170853432773,321.0334432,31.5999353,130481.64629174765,229.65401981258003,3394.752392,1475.930503,35771.93830783163,18.304724022530905,32.71863428362156,5.915291402828262,51.43566123084204,472.0977780496873,100.0657012,110.6074905,24.8591176,,0.3287420388629526
ZAF,South Africa,2018,5577199,22.1,42.9,81.0,82.0,82.0,82.0,82.0,3.49,16.6332,1.6552014,358552000000.0,14553.562,0.732,103.01356,23.64148105,14.58225831,771.7518896,277.836573,31.246498619150003,118016.69334711447,229.2605544,3396.501281,1461.788367,34349.47655868061,18.270996296601968,32.959386654462016,5.946791170396295,51.46940561,414.7623866,98.65273633,105.5386779,26.52496454,94.73078048,0.1616456209948164
ZAF,South Africa,2019,5535614,22.2,44.4,83.0,85.0,85.0,85.0,85.0,3.45,16.637583,1.6879778,359484000000.0,14352.67,0.742,102.22742,12.99784498,14.99515356,754.1127698,242.7810502,30.98989374,107509.9191873865,228.9592376,3395.7654074957504,1444.758621,33052.324134960385,19.05371697786765,33.74701577429747,7.050850757358496,48.428829623837885,394.84708091351416,99.30090281,107.5970723,26.58583458,94.49835036,0.059794590627064
ZAF,South Africa,2020,5571357,22.5,,84.0,84.0,84.0,84.0,84.0,3.41,16.63839,1.7621726,337307000000.0,13250.566,0.724,101.47222,13.04185767,15.47659668,747.3262630213582,224.8733953,30.890113074850003,102118.06728774463,228.6897709,3379.9876334283804,1422.067819,31909.5956,18.14171673224053,32.613364418650065,5.740858221299136,52.49255095578345,519.8874348488565,98.94466632,108.468464,27.58986945,93.85219972,0.0655099602044083
SSD,South Sudan,2000,1174094,39.1,70.7,,,,,,18.27,,3.8967628,,,,102.3791,92995.47803,34815.19256,2981.2179437542463,848.8972982172501,77.29883764931999,321891.3652852928,473.0882222,4786.736226,1496.975828,29246.68482709837,28.50110119963384,38.56754272773005,19.938672,49.67340724517138,696.8172695486865,,,,,373.3047052841071
SSD,South Sudan,2001,1222046,38.6,69.3,,,,,,17.38,,3.8468995,,,,102.46033,92991.57800307345,33972.336519962606,2830.650324641772,847.7578486,77.22912907,321772.7244554402,472.6002462,4782.315749,1485.086693,29146.83038801912,28.33457533485829,38.35131201483781,19.957084881817543,51.94914669654323,798.3285551268352,,,,,366.4908375578656
SSD,South Sudan,2002,1275617,38.0,68.1,,,,,,16.51,,3.7821581,,,,102.59432,90988.46496442864,32816.69627401936,2722.461771372017,847.3134333205601,77.12724379,321672.2533713184,471.9627393,4751.85581,1463.859016,29308.52336846571,29.397766669056512,39.58357987,20.38568305711895,46.05868310663462,565.4914889774624,,,,,344.6789853015915
SSD,South Sudan,2003,1332983,37.4,66.9,,,,,,15.65,,3.7138648,,,,102.75365,87982.28557394384,31538.97202407394,2644.1909773651287,846.8097481171401,77.01677434,321526.0868846153,470.6338122,4740.372991,1436.42621,29550.74779917895,29.09913270897084,39.24101612,20.44905266581803,49.02778121849033,661.3764685990116,,,,,331.8518607766426
SSD,South Sudan,2004,1383843,36.7,65.7,,,,,,14.84,,3.638925,,,,102.82695,83747.49616039729,30252.099095216327,2569.7494185708074,845.4866368,76.9192878,321281.2954513351,468.1411049788901,4703.806769488289,1407.261594,29695.58391686482,29.07478740410919,39.33378753920565,20.3539753,48.20671766978899,656.3576197297776,,,,,319.48276729018534
SSD,South Sudan,2005,1427847,36.0,64.6,,,,,,14.08,,3.574282,,,,102.793396,80704.10219,29215.910206459663,2488.959946269259,842.6651095,76.85535148270999,320899.4026493613,464.0911125,4661.982407688571,1380.34556,29569.56253707211,29.092058149270105,39.20523443127525,20.493661153002908,48.71573941593607,720.4198269953799,,,,,312.8240932045135
SSD,South Sudan,2006,1471887,35.3,63.5,,,,,,13.35,,3.4973378,,,,102.77273,76463.16798698418,28240.96632874544,2517.9145710526523,836.4498460532801,76.75170769,319799.7428984533,458.4827539,4617.224622421149,1355.161966,29145.36252909507,28.62363892916723,38.66993669022841,20.16919141,50.88304003606304,793.4569928693344,,,,,289.373187404351
SSD,South Sudan,2007,1516993,34.5,62.4,,,,,,12.7,,3.4132128,,,,102.77484,71453.06203618378,27229.56716,2419.655047835542,825.5377889,76.5615636,317664.7971959488,451.5240749892701,4537.303880842001,1330.236894,28576.60347722436,27.776705484595272,37.33865082053512,19.81296401251864,55.83653906249313,991.9684060067408,,,,,263.29776433898854
SSD,South Sudan,2008,1565171,33.7,61.4,,,,,,12.06,,3.3207603,20185217785.0,,,102.77885,69449.68715660331,26427.19183173732,2337.7839569270395,810.3967351775101,76.34856004,314829.5747866957,443.9237657,4451.220676,1306.846627,27956.47144880785,28.19260438273582,38.05953282040747,20.07554233084228,53.09350837,763.0028448433336,,,,,249.9114702816747
SSD,South Sudan,2009,1616705,32.9,60.4,,,,,,11.47,,3.219253,21202884179.0,,,102.77753,69426.99258,25800.02311127419,2274.253628794346,791.4693685,76.18097515,311592.33711942506,436.4477682,4371.79285,1283.344094,27368.480340119688,28.61857334929953,38.49188361767089,20.382516114712768,52.36099576726157,773.1155347735508,,,,,232.3770408528627
SSD,South Sudan,2010,1674824,32.1,59.5,,,,,,10.94,,3.118915,22367646895.0,,0.42,102.76862,70640.81723150164,25332.41488777656,2210.202136281889,769.0991916,76.12660895,308249.6663021457,429.729743,4290.279607,1259.657106,26897.36334413252,28.48742556311193,38.08152314323226,20.33897763027662,54.702876426845016,824.8244604542657,,,,,227.79331841153396
SSD,South Sudan,2011,1739867,31.3,58.8,62.0,,61.0,66.0,,10.45,,3.0280738,21329717232.0,,0.422,102.77327,72360.70598858323,24807.893208187783,2166.928503889452,711.0776878,76.29557458,304700.1074776147,423.6454873,4252.776637,1236.559518,25897.638547541803,28.08519761690804,38.10947347,19.44778305234693,51.92654073292215,785.7745993733826,71.88813782,7.302060127,,20.19835091,229.29629715372735
SSD,South Sudan,2012,1804389,31.0,58.4,59.0,,63.0,67.0,,10.09,,2.9520473,11500530835.0,,0.389,102.7952,70923.22918,23938.92922550593,2177.1703564451664,607.3178972,76.67141762,300459.7111806305,417.7259833,4198.605043,1214.041072,24049.41740200558,27.444251816303023,36.86561095242717,19.66664041298669,56.86165046956057,987.6951316,,,,,231.46908854739388
SSD,South Sudan,2013,1861993,30.8,58.4,57.0,,53.0,56.0,,9.92,,2.8850176,13010519613.0,,0.391,102.817665,69938.84636523259,23099.3425,2183.9142083882034,491.3361397,77.13015915,295266.48933218734,412.2811953,4199.350251,1191.798513,21924.11202537419,27.59214364139265,36.86564782271864,19.40642922461316,58.01335045547731,998.2605320827346,,,,,240.39573980776564
SSD,South Sudan,2014,1874741,30.6,58.7,54.0,,50.0,52.0,,18.23,,2.87779,13449448810.0,,0.343,102.71765,67919.637,22371.88025677366,2194.9080388798807,396.4914085,77.5467928,288863.2552347543,407.6720531,4205.944223,1170.006537,20084.14755967124,26.819539198315013,35.654408896070045,18.927188822984736,62.58643773,1293.295238508634,,,,,236.36352909544237
SSD,South Sudan,2015,1827280,30.6,59.1,52.0,46.0,46.0,52.0,46.0,23.66,,2.867197,11997800760.0,,0.317,102.553635,67637.33466,22096.55227927632,2188.393695413933,356.2048193,77.82027213,280761.8283512415,404.5942748,4209.946067,1120.427463,19074.44797652469,27.150832377703328,36.663211455722944,19.07601509206865,59.77465813084967,1134.8280060799589,58.11384964,8.051380157,,,246.79010571515255
SSD,South Sudan,2016,1730817,30.5,59.5,51.0,45.0,45.0,45.0,45.0,26.39,,2.8548326,,,0.297,102.51299,66588.49420043714,22280.95582093885,2196.2613719307947,355.9745854,77.86105755,262829.65384563507,402.7996904,4231.5011967560495,1092.881376,18725.660661615508,27.43866945662096,36.64568293094583,19.53600330136683,59.7364541,1224.5859808483226,,,,,230.76547861164784
SSD,South Sudan,2017,1590116,30.3,59.9,56.0,52.0,52.0,60.0,52.0,27.82,,2.8491042,,,0.292,102.52764,70839.66284907942,23174.223384725028,2204.735135849415,358.939758,77.75603074224999,232825.2493571193,402.1546098,4263.951502916951,1061.184208,18491.63115,27.377974006108943,36.52769176762513,19.59156512369028,59.43780012097246,1176.3322092552182,,,,,239.89419506968903
SSD,South Sudan,2018,1479580,30.1,60.2,61.0,59.0,59.0,60.0,59.0,13.24,,2.7892556,,,0.371,102.69467,73293.00517980724,24115.20830100066,2181.1739202825524,363.300655,77.62735756,198930.4491859335,403.0999534,4304.375192,987.6787396,18329.49191915752,27.40502475038504,36.82229887978537,19.54366924086332,58.81417768086956,1043.3036714594057,,,,,271.7610831913182
SSD,South Sudan,2019,1431876,29.9,60.5,65.0,61.0,61.0,61.0,61.0,9.87,,2.7737715,,,0.403,102.86306,79757.76463286919,25092.93711,2235.588005223122,366.2179847,77.42577968,172177.83955029832,404.8248426,4352.036869,1024.750703,18252.06050267321,27.508658616078343,36.38660181487935,19.89235798283416,60.69442140870539,1232.6033739593229,,,,,321.95109945775823
SSD,South Sudan,2020,1418479,29.7,,69.0,67.0,67.0,65.0,67.0,9.87,,2.7734487,,,0.398,102.857864,75541.61570535482,25022.78003746703,2310.8810780421986,366.9242928,77.26022062778999,160792.6044019984,403.0009437,4368.448155,1079.79283,18838.14403551452,26.79156077588817,35.67095973452204,19.114175480901043,62.825350609677166,1388.366541498964,,,,,319.8138529055683
SDN,Sudan,2000,4948879,38.3,61.5,58.0,,62.0,62.0,,10.34,,2.749772,37610270337.0,3575.852,,103.57322,21741.33000566094,6274.423067,2321.340979655746,1120.307668,72.25967584,272882.7535342546,151.2697818,2799.00825,923.2580313,77313.75526030076,26.903777135718155,38.43878825774525,16.047358823205766,30.97384573813088,152.59910761143018,,,7.309659958,,97.17314157127272
SDN,Sudan,2001,5045265,38.2,60.0,58.0,,66.0,66.0,,9.99,,2.7366025,40055073506.0,3701.5488,,103.512215,20518.202415038588,5916.059722,2202.1227312609462,1076.833361,71.03072163053001,271714.11543739296,145.1396349,2781.762918,917.06942,75054.63709042127,27.20087156959866,38.75991084,16.68896474534795,30.49946205420189,178.5738334710004,50.31969833,29.0130806,8.757900238,,92.12939562081158
SDN,Sudan,2002,5150831,38.2,58.7,58.0,,60.0,60.0,,9.65,,2.7145584,42460970095.0,3814.3132,,103.48293,15705.77768231263,5231.662929,2095.4863831263965,992.5714153,69.42678531,270917.4142537168,138.43425965804002,2762.6593380783297,906.5486971,72146.79581422788,27.74635148724451,39.71783748386076,16.699759731747168,28.10626043761415,115.34371852327531,50.43893814,31.4626503,9.969389915,,74.14449163174855
SDN,Sudan,2003,5259285,38.1,57.7,65.0,,69.0,69.0,,9.31,,2.6809366,45131259048.0,3946.9226,,103.49887,14396.70544886634,4698.641809,1968.981508834417,887.0353469369501,67.6489718,270205.51902578294,131.7843624,2722.221839,891.5637547,68960.34365147902,27.77862169602264,39.56504543521739,17.140192532944955,29.73020226439841,152.47878963850658,52.12511063,31.79402924,9.152119637,,65.42257729688032
SDN,Sudan,2004,5362906,38.0,56.8,67.0,,74.0,74.0,,10.26,,2.6408234,47451406763.0,4041.0571,,103.50581,12790.95828009281,4166.396234,1858.2238736590048,779.8997456,65.89994654,269298.01800144586,126.0539126,2705.489734,871.4180025,65864.42701580394,27.700076629516023,39.64467946252805,16.599562627486275,27.89256075464664,109.78866556592288,53.42227173,34.89056015,10.9776001,,57.04834082866115
SDN,Sudan,2005,5461316,38.0,56.0,69.0,22.0,78.0,78.0,,10.01,,2.6053717,50129334265.0,4152.3228,,103.5256,12672.44746,3805.279311,1736.668925597618,690.0776447,64.37458612,268008.6549746459,121.8125545,2647.106779,854.1972613622399,63229.342190092975,27.525572644637133,39.33936132075721,16.77479267516299,30.890331946161904,203.24013655898943,55.41054153,34.69070816,12.2486496,,61.45766797563619
SDN,Sudan,2006,5559897,37.9,55.3,73.0,60.0,78.0,77.0,,8.4,,2.5633502,53403487491.0,4299.974,,103.55034,12238.37232204703,3472.294951,1652.3453116378566,609.8704102,63.040763427090006,266420.37004249584,119.0817763,2605.166181,848.3255687504301,60923.124095845385,27.31062744529813,39.04865417683964,16.54019967048503,30.711058056008227,197.2960939660005,59.07799911,33.49898148,14.12545013,,59.14328811787391
SDN,Sudan,2007,5662951,37.7,54.6,79.0,78.0,84.0,84.0,,8.13,,2.532545,56466323951.0,4415.785,,103.52471,10422.95013271203,3050.844474,1543.842664425512,525.3846785,61.75203937,264426.9206179743,116.9271457,2565.336961,840.2320208,58589.53554661764,26.764703045338265,38.45837751894887,16.308746863064002,33.46103084846552,291.35425059657075,57.94536972,32.03404999,13.75259018,,49.29307687941055
SDN,Sudan,2008,5768793,37.3,54.0,79.0,78.0,86.0,85.0,78.0,7.88,,2.511015,58638439292.0,4446.4097,0.456,103.50011,8333.282013,2649.456038,1437.3944813070289,446.1525617,60.51051683,261841.2679660557,114.7003457,2525.414726,828.4345377,56274.478226684565,27.30792946526853,38.80761577,16.30366036074149,30.64195548816639,160.20329546375262,64.01004028,33.57109833,14.60463047,,38.18941869036229
SDN,Sudan,2009,5879499,37.0,53.4,82.0,72.0,81.0,81.0,72.0,7.64,,2.5047362,57015500648.0,4188.0547,0.469,103.48357,7436.83142,2397.015677,1353.3895770634442,382.2648808,59.31779367,258533.6994833733,112.221069,2491.463174,811.167936,54027.71693986713,27.632962347206647,39.23690879793026,16.707304198387405,29.37990682158953,166.23846408988865,64.21900177,36.35668945,15.15427971,,31.856121526076752
SDN,Sudan,2010,5989213,36.6,52.9,90.0,75.0,90.0,90.0,75.0,7.42,,2.4915676,59215296613.0,4219.837,0.479,103.45726,7112.877111,2302.190202,1257.6258057062926,343.7705105,58.17083541,254437.9649902183,109.4161812,2489.29717,789.045201,51908.09463681514,27.95597140068199,39.614581997816806,17.269312106094365,31.39651765795752,197.6653077021409,63.61719131,36.59637833,15.64846039,51.80955124,27.30819381212528
SDN,Sudan,2011,6087118,36.1,52.5,87.0,93.0,93.0,93.0,93.0,7.22,,2.4655795,57312394053.0,4467.626,0.476,103.44166,7034.21831,2328.133718,1164.3537866322215,322.6198465,56.987529947960006,248229.13657869265,106.304068,2484.764507,765.31886,49968.24954341622,26.79962878779888,38.577458684404746,15.99452810555566,30.034556794624365,160.36711845884625,60.91743851,33.52577972,14.57314968,,24.317192319808314
SDN,Sudan,2012,6173023,35.9,52.2,85.0,92.0,92.0,92.0,92.0,7.02,,2.4322836,47566600027.0,4145.9316,0.482,103.43482,7136.698899749499,2414.90985,1089.8675672098543,304.4668439,55.7516851,238980.6876566689,103.024847,2485.817904,738.4493728,48170.84645433532,26.914540990513338,38.73159287484725,16.507986066005117,31.60780969941412,209.0550449206828,62.11951828,36.87921906,15.47138977,49.95718002,23.34007232586089
SDN,Sudan,2013,6251873,35.8,51.9,85.0,93.0,93.0,93.0,93.0,6.83,,2.3971605,48496595854.0,4130.486,0.488,103.43766,7624.991468,2560.614716,1026.1533947648911,289.9572699,54.54796975,227414.60877123312,99.71366409,2498.733368,712.6980597,46473.09176175987,27.12271450017224,39.10034077356061,16.14591797445345,30.800132794025497,180.43832869946905,63.24588013,39.72280884,17.38091087,51.46944046,22.808766018072124
SDN,Sudan,2014,6333624,35.6,51.6,86.0,94.0,94.0,94.0,94.0,6.64,,2.3557703,50757206252.0,4207.5005,0.496,103.44396,8607.746410997499,2757.009146,953.1759471003888,279.9480102,53.46943214737001,214106.4544801957,96.80980229,2524.553642,687.0004028,44812.39438861737,26.888238769717137,38.43224046971652,16.22574507328129,34.865407451207616,323.5979760022503,64.27970123,40.00651932,16.31932068,51.0112915,25.564649720716705
SDN,Sudan,2015,6430429,35.5,51.4,87.0,93.0,93.0,93.0,93.0,6.45,,2.3188093,51726758676.0,4159.1943,0.498,103.43711,9505.825136939811,2957.799445,895.3745371758857,275.24082750360003,52.60871054590999,199602.8280125229,94.86645774,2497.549048,662.5649655,43121.28024747521,26.963981441118204,38.68879937258304,16.29712497401406,32.23971008632632,271.1335555914609,64.48655701,42.15063095,15.89871979,52.12601852,27.550120482153385
SDN,Sudan,2016,6549247,35.3,51.2,87.0,93.0,93.0,93.0,93.0,6.26,,2.283803,53520457581.0,4174.561,0.502,103.43531,11625.47440306717,3331.537699,834.6033856,275.0728799,51.91675334,177329.07895560155,93.62239723,2463.29455,639.333988,40729.90728273363,26.795964309467603,38.29386502589194,16.378328533928485,34.85017338,382.3337722133379,67.29871368,40.4673996,,53.36650848,30.284740006069537
SDN,Sudan,2017,6703501,35.0,51.1,90.0,95.0,95.0,95.0,95.0,6.07,,2.2467682,53900054790.0,4061.0183,0.506,103.43011,11939.56183834895,3735.947278,788.3414233635946,277.1200926,51.28995142,145500.23107975948,92.45855392,2419.034413,614.4612928,37545.99158,27.008294534824355,38.37902157161398,16.857931622424903,33.23761166936888,306.39076803160793,68.06778717,43.30276871,,55.5922699,29.48701533307895
SDN,Sudan,2018,6889886,34.7,50.9,88.0,93.0,93.0,93.0,93.0,5.89,,2.2206254,52455031754.0,3816.66,0.515,103.40818,13620.36722220921,4247.574708,724.1254970349052,279.8389021,50.72658896,112131.11542105014,91.38359875,2368.289792,594.2655360951101,34388.93826505043,27.01953659826735,38.33104220153516,16.538867901702798,34.037067612633145,309.2937124562551,69.33844757,42.44906998,,56.8730011,26.34015239291993
SDN,Sudan,2019,7087938,34.4,50.8,90.0,93.0,93.0,93.0,93.0,5.71,,2.2035291,51312429477.0,3625.5232,0.517,103.410965,15580.275050438013,4699.784189,680.2067920651917,281.8897395,50.238343211590006,84924.96994607823,90.51269625,2326.344688,570.5654779,32040.28548214172,27.06062971182487,38.47205167413112,16.691814875779844,34.52494419823391,372.32041718134496,70.97447205,44.88037872,,59.69435883,25.404948250069793
SDN,Sudan,2020,7275621,34.2,,86.0,90.0,90.0,90.0,89.0,5.53,,2.1872447,49449890489.0,3401.2498,0.513,103.44225,16420.91500330427,4906.679561,647.7937612289713,281.6770294,49.83521534,71664.63850102464,89.49817807,2302.254092,541.5241401,30618.08587244237,26.412686247694023,37.81918678655765,16.05172183151216,35.53356046,413.937031,,,,,28.13409690441358
TZA,Tanzania,2000,5998271,47.6,72.1,78.0,,79.0,64.0,,12.84,12.00619,2.6738918,18486481203.0,1839.9366,0.414,101.49016,87650.17320742608,29338.45019653064,2831.141480705868,958.8279587,89.23595264,234554.2026475528,466.1035198,4027.6157212315497,1392.618932,33299.271814201435,23.34773260775124,32.28230998955217,15.89623775897408,61.67607593423389,754.5737462480264,69.18836975,,0.301310003,51.0080719,478.1265939565361
TZA,Tanzania,2001,6163862,47.1,71.3,86.0,,87.0,65.0,,12.06,11.888657,2.6012166,19608760036.0,1899.7454,0.422,101.43355,82752.72103,28199.72085327429,2670.359723178556,869.302004,89.17952218885999,233846.89038845323,462.4545233,4003.775972,1375.355351,33799.02101523129,23.187761766237525,31.92386198,15.551759501681488,63.47646186187467,690.2695292,75.09343719,,0.318089992,56.90164948,456.5482603570835
TZA,Tanzania,2002,6333442,46.5,70.4,89.0,89.0,89.0,91.0,,11.28,11.755972,2.52472,20999647619.0,1982.6443,0.433,101.3688,77844.20727920647,26348.247332899948,2531.804737429324,670.172116,89.02489351,233258.7781,458.34558115400006,3999.120611,1347.779019,34569.40518820213,23.160121551015138,31.98259441782378,15.931084770016868,65.35258508420749,966.7505483707764,89.25367737,,0.348690003,60.66078949,431.291840290243
TZA,Tanzania,2003,6514096,45.8,69.5,97.0,95.0,95.0,97.0,,10.53,11.617858,2.4625616,22400909970.0,2059.8374,0.444,101.312256,73051.43591643823,24092.80380906794,2382.138618944677,434.1859318,88.81216889,232584.46809349032,453.6047124,4003.22968,1314.358012,35399.148296327185,23.675352671034386,32.80775966718334,15.817985444201874,62.08001313059549,685.1014323464135,94.91732788,,0.550040007,,376.2009426797491
TZA,Tanzania,2004,6712063,45.1,68.6,94.0,95.0,95.0,95.0,,9.86,11.477267,2.4092999,24081832736.0,2155.2415,0.455,101.296486,67981.04258849833,21711.92405077893,2204.417157616441,233.7510754,88.58096671,231616.67042572613,447.9436681,4029.093014,1280.331824,36074.87205085056,22.967135186968463,31.643931333476488,15.627598112808386,66.45585544508934,1093.4830324971697,99.72403717,,0.705869973,58.71252823,305.78903044192435
TZA,Tanzania,2005,6927791,44.3,67.8,91.0,90.0,90.0,91.0,,9.24,11.336561,2.3638759,25882267435.0,2253.0933,0.465,101.32091,62194.21328523385,19481.11882331449,2009.6116932294235,140.9352399,88.37186175,230113.6971045253,441.3091560373901,4029.580536,1250.237194,36381.38423790768,23.410227401894563,32.27328491946252,15.886147525139352,64.20893988373226,712.9085687801437,103.2364273,,0.924239993,54.81581116,251.27356229725507
TZA,Tanzania,2006,7146131,43.5,66.8,93.0,90.0,90.0,91.0,,8.69,11.204249,2.322801,27572954444.0,2334.1045,0.477,101.38908,54217.94628247793,17027.43105871662,1874.349954055861,127.1801601,88.1379724,226920.5782268165,432.9633663,4042.521662,1223.742014,36379.10524067447,22.916891548040027,31.57355605213911,15.596751669287343,68.21014436513072,1247.9395810553274,106.0942917,,,72.16327667,198.5909884150777
TZA,Tanzania,2007,7352471,42.7,65.7,90.0,83.0,83.0,88.0,,8.16,11.085794,2.289365,29439239572.0,2423.616,0.486,101.49856,46949.081036410025,14310.298227903158,1771.6299891145436,116.1907586,87.83305234,221591.9338251909,423.0083589,4055.378634,1198.570688,36276.72755383561,22.705842126124303,31.08991234993526,15.583131710038025,69.61657868495628,976.8873015240332,107.8400574,,0.938279986,81.97795105,150.531826410428
TZA,Tanzania,2008,7536359,41.8,64.6,88.0,86.0,86.0,89.0,,7.7,10.969603,2.25784,31113277454.0,2493.2593,0.495,101.58969,40217.38742749839,11746.61546148707,1680.8673320579449,108.0975796,87.49972354,214927.83726132632,412.0210042,4060.886731,1173.994618,36080.37134692589,22.623236773251577,31.09301660082696,15.45001541141145,68.175001,990.1742219437084,108.3012085,,,,124.68003867256066
TZA,Tanzania,2009,7691320,40.8,63.4,91.0,85.0,85.0,88.0,85.0,7.24,10.857223,2.2222905,32752668789.0,2560.811,0.504,101.64664,34068.112586075775,9767.172991,1589.645333,103.0607002,87.18260135,207691.94536339448,401.0444025405701,4012.242696,1147.925636,35795.84071438145,23.083762805862023,31.720019529448848,15.856044396336928,66.49735478958051,1032.5203599810334,103.2833786,,,100.7712784,133.18109502745529
TZA,Tanzania,2010,7828007,39.8,62.2,92.0,91.0,91.0,94.0,91.0,6.86,10.74361,2.1926975,34828049320.0,2654.8035,0.513,101.72464,31320.46846249988,8963.588528,1501.6139323990528,101.22687736708998,86.92679577,200619.1259020313,391.256196,3912.136438,1120.049429,35426.90187324956,23.166183315958587,31.65315564701146,15.742048387833636,66.19128459580776,877.0841723798757,100.7656326,28.6016407,1.909124633,86.83548486,135.89860008423375
TZA,Tanzania,2011,7958197,38.7,61.0,93.0,90.0,90.0,88.0,90.0,6.5,10.626096,2.1716387,37500111399.0,2779.7078,0.516,101.79743,27608.63397907444,8766.904051,1423.9473435033235,101.8082423,86.69034265,193310.1625799168,382.8593361,3806.920986,1089.80172,34535.230723911394,22.93754457132292,31.826158806802585,15.765663578316875,67.54034292062957,1130.5254746790156,96.37463537,,,85.11557917,112.16747785804718
TZA,Tanzania,2012,8102994,37.7,60.1,97.0,92.0,92.0,90.0,92.0,6.21,10.506474,2.1610968,39187673997.0,2822.4854,0.519,101.87454,24864.221522071737,8671.746270276652,1355.821459566118,103.5936864,86.42287508,184890.9007218641,374.9038902,3732.586133,1056.637668,32898.68267878281,22.817756935979617,31.348369491021696,15.435780222954316,67.79517692307151,963.6728608339064,93.20272219,,2.779962749,82.05038991,93.88218629421272
TZA,Tanzania,2013,8289669,36.7,59.3,99.0,91.0,91.0,91.0,91.0,5.95,10.389176,2.1361945,41845219654.0,2924.8633,0.521,101.94501,28772.93449615841,8979.028059,1288.2880726432782,106.1146395,86.15505862,175424.4243595641,367.2179954,3737.608348,1023.03765,30843.43255612524,23.07922195358152,31.905556840542825,15.826381826246056,66.23730277274059,925.4911862362636,90.27861668,31.00778188,2.554791641,77.90054598,97.43440889763156
TZA,Tanzania,2014,8513739,35.8,58.7,97.0,97.0,97.0,97.0,97.0,5.67,10.273493,2.1034534,44662433111.0,3027.569,0.521,101.991974,33229.17751576403,9306.763876,1229.1843960479496,108.8855812,85.91858912554001,164939.70648866182,359.38279751278003,3739.64424,990.3154514,28696.822400617177,22.902830423271933,31.398772465309943,15.816816915743388,69.30599246193934,1056.0803094116493,87.63872087,29.00629997,,,100.01386254669846
TZA,Tanzania,2015,8753496,34.9,58.3,95.0,96.0,96.0,93.0,96.0,5.48,10.160901,2.081287,47413919817.0,3111.4446,0.52,102.046555,31806.53522955894,9255.414271344189,1181.2455568309636,111.4209838,85.74503772,153462.53190817276,350.9440127,3757.158336,960.0046259,26786.05711179045,23.27819256244669,31.87874973416687,16.082478497657217,67.21188624337287,1025.619113950731,86.00734711,25.91060066,2.76781966,63.05964369,103.4394843713318
TZA,Tanzania,2016,9016598,34.1,57.7,83.0,92.0,92.0,89.0,92.0,5.25,10.050342,2.06562,50669888784.0,3214.2468,0.52,102.11621,29201.15487935305,8988.245264,1139.836774157666,114.57407527475002,85.59924738,137668.2822258896,342.4813106,3770.5974,933.4396293,25004.20816050702,22.94462443544566,31.35052487874061,15.757327840210635,68.23583238400663,980.7922771858867,86.75314535,25.69343648,2.74195605,65.1237773,97.9640819507052
TZA,Tanzania,2017,9307193,33.3,57.2,90.0,90.0,90.0,89.0,90.0,5.02,9.949521,2.0521672,54078588995.0,3318.2883,0.528,102.186134,26044.12890523477,8525.481844,1096.2812946945262,118.8122363,85.43790911,117030.36848893209,334.0512284,3760.613366,909.2006118,23101.41480380596,23.19181314316931,31.772574694947405,16.143288185560703,68.03528004,1177.0413201259598,90.62925652,26.64235168,4.003577289,71.33554858,88.23461849765908
TZA,Tanzania,2018,9591012,32.5,56.6,88.0,89.0,89.0,82.0,89.0,4.8,9.858198,2.0410504,57054358529.0,3392.6887,0.537,102.24644,23834.83886760757,8065.581293,1052.4538221311973,123.1077036,85.28042501,95754.99702863095,325.038481,3724.007242,884.8878092174399,21191.16521060791,21.95343435083753,29.764976003214272,15.205459057919953,74.47329507581405,1541.1596932270772,95.68668434,29.16020132,3.303803139,71.18272894,81.10868016363206
TZA,Tanzania,2019,9852582,31.7,56.1,89.0,91.0,91.0,87.0,91.0,4.6,9.776669,2.0278618,60363511324.0,3484.6326,0.546,102.30342,26084.690302678533,7920.488681,1012.686785323218,126.4376474,85.14697314,78027.72277046186,314.95205624623003,3661.804793,858.0004802,19387.73290112853,22.766441010758328,30.910604123020047,15.878577358740785,72.45957218210597,1466.8413658364684,98.26857983,31.19720294,2.26994821,68.0293888,81.04736687142184
TZA,Tanzania,2020,10111638,31.0,,87.0,91.0,91.0,61.0,91.0,4.42,9.703564,2.0060165,61565931105.0,3449.8215,0.554,102.34538,27493.331698895363,7895.378873,979.8045054,127.7768168,85.05790506,68029.65925013805,301.9904589,3599.831253,825.7118195,17801.177076114112,21.93335778254765,29.48835944257704,15.202000957454038,77.25954365588579,2027.5980388979765,99.56561136,32.16527877,6.544096982,71.28858482,86.38149740077085
TGO,Togo,2000,759360,31.6,79.8,58.0,,64.0,63.0,,11.96,15.756043,2.8883524,3492826929.0,2160.9893,0.448,101.70534,121170.28192991336,41314.23547707734,2698.467598384254,1435.226434,76.20038165,315480.4559397306,306.5666275,4052.6356912378105,1134.901329,71042.00926191159,26.199675066836846,34.69925876562343,19.22769714974412,68.96148926,1020.0283186134832,97.71005249,19.6559391,,48.46633911,297.45803329485796
TGO,Togo,2001,775842,31.3,79.1,40.0,,50.0,51.0,,11.6,15.731269,2.8126028,3521588220.0,2122.0806,0.452,101.50949,119632.56308882016,42091.52554063018,2635.8780029965696,1431.002878,76.2004898,313132.2459320421,307.0021956,4034.08969,1134.125724,69947.35969408914,26.49632510907307,34.9331506,19.569951921336973,68.20773003330889,1018.0365981073256,99.89473724,21.80233002,,55.25537109,291.1260900964664
TGO,Togo,2002,795800,30.9,78.3,48.0,,59.0,58.0,,11.25,15.694861,2.712066,3656346110.0,2147.9744,0.455,101.50476,122483.48825545456,44316.36535255732,2556.558487992765,1419.186466,76.25992977,309740.2302976776,306.6467786,3973.9831732975504,1128.666389,68623.40006597558,26.399974992339068,34.49579009924992,19.557362823036097,69.68762561015649,1258.6626102634002,102.7070923,25.05533981,,,326.07374913663966
TGO,Togo,2003,817644,30.5,77.5,68.0,,72.0,72.0,,10.91,15.660548,2.6118054,3902058836.0,2234.9773,0.46,101.66098,128917.52743355974,47145.58662374065,2454.905143578463,1400.522712,76.35681472,305762.1169762288,305.5027636,3915.111574,1119.471854,67158.03312334951,26.228767781927008,34.05815307558446,19.671483310595065,73.26552879152352,1510.1137816297985,101.3276291,27.00419998,,57.97513962,333.9200406415468
TGO,Togo,2004,839547,30.1,76.7,70.0,,71.0,71.0,,10.59,15.640405,2.541176,3863870739.0,2157.0276,0.461,101.899994,132538.05867844156,49411.97423601913,2368.7414286458857,1375.905228,76.47039162179999,301628.85016133025,303.8873767,3834.003121174781,1108.176668,65637.84862473283,25.833900748851345,32.991606494738555,19.417204293705552,75.95776008934779,1314.215807255249,101.3063889,28.79247093,,60.21424103,342.86927716573035
TGO,Togo,2005,868501,29.8,76.0,70.0,,82.0,80.0,,10.27,15.631288,2.4858644,3683570962.0,2004.2585,0.46,102.11297,132695.23819380268,50285.21042437199,2293.4670358437734,1346.055098,76.58033517,297767.46305356745,301.9198407,3775.027098951152,1095.7728748460902,64149.66606445022,26.11313830044949,33.87894246128398,19.97184670851675,74.61497754782914,1135.784677405153,101.2271118,30.93420982,,59.7477684,339.9306219505752
TGO,Togo,2006,914820,29.4,75.3,78.0,,84.0,85.0,,9.97,15.612942,2.4504597,3781190459.0,2000.5417,0.465,102.41587,130353.61918657178,47986.24062501005,2233.957000696014,1223.444817,76.75077923242999,294123.5503944538,299.175774,3714.046298,1081.311038,62620.61087038284,26.33040785350845,34.17692543104629,20.248992299290187,73.00086131317873,1196.9810808540528,105.2596207,32.77579117,,59.89157104,325.8137483975954
TGO,Togo,2007,968252,29.0,74.6,71.0,,82.0,72.0,,9.69,15.582119,2.4395947,3736756295.0,1920.2693,0.458,102.60069,122612.50230752614,42364.59000150748,2153.080766886684,977.2319252,77.01168079,290279.76692949206,295.2233208,3668.181547,1062.900098,60943.99501392369,25.70878501340569,32.968926897613706,19.40911492776456,74.93648364,1502.735799319974,100.1608124,29.82471085,,,302.680240436985
TGO,Togo,2008,1016029,28.5,74.1,63.0,24.0,81.0,80.0,24.0,9.41,15.508871,2.4246633,3887557323.0,1941.1549,0.465,102.46486,106850.3981260492,35271.628748340154,2099.4750423943274,693.2987996,77.29078685,286119.2347051307,290.6430062,3615.017474,1041.906786,59157.58317442233,25.604724847717748,33.22189309145619,18.979863120523685,73.98166581,1273.5945960393508,101.6199417,,,54.15158844,278.28154848083545
TGO,Togo,2009,1057281,27.9,73.6,66.0,78.0,78.0,78.0,78.0,9.14,15.412475,2.4155934,4099577351.0,1989.83,0.473,102.22718,89884.32410309177,29101.70844637675,2045.9611984112576,456.840615,77.51408045,281552.0552441318,286.0230352,3584.771752,1019.634909,57302.97340856532,26.02933168626004,33.04395335897176,20.081495988530506,76.76655658602725,1407.7687135351143,113.0378571,,,54.34468079,253.65361884479145
TGO,Togo,2010,1087009,27.4,73.3,68.0,83.0,83.0,83.0,83.0,8.87,15.299742,2.4001822,4339580301.0,2049.7805,0.483,101.9425,81980.89207665254,26458.55376772252,1991.5726160514569,352.2399656,77.60719212,276503.9465635423,281.5561656,3556.537785,996.7558076,55424.06567390441,26.207206562497984,33.32773153725785,20.07316674747535,76.30064840331167,1445.3609266645012,119.0333229,,,59.41832123,236.24228059954095
TGO,Togo,2011,1100691,26.8,73.2,72.0,85.0,85.0,85.0,85.0,8.59,15.172201,2.3760364,4592285181.0,2111.4749,0.495,101.962715,79837.40390744299,26836.4163,1927.4819934914465,342.7824958,77.46600852,270876.5398114243,276.6468335,3520.636921,969.4582453,53307.91116704965,25.584915072333107,32.74366061739665,19.27395203319313,77.06339729208536,1319.763241,117.7511412,,4.989483892,61.37823081,234.1260558428052
TGO,Togo,2012,1102748,26.4,73.1,72.0,84.0,84.0,84.0,84.0,8.33,15.058712,2.3461611,4881723795.0,2186.3096,0.5,102.12942,89699.67570331278,28630.64876302407,1855.7202568804253,335.49381532082003,77.10332573,264459.0063051936,270.75441,3504.763415,935.468225,50866.50838,25.678208573700672,32.85859122297604,19.17675961655213,75.74135875849727,1346.3926603193934,121.5460313,,5.585300898,65.53741399,240.40027207594744
TGO,Togo,2013,1098487,26.0,73.2,72.0,84.0,84.0,84.0,84.0,8.07,14.947864,2.3159363,5166047627.0,2254.9883,0.507,102.05961,101263.68273521312,30764.64935272202,1781.7130464547863,330.1063206,76.61926973569001,257015.5445,264.5800461,3482.656773,899.3750761,48331.31699845024,26.291121812189388,34.29569311656163,19.44575224399633,73.30037924502639,1087.580607766941,122.7089818,,6.145611445,70.55835198,247.02148626934203
TGO,Togo,2014,1091459,25.7,73.3,77.0,84.0,84.0,82.0,84.0,7.81,14.837678,2.279195,5457063353.0,2322.404,0.514,101.99164,102951.1597971068,32086.91883688546,1710.1828825074292,326.320175,76.11106454,248352.9315424438,258.5435734,3470.950787,864.6919642,45934.84607346713,26.693661167176987,34.509828150308884,20.075833312251177,71.84263336413304,1264.7646713582835,119.4487713,,6.272214278,77.5245816,243.30360452592643
TGO,Togo,2015,1086088,25.4,73.3,75.0,82.0,82.0,82.0,82.0,7.56,14.730698,2.2308016,5755457836.0,2388.426,0.523,101.991646,99203.66237,32378.62161786215,1664.6590458139144,323.7470781,75.6779752,238254.79728132527,252.5481681,3447.861375,832.8636964,43904.27435403672,26.544350776404304,35.12290756646296,19.66275556947183,69.51722390891477,1080.2213130060738,123.279581,,6.515977586,,233.07951005423297
TGO,Togo,2016,1082537,25.1,73.3,73.0,82.0,82.0,81.0,82.0,7.32,14.62925,2.1901176,5998044851.0,2427.3003,0.528,102.08951,88930.17313764997,30754.37940293081,1605.416974360381,322.2488441,75.25730641,222093.2869483509,246.7183955,3412.924899,804.6885792256901,42129.86883,26.619371095722013,34.829838229599545,20.05624310565677,71.34386806338277,1371.4121059914332,119.2386234,,7.500271666,89.91820516,208.00165949893236
TGO,Togo,2017,1079309,24.6,73.1,78.0,84.0,84.0,77.0,84.0,7.09,14.535055,2.1443353,6238441246.0,2462.2773,0.534,102.27934,73255.76999522874,27365.22708729269,1557.520784874934,321.5993905,74.77012815,198876.5254957219,241.0560903,3380.453068,778.7181206,40381.01007243326,26.41059319841493,34.27926160085974,19.5813305,72.92589382778688,1333.5050676039132,117.3498495,51.50557455,7.80327832,87.36768189,179.8957758777002
TGO,Togo,2018,1095811,24.2,72.8,73.0,82.0,82.0,60.0,82.0,6.86,14.442617,2.102189,6537585941.0,2517.3489,0.542,102.599396,64601.22735457405,23801.51580970735,1498.323491965886,321.2286537,74.29246754,173824.5923801985,235.1218916,3341.9957385707003,752.8261642,38700.81019106773,25.982259295271103,33.526588603501004,19.775216616150622,74.52282651339253,1403.2618964205376,116.4467643,,8.592172377,85.70506615,171.2019515908586
TGO,Togo,2019,1141724,23.7,72.4,78.0,86.0,86.0,81.0,86.0,6.63,14.360086,2.0658598,6859420393.0,2577.516,0.549,103.03908,60594.26834070679,20800.52720840479,1441.836244019922,320.6294403,73.89974104,152169.4741831335,228.7358734,3291.469164,725.5832053,37133.37671270561,26.257583190475227,33.512345254480586,19.870515114516344,75.42033257003199,1520.1253232221454,116.4732782,,9.097265737,82.75541526,168.29904699191383
TGO,Togo,2020,1179892,23.4,,75.0,85.0,85.0,85.0,85.0,6.43,14.2814245,2.0339594,7007740719.0,2570.4832,0.554,103.46901,62875.43799710074,19337.23625767365,1387.2992057667486,319.2675265,73.66734677,139151.4998876857,221.23316649825003,3243.452537,695.4933185,34918.70850183252,25.862960438066736,33.34757450977063,19.11564263389193,75.64349185112592,1552.530024841184,118.2800895,,10.78602838,83.22599422,179.0578711884359
TUN,Tunisia,2000,879839,12.5,35.6,95.0,94.0,97.0,97.0,,2.92,7.8098135,1.4631093,27972115617.0,9134.415,0.654,107.85171,0.0,0.0,870.4263081182702,47.7748437,34.0527299,209321.33669251352,70.22741837,2151.030887,751.8733684,12292.05803612421,19.22082295557276,32.371980411609194,9.452197062,53.8266553,181.5862752404641,112.4329834,74.79232025,18.63722992,87.88868713,0.0
TUN,Tunisia,2001,860304,12.2,34.4,92.0,94.0,98.0,98.0,,2.72,7.8284335,1.4092244,29034013115.0,9380.563,0.661,108.10292,0.0,0.0,856.4718250344985,42.55806354,34.25685335,201731.6065009461,69.67428243087001,2161.950966,756.9666047,11449.925218400367,19.993359215111315,33.30465004,9.578004292287082,51.71475758341821,182.1499515458565,111.8467865,77.10839081,21.67688942,89.12848663,0.0
TUN,Tunisia,2002,845623,11.9,33.6,94.0,93.0,96.0,96.0,,2.55,7.8476024,1.3567173,29418004531.0,9407.557,0.667,108.42691,0.0,0.0,841.4146060380659,38.32215695,34.655120730700006,193827.54703366687,67.79156293,2179.696598,755.3041662,10554.619207877431,19.56926589,33.17326273586959,9.671312884098032,52.71471820619692,242.7415097976999,110.6427307,78.39304352,24.10928917,93.1038208,0.0
TUN,Tunisia,2003,836433,11.6,33.0,90.0,92.0,95.0,95.0,96.0,2.4,7.869922,1.3118608,30801356639.0,9752.024,0.673,108.87163,0.0,0.0,827.9617488925247,35.17147969,35.11100344,185907.2626954232,65.51139261,2182.495131,750.5194645433301,9674.623471,19.41554939800708,33.15154250588403,9.453928681,57.25115139547603,426.2639507027974,109.8411331,79.29428101,29.0458107,95.98423004,0.0
TUN,Tunisia,2004,831298,11.3,32.4,95.0,96.0,97.0,97.0,97.0,2.27,7.891268,1.2678963,32722064779.0,10263.806,0.683,108.743256,0.0,0.0,811.7518504,33.21381117,35.48705664,178321.61857675188,63.67227985955999,2177.813815,744.5275599555399,8879.422586,18.90122399045893,31.56249806255305,8.783553481364189,57.68469409834237,305.32915040460864,109.1875763,,32.51137924,99.11756897,0.0
TUN,Tunisia,2005,830258,11.0,32.0,96.0,97.0,98.0,98.0,80.0,2.16,7.9112406,1.236868,33862934470.0,10529.16,0.69,108.129425,0.0,0.0,798.0560248952563,32.55388961,35.64604524,171395.35898406268,63.105755964530005,2181.879264,740.0882974,8238.078285,18.85144520565819,32.33113962202344,8.384977813200729,56.373569906022446,260.78008940945995,108.3660736,87.71739197,33.99599838,101.6943436,0.0
TUN,Tunisia,2006,834964,10.7,31.6,98.0,99.0,99.0,99.0,,2.07,7.9383273,1.2056427,35638740560.0,10983.922,0.697,107.81845,0.0,0.0,784.9749762141295,33.15505502,35.62372669,164782.91924602608,63.711446356340005,2193.277503,736.5084073,7709.66467,19.25389747296717,32.34034362451589,9.189426616,55.636761229337786,274.5569121474296,106.3229065,90.07238007,37.19073105,,0.0
TUN,Tunisia,2007,845693,10.4,31.1,98.0,98.0,98.0,98.0,,2.0,7.9625154,1.1806145,38029929333.0,11613.925,0.703,107.75037,0.0,0.0,772.0871460617535,34.56360961,35.554260915380006,158190.60544284954,64.69696648253999,2186.368515,732.5964907,7216.513764,19.22739156,32.11117290722751,8.858784186115185,55.785499949119504,293.1080504172179,102.3086319,,38.33314896,100.1062317,0.0
TUN,Tunisia,2008,862855,10.0,30.6,98.0,99.0,99.0,99.0,,1.94,7.9866114,1.1628472,39641554633.0,11990.196,0.709,107.779755,0.0,0.0,757.9207881927655,36.25178777,35.448933419910006,151974.20496249004,65.72344185,2174.055889,727.1452522,6772.201617,19.34115087,32.34369394795437,9.284007298,54.61371414753149,187.40987363619777,101.0904007,94.35900879,39.95346832,90.65273285,0.0
TUN,Tunisia,2009,887644,9.7,30.2,98.0,99.0,99.0,99.0,,1.9,8.011565,1.1500071,40848025576.0,12229.775,0.713,107.79654,0.0,0.0,744.1465062505016,37.695610106500006,35.31860679,146505.09263027005,66.55198507,2180.655595,719.8069429,6390.512456048141,18.814001964896857,31.95161750178055,9.041872828260026,55.56314733240464,338.3588570277769,101.6360092,91.7849884,42.26657104,88.84313202,0.0
TUN,Tunisia,2010,918968,9.4,29.8,97.0,98.0,98.0,98.0,,1.87,8.035132,1.1445591,42061674642.0,12458.271,0.717,107.748505,0.0,0.0,728.0425488485807,38.365275782530006,35.1743821,142142.91848460204,66.79418789,2174.915113,709.2452483,6085.076614,19.53022925851105,33.454074058675594,8.970905373826925,52.066041147378094,250.97394074256167,102.9551392,90.75521088,43.54496002,97.63256073,0.0
TUN,Tunisia,2011,952715,9.1,29.6,96.0,98.0,98.0,98.0,43.0,1.85,8.063924,1.142968,41200826152.0,12068.714,0.718,107.61069,0.0,0.0,714.4997244227668,38.35383295,34.91993665,138793.1016289492,65.94766387,2179.9791802619097,692.344783,5860.701344,18.83948843418704,31.26739453768559,9.240311376509338,57.58560766670612,313.9066832164027,103.1171875,90.97499084,44.21416092,,0.0
TUN,Tunisia,2012,986183,8.9,29.4,96.0,97.0,97.0,97.0,97.0,1.84,8.092194,1.1436185,42938131960.0,12436.3955,0.72,107.367676,0.0,0.0,698.0025183092249,38.16723594,34.5061939,135859.31460255597,64.04718966,2170.372123,668.8353773966201,5695.562291,19.32491186114389,31.64742383901469,8.696824782681889,54.63618411067559,259.2778978758206,105.0358124,,43.76499939,,0.0
TUN,Tunisia,2013,1021457,8.8,29.3,94.0,98.0,98.0,98.0,98.0,1.83,8.120923,1.141712,43981498924.0,12587.995,0.722,107.03998,0.0,0.0,679.7286149363242,37.90216441,34.01509615,132945.95062488638,61.67444030984001,2167.9025727635503,641.6251166,5563.369197,19.246047304672302,31.83889527311173,9.176761098,53.11648153988846,249.47029261514683,105.5304108,,41.87554169,95.00379181,0.0
TUN,Tunisia,2014,1050075,8.7,29.3,98.0,98.0,98.0,98.0,98.0,1.83,8.139767,1.1309327,45340671513.0,12824.003,0.725,106.28985,0.0,0.0,662.8944280162822,37.65545414,33.52867127,129650.12960989492,59.32323508,2161.5868480879303,612.7714998924499,5438.333461474331,19.60356818180597,32.66707977271921,9.492161668857792,53.23852620348267,251.1799276007308,106.5161667,,41.80764008,97.61831665,0.0
TUN,Tunisia,2015,1066668,8.7,29.3,98.0,98.0,98.0,98.0,98.0,1.82,8.1589,1.1170437,45779494041.0,12802.792,0.728,105.65503,0.0,0.0,645.2117873520652,37.52192572,33.12956408,125559.08428607814,57.46459172,2145.154223,584.3395289,5295.373938407151,19.07894759730242,31.949635089838825,8.909736247056486,55.92164975068423,282.5191595586828,106.6016464,,41.48342896,99.6368103,0.0
TUN,Tunisia,2016,1077873,8.7,29.5,96.0,98.0,98.0,98.0,98.0,1.81,8.174237,1.101759,46290957182.0,12803.88,0.733,105.56961,0.0,0.0,625.8511152933143,37.56123431,32.76760973,118432.28961563436,56.0224079,2139.590512,557.9175543184799,5096.429876,19.914575794469616,33.21211013820638,9.569360566176728,52.68095726072958,263.3781751140786,106.0049591,95.48771667,39.39350128,96.36460114,0.0
TUN,Tunisia,2017,1081416,8.7,29.8,98.0,98.0,98.0,98.0,98.0,1.79,8.187893,1.0837892,47333713938.0,12955.401,0.737,105.58295,0.0,0.0,610.0225492335903,37.71520397,32.37656961,108075.2017,54.62844943,2107.123227,532.4247336,4847.206825,18.938386306146807,32.21709729183645,9.084472765614311,54.73301215601228,258.94361421830104,105.2929993,,39.51459122,93.95456696,0.0
TUN,Tunisia,2018,1069312,8.6,30.1,96.0,97.0,97.0,97.0,97.0,1.75,8.200554,1.0621877,48567689496.0,13163.195,0.742,105.56663,0.0,0.0,590.7120946613712,37.90300581,32.01481302,97155.38867225593,53.39650568614999,2086.917473,507.6871603,4588.56353,19.413822904860123,31.97436794571793,9.310701033106485,56.17560814,278.5523392842458,104.7263184,,39.48268127,,0.0
TUN,Tunisia,2019,1047774,8.6,30.4,98.0,98.0,98.0,98.0,98.0,1.69,8.217011,1.0350866,49320533876.0,13243.902,0.74,105.44142,0.0,0.0,570.9223000864616,38.04088537,31.74112507,88307.91381550021,52.38631153,2061.911807,483.2290949,4358.7136022922805,19.247922806396307,32.08552954040996,9.320878099714502,54.83527091206829,314.3298812730754,,,40.36397934,,0.0
TUN,Tunisia,2020,1021923,8.6,,98.0,97.0,97.0,97.0,97.0,1.6,8.237123,1.0057268,44893953703.0,11955.599,0.733,105.33175,0.0,0.0,570.3803540719911,38.04481157,31.61478686,84139.98071,51.80234032,2039.61085,458.486012,4112.437388,19.777439410378104,32.78597142529281,9.717085102695796,55.170143089295074,289.5127729244312,103.3839035,,41.84671021,98.03753662,0.0
UGA,Uganda,2000,4815838,44.0,72.9,57.0,,52.0,55.0,,14.56,,2.4411108,12220817656.0,1487.005,0.407,101.00123,122043.71323465016,43332.93056888663,3256.753134749029,1174.364754,85.42010761,270929.2687030254,695.8093419566301,4294.670492562111,1481.225925,32063.050672190828,24.16306296330192,32.405542545833335,17.269401600064835,60.236641231357446,954.4270910115988,124.8790665,,1.755929947,,996.8140210794032
UGA,Uganda,2001,4945121,43.6,71.9,59.0,,55.0,56.0,,13.88,,2.3790817,12854303430.0,1516.9642,0.418,100.89207,129933.2858,43248.76821313043,3115.805257533032,1075.8808,85.56118828,272079.09352355666,683.3118259,4237.226751,1463.329461,31271.84682298137,23.55061100618236,31.54777391,16.98719418763486,65.96019710231752,1227.7862203321642,128.5195465,,1.951140046,52.63346863,989.7938518306048
UGA,Uganda,2002,5084757,43.1,70.9,62.0,29.0,57.0,57.0,29.0,13.12,,2.3077927,13976829355.0,1598.5829,0.432,100.76471,128134.26887559792,41996.10551971968,2967.174752573941,881.255927,85.85662391,275049.6350879072,669.1343565,4158.059746,1432.101655,30496.69650100372,24.099076629201488,32.219720106598665,17.237662958567878,63.07410883857113,1071.5726078635012,133.7429657,,2.700269938,55.92562103,950.5104627063184
UGA,Uganda,2003,5229104,42.5,69.8,64.0,44.0,59.0,57.0,44.0,12.31,,2.2364986,14881585674.0,1649.1483,0.446,100.65785,122487.0484486192,40303.62424899703,2752.4711735980254,654.4630688,86.20021353,278615.2609567716,653.0677552,4110.632253,1392.869234,29710.19872021909,24.245752257959023,32.667003373414374,17.130182651312854,62.34166979129069,1004.3976772512392,134.1337433,,2.81434989,55.63859177,868.7158522611682
UGA,Uganda,2004,5374713,41.9,68.7,66.0,62.0,62.0,58.0,62.0,11.49,,2.1747766,15894609936.0,1709.3616,0.461,100.61598,112004.98641416377,38491.38436850424,2540.553702314804,459.44915758213006,86.48534962,281546.5495,635.4955164,4060.21482,1350.181802,28885.00906,23.99415939725145,32.108825341372075,17.265174048930955,64.05232755458326,1061.2565395055326,125.9851227,16.86865997,2.786429882,53.4134407,835.6899472205172
UGA,Uganda,2005,5516402,41.2,67.4,68.0,64.0,64.0,59.0,64.0,10.7,,2.1332343,16901146460.0,1765.0378,0.47,100.64755,107253.70317620932,37564.164570764966,2365.963327963896,359.7204833,86.60568915838999,282590.0774538928,617.2613121795399,4028.634984,1310.169339,27992.955826219302,24.53365808,33.419191888699594,17.283903175082862,60.49208834161701,827.0197233626681,120.130127,,,52.83786011,757.4670681265834
UGA,Uganda,2006,5653368,40.4,66.0,75.0,64.0,64.0,62.0,64.0,9.97,,2.107607,18723891904.0,1898.9791,0.481,100.708565,108518.91635080242,37512.13537136895,2239.701438627463,332.568058,86.57230317,280274.7374552212,598.4759258,3976.644732,1274.644117,27000.72332584516,24.28443416554109,32.75701970889029,17.50896854169447,62.61748713821839,993.5093786,119.4730911,,3.060220003,,694.2509688917664
UGA,Uganda,2007,5785316,39.5,64.4,75.0,73.0,73.0,70.0,73.0,9.3,,2.0899403,20299025448.0,1999.0625,0.492,100.80845,105605.47285835395,37376.03527153701,2123.6260848568863,312.0973995,86.47483444,274716.5361245648,579.1126524,3895.701579,1241.0061462247202,25913.32861497074,23.665136585224392,31.843144652976445,16.983333819806624,66.11016456,1090.4603862031074,118.7725372,21.50024986,,49.65262985,645.9177875559717
UGA,Uganda,2008,5911360,38.3,62.8,70.0,71.0,71.0,69.0,71.0,8.69,,2.078906,22066817213.0,2110.1006,0.502,100.94232,106653.43731232488,37510.06591844382,2015.3014684277111,296.5886088,86.32358997742999,267046.0687129627,560.2272918054899,3817.4612048716895,1210.157824,24758.648290176792,23.695791942819127,32.114132887481155,16.94401968456627,64.19785904345271,994.4416047971854,122.0682602,,3.348530054,54.92491913,598.5097433978567
UGA,Uganda,2009,6034449,37.1,61.2,77.0,79.0,79.0,78.0,79.0,8.14,,2.071973,23567695614.0,2188.299,0.509,101.07754,108060.04065535784,37588.77591563289,1917.5667402408767,284.3126384,86.13067951,258365.50239087245,542.9064752,3763.066652,1181.102424,23560.76842521947,24.214587679211505,32.63712513113263,17.452096161387264,62.92888399,985.2618992986696,123.7020798,,3.689330101,73.29686737,521.3513792255752
UGA,Uganda,2010,6160098,35.9,59.5,73.0,80.0,80.0,79.0,80.0,7.61,,2.0508208,24896350765.0,2244.606,0.514,101.1918,103757.69058701776,37138.80913535122,1822.800499322413,273.50472275498004,85.90902639,249767.93347160303,527.8228343869299,3705.6793611512094,1152.253813,22343.11595,23.793668325592325,32.124314869523225,17.366932674518022,66.45203269666449,1145.2869495440038,121.3416214,,3.426009893,55.14242935,500.1040896791118
UGA,Uganda,2011,6286975,34.6,58.1,75.0,82.0,82.0,79.0,82.0,7.1,,2.0256827,27234530259.0,2384.4653,0.522,101.29327,97888.65129857612,35109.27896842023,1738.8508717270486,262.5561997,85.47154462,240416.14930747225,514.7507596,3645.788244,1122.028247,20947.67070177658,23.59593019615997,31.74145574851697,17.104501116338756,65.99604940035057,1236.1225879997237,113.9385986,,3.803149939,53.40843964,451.1115634170789
UGA,Uganda,2012,6410100,33.4,56.7,80.0,83.0,83.0,79.0,83.0,6.67,,1.9978113,28279643267.0,2405.0945,0.526,101.373245,90025.71010880712,31091.07890480819,1675.441495928271,251.7786987,84.71884246,229001.08019197383,502.6266878,3549.5188731418098,1089.880028,19311.82592,23.32418432557738,31.135175314045384,16.673615824184214,67.41411901037104,1221.1601133070446,113.6859512,,3.136529922,54.70872116,378.6892102887609
UGA,Uganda,2013,6526802,32.3,55.6,83.0,84.0,84.0,78.0,84.0,6.24,,1.9654323,29294007439.0,2420.8882,0.532,101.46874,78822.23184,26252.59294770627,1605.860015574051,242.3178239,83.79465797,215916.5164796554,490.8212602,3456.706247,1057.001883,17602.05932743633,23.35366305964991,31.316983994776404,16.878725864852445,68.09879867952529,1130.084917746481,112.4336166,,,55.07567978,342.2222231906274
UGA,Uganda,2014,6635164,31.1,54.6,85.0,85.0,85.0,78.0,85.0,5.91,,1.9290584,30789849487.0,2470.504,0.539,101.60473,72805.25586178273,22336.89994868429,1543.4011404697787,235.3732189,82.841972,201565.14132284463,479.3518777,3426.30007,1025.204711,15985.18215468138,23.5126314,31.317632052192227,17.086391485703164,67.53726242292635,1254.9266429351994,,,4.012750149,59.10800934,306.56172354941
UGA,Uganda,2015,6735822,29.9,53.9,79.0,89.0,89.0,85.0,89.0,5.58,,1.893842,32387183730.0,2520.02,0.547,101.72122,64395.23959191954,20157.93666865572,1485.536018573126,232.1406893,82.00319067128001,186360.2764127041,468.2134316,3401.89851,995.6089289,14629.440283438513,23.625184686220027,31.559191391900104,17.20358003099405,67.35988203796207,1364.608370042661,104.4096222,,,,290.7067823275494
UGA,Uganda,2016,6839230,28.7,53.2,79.0,93.0,93.0,88.0,93.0,5.25,,1.8618736,33935615078.0,2554.2278,0.553,101.817924,68253.95307206995,20222.90218132488,1427.4797805615617,233.5451865,81.18850698,167681.07429684402,458.0723382,3401.530154,968.9446814,13473.159088491571,23.87159801682336,31.637521727420324,17.234521594837865,66.34682832868988,1028.8922455376771,107.3535614,,,55.47890091,299.6639045245775
UGA,Uganda,2017,6957555,27.5,52.7,83.0,94.0,94.0,90.0,94.0,4.98,,1.8309547,34998276801.0,2543.8477,0.557,101.91299,67289.87193008173,20287.951414923948,1373.2959803099775,238.3199127,80.29308246,144870.8237824461,448.7886545,3411.4750274844905,944.1899697,12365.06916,23.757929207163148,31.72197148020884,17.210943436621992,66.58051204085288,1259.7158427322054,106.8366928,,,53.96009827,288.5381117615935
UGA,Uganda,2018,7096845,26.3,52.2,86.0,93.0,93.0,88.0,93.0,4.74,,1.8019913,37204541496.0,2613.88,0.563,102.00777,63137.55109055166,20333.34543952413,1322.3621406066352,244.3595725,79.43859902,121258.60335960412,439.07360996638994,3417.053812,918.2763325,11340.24982312611,23.27282352396197,30.99047470931303,16.913039212268362,68.23380043081596,1271.5854251543908,,,,,257.9688302092362
UGA,Uganda,2019,7257133,25.4,51.7,87.0,93.0,93.0,92.0,93.0,4.53,,1.7474451,39600047064.0,2689.4102,0.569,102.07245,65910.88287353427,20832.93437356806,1268.212245288822,249.5651258,78.74545225,100177.60048804327,427.6424749,3391.607189,891.1179576,10433.61025156509,23.61868297176736,31.095216673746386,17.489868724522893,69.62688409,1505.3555730683192,,,,,255.93762501679217
UGA,Uganda,2020,7431132,24.6,,89.0,89.0,89.0,88.0,89.0,4.35,,1.6329985,40768765796.0,2678.009,0.571,102.12284,66366.82144302143,21132.92445428263,1223.6524963206732,251.8392156,78.33483704,84938.53446879087,411.380373,3362.1954584575205,860.2155483,9631.69544,22.601370311691884,29.359873246108304,16.756576412918665,75.21222363800779,1817.283054295202,,,,,331.0332923202138
ZMB,Zambia,2000,1896492,52.1,65.6,85.0,,85.0,85.0,,15.25,13.086208,2.2162347,8059030210.0,2220.5654,0.429,99.45961,94453.95887311696,35531.75645254883,3174.7241948931705,927.9457511,82.45469134,293079.5543972112,424.5420548,3798.768929,1365.905161,58929.198362885545,21.974219095283445,31.66910048115974,13.742843314997662,59.67445081651851,974.9103994317088,76.5178299,,,54.41427994,310.71689422035894
ZMB,Zambia,2001,1945154,52.0,64.2,84.0,,85.0,86.0,,14.38,13.015618,2.1439698,8487518230.0,2268.9697,0.437,99.462776,98818.17934023864,34086.74438159342,3169.539817689374,879.729254,82.27805902,291714.5812488829,422.7623068,3821.1301767177297,1353.549159,58120.84918,21.70046289424367,31.563588152283177,13.18857368712735,61.54797182564091,926.0264738660034,76.48043823,,,,318.4108899749699
ZMB,Zambia,2002,1995463,51.8,62.6,84.0,,84.0,85.0,,13.37,12.937069,2.0705376,8869967014.0,2299.333,0.445,99.47705,94031.05228017796,30564.97743028284,2808.9895057996364,768.1333062,81.89997828,290244.0972200605,419.7711576,3810.7110936313297,1334.586148,56859.44633713376,22.591682752159983,33.44530394116675,13.174559077170985,55.46190019362577,754.4486264104521,79.15673828,,,53.52009964,290.8128095134703
ZMB,Zambia,2003,2048303,51.2,61.2,84.0,,83.0,85.0,,12.36,12.848295,2.014306,9485983915.0,2383.8762,0.458,99.57369,86023.39288919096,26195.246503917868,2653.815832,627.1518634,81.42382535,288585.0714285101,415.7232066,3793.709154,1311.671075,55282.87463371755,22.59131088,33.531671361392384,13.598230718154298,55.27758699400116,741.8182836815595,,,,,253.3545449849038
ZMB,Zambia,2004,2105699,50.5,59.9,85.0,,83.0,84.0,83.0,11.37,12.75345,1.9619265,10153075785.0,2471.7207,0.468,99.7193,71467.72551505765,21679.98097445186,2533.780548,490.6181084,80.96095292,286509.9514992244,411.4778348,3788.1661413432894,1285.3941263069798,53524.61622977713,22.09426374703844,32.48620023755756,13.051547726842228,59.34302665,926.0529271788556,98.55992889,,,64.51441956,211.52998090572507
ZMB,Zambia,2005,2170419,49.7,58.7,85.0,82.0,82.0,84.0,82.0,10.48,12.660228,1.9233057,10887711636.0,2564.4756,0.48,99.83706,61018.74361634273,18523.02280235062,2409.469471274078,392.09689977460994,80.61390799133001,283913.2667845021,406.8390657,3815.683464,1261.195938,51722.98284,22.798528225574923,33.20061283140235,13.772146985304422,54.82826911731738,671.9587734503999,109.4810486,,,68.35588837,172.0702561508176
ZMB,Zambia,2006,2243271,48.8,57.6,85.0,81.0,81.0,83.0,81.0,9.71,12.566634,1.8894193,11748243095.0,2673.4614,0.492,99.89786,51028.077565844345,16243.42122156835,2296.153939,323.8670938,80.36860337,279735.11724831274,399.4490704,3840.211509,1236.532972,49693.46002035274,21.86267016314125,32.14349391,12.817845044817462,61.165274758047296,998.2204378249784,112.1500092,,,77.2517395,137.73072623496003
ZMB,Zambia,2007,2321573,47.7,56.6,93.0,80.0,80.0,77.0,80.0,9.14,12.4743185,1.8643955,12729507610.0,2796.353,0.504,99.99219,42907.78919367927,14171.15147217686,2180.270419794996,259.3311928,80.13559301,273319.2758991736,388.5784292,3829.7969427427697,1208.250328,47281.73868324701,21.836050419560703,32.06814368,13.31406634204211,61.74260727,1161.500244202224,112.6232224,,,80.56552887,123.37682560061576
ZMB,Zambia,2008,2401501,46.4,55.8,87.0,87.0,87.0,90.0,87.0,8.62,12.383971,1.8411815,13719086269.0,2908.1436,0.514,100.13156,37541.07099988135,12518.93481365094,2043.461837627827,203.7548674,79.90471133,265188.2671193205,375.4358593,3772.00991,1176.870445,44672.24743578704,21.34022365678196,31.25285240862635,12.560312568976777,62.45425497026812,1021.4320218974584,114.3514786,,,84.55107117,100.86443007835818
ZMB,Zambia,2009,2479333,45.0,55.0,90.0,94.0,94.0,93.0,94.0,8.0,12.296426,1.7936742,14984033821.0,3065.8442,0.526,100.24671,36154.35945092287,11516.98415897303,1904.586842586658,162.4425795,79.66452099,255894.84,361.5261211,3717.306634,1143.847053,42050.31127188023,21.462106505725288,30.89304935722397,12.63745093238998,63.80900567,1078.4535695697132,108.9921417,,,79.62547302,95.85425853712628
ZMB,Zambia,2010,2551598,43.6,54.3,96.0,83.0,83.0,80.0,83.0,7.57,12.2098875,1.7443361,16527123087.0,3266.5076,0.533,100.299194,37636.69111138226,11261.753307307848,1802.9492495242275,140.6647914,79.40302286,246017.4812573784,348.4834768,3669.301059,1110.567913,39602.5129,21.94136719119832,31.42547012,13.477478819914806,62.84621757831366,1017.093293654737,109.2547885,,,102.1408464,92.0903279080038
ZMB,Zambia,2011,2616453,42.1,54.0,83.0,81.0,81.0,83.0,81.0,7.31,12.127088,1.7018299,17447560252.0,3335.6433,0.538,100.3103,40664.57442839487,11872.22361174973,1718.3807505222494,131.1275651,79.08498571,234344.1970420573,336.4508611,3659.059488,1077.046412,37176.02859649951,21.68950236209532,32.17441419371462,12.751871982819717,61.24966983135056,962.9198766,109.7869477,,2.195787487,84.00993081,85.96198881181787
ZMB,Zambia,2012,2674272,40.8,54.0,82.0,78.0,78.0,70.0,78.0,7.04,12.046744,1.6751076,18773117888.0,3474.5525,0.551,100.31773,45899.41301320259,13210.974423451598,1627.6802079655515,123.2024382,78.69580406,219937.5847,324.3308523,3625.266882,1042.165281,34612.18670427274,21.92714076,31.76808994925923,13.02026483725764,60.25345317,966.8311431404472,110.8075233,,3.406737535,88.66439326,91.89988135105752
ZMB,Zambia,2013,2725782,39.6,53.9,80.0,79.0,79.0,74.0,79.0,6.72,11.966205,1.6542412,19722575262.0,3535.2246,0.557,100.336624,54005.39400489291,14920.63854465767,1541.7631928337353,117.153945,78.25441654,203791.4023843037,312.3609999,3587.203259,1006.709134,32089.09215624793,22.1052807,32.43046023341217,12.968459725298972,59.13034514359293,924.8247734109624,105.0232342,,,79.76899677,110.94481457198668
ZMB,Zambia,2014,2770861,38.6,53.9,85.0,86.0,86.0,78.0,86.0,6.38,11.878399,1.6313713,20648211567.0,3585.5774,0.559,100.367035,56120.02871413232,16092.43522820584,1461.1082711268157,113.2526955,77.77950494507999,186900.3977,301.0044185,3485.519567,971.9594308,29783.96467735782,21.82538301787807,31.464032722876738,13.239197520610096,63.47947215,1033.8390746367793,106.1666542,,,,113.37048209863288
ZMB,Zambia,2015,2810537,37.7,54.2,90.0,90.0,90.0,90.0,90.0,6.15,11.782027,1.6057911,21251216798.0,3576.9255,0.565,100.36549,53162.86948158284,16381.265478197727,1393.5140710638134,111.7613224,77.28923397,170274.65883912565,290.613673,3397.834844,938.8179108,27872.76093726256,22.418663606062868,32.402612035057736,13.366007242439489,59.68730204236859,1021.830977196416,102.5108339,,,,106.46090660958288
ZMB,Zambia,2016,2847070,36.5,54.4,97.0,95.0,95.0,91.0,95.0,5.9,11.679526,1.5811946,22049221308.0,3598.1716,0.565,100.35309,50181.37891952681,15909.32410871798,1325.9952909036986,114.6035054,76.70453328,151483.4735933312,281.4674061,3345.468071,908.4029368,26270.55830017722,22.37519753802304,32.65058853399729,13.867448565919515,60.14596485626172,841.2764111764249,99.53206648,,,,102.8168236951912
ZMB,Zambia,2017,2882545,35.2,54.6,96.0,94.0,94.0,92.0,94.0,5.61,11.569097,1.5595865,22826646593.0,3612.5059,0.57,100.349396,45938.40284556281,14900.954031406947,1273.801962,122.0239432,75.99349112,129719.6448884698,273.4541206,3322.442004,880.550061,24796.72967296836,21.74806349695717,31.20027594440926,13.60101794412944,65.50250628,1227.423790881806,98.96390857,,,,98.43404512534156
ZMB,Zambia,2018,2919797,33.9,54.9,94.0,90.0,90.0,90.0,90.0,5.52,11.460221,1.5232263,23747586257.0,3646.9597,0.575,100.33563,45231.69235854143,13938.36245804112,1218.0816103659376,131.773674,75.24493795,108418.8946193482,266.2143784,3300.326193,854.204577,23481.33527483825,21.84715214018492,31.30602762027259,13.186496556783274,64.04879636296162,1062.089084885256,,,,,108.60626137339028
ZMB,Zambia,2019,2961459,32.8,55.1,93.0,88.0,88.0,89.0,88.0,5.41,11.355405,1.4427845,24089861649.0,3591.5642,0.578,100.33503,43484.62447825422,13064.13002837987,1167.014894049891,141.5785535,74.55022591326001,90956.75109449512,258.8135082,3287.743896,826.389457,22353.54158867616,22.527198072264508,32.614786198017164,13.75483838,60.82996868835886,970.9110311581942,,,,,104.76934675966343
ZMB,Zambia,2020,3005909,32.0,,96.0,84.0,84.0,83.0,84.0,5.24,11.246876,1.4313833,23418945736.0,3391.5955,0.578,100.35558,42864.14902289393,12711.04154827297,1138.7630741920034,149.1937017,74.00178102490999,80695.13550588892,251.0345072,3249.419787,794.9660011,21420.521718907752,21.82592662205431,31.675652407876104,13.193800415984596,64.69930893375651,1306.5558811280966,,,,,126.93041771184232
ZWE,Zimbabwe,2000,1791513,33.1,41.0,75.0,79.0,78.0,78.0,,9.83,12.921933,2.2757175,19947126180.0,6170.334,0.458,101.59866,29012.27772,6965.154259,1894.261856,1223.372048,46.6835862,163185.18274969255,213.3035698,3686.910457,1633.451139,34982.75947477221,20.57339809460704,31.29459846535861,11.28687187700229,63.79072688744352,1073.002036401691,110.4270706,36.00741959,,,42.08093988568705
ZWE,Zimbabwe,2001,1857282,33.4,42.5,73.0,76.0,75.0,76.0,,9.79,12.8892145,2.2771397,20234268508.0,6217.4116,0.456,101.57241,20532.30967483711,6123.208304,1685.7020464589991,1171.152598,47.15256174,163788.8127774394,212.3275699,3660.1109618352098,1632.2738692383098,34465.56702763957,21.32736100077486,33.12655293389723,11.591726001870192,59.61404265337277,917.3879795492438,115.285408,38.15077972,,97.19120026,41.704322331501494
ZWE,Zimbabwe,2002,1918059,33.7,44.2,70.0,73.0,71.0,73.0,,8.48,12.863235,2.2873724,18434630065.0,5610.1914,0.459,101.491394,14618.805868720969,4927.632416,1494.525305630629,1135.71009,47.62675827,165644.77459823064,212.4727818,3645.354822,1636.696948,34100.846217743216,22.114527361935924,34.675600637836816,11.340525485503766,50.62397350561191,464.9823559801264,110.4469223,37.53942108,,92.39768982,32.48290452742829
ZWE,Zimbabwe,2003,1969672,33.9,45.9,68.0,70.0,68.0,70.0,,8.85,12.842736,2.3064854,15301651166.0,4601.6606,0.45,101.39988,10599.67256,3681.402609751941,1468.065087971673,1108.42991,48.11575052,168256.99312924105,213.9084879,3618.898159,1643.805638,33842.24866424055,21.95974992990114,34.61968264857973,11.589990050184644,53.67622562050352,601.8085789394763,108.9472198,35.94031143,,91.37985229,29.383728884514532
ZWE,Zimbabwe,2004,2006555,34.1,47.5,66.0,68.0,65.0,67.0,,9.17,12.824823,2.3211446,14413001709.0,4287.598,0.453,101.32108,8218.406732,2695.29201,1464.2853846561648,1080.819675,48.6205025,171233.7556504429,217.1143189,3627.154535,1657.064778,33653.627073955286,21.46995886475843,33.27613386350849,11.11642479,57.42236722085647,810.1904087624206,,,,,27.624528748477953
ZWE,Zimbabwe,2005,2028350,34.2,48.9,67.0,65.0,68.0,69.0,,9.23,12.804933,2.350789,13589857106.0,4004.6646,0.455,101.28196,6140.494146,2219.597962,1468.917973684747,1044.577224,49.134307995300006,174230.77996773485,221.7193534,3650.7472328472295,1677.447941,33511.482281882585,22.636826787003447,34.95528258252454,12.54458230743819,51.26641771711832,562.0902284985277,,,,,18.723047805547036
ZWE,Zimbabwe,2006,2042197,34.3,50.2,68.0,68.0,70.0,71.0,,9.4,12.786296,2.378833,13119457397.0,3819.2334,0.457,101.277245,6800.017979,2407.206395,1473.9870025401551,990.0840397,49.77216912,178120.39605913236,227.9790791,3679.775705,1704.5605689930298,33484.76663346466,21.394851322041443,33.105301508630866,10.985520659549204,57.03861370503686,720.9730452785888,,,,,20.9833385062712
ZWE,Zimbabwe,2007,2054691,34.1,51.0,69.0,72.0,73.0,73.0,,9.47,12.743696,2.4063654,12640170700.0,3631.5376,0.459,101.28202,23813.03080704866,3747.971044,1465.7534572749528,919.5135595,50.55364816,183155.28499651264,235.233452,3725.1272320138905,1733.094161,33587.35919786541,21.787216742160968,34.40248642191876,11.431638374369063,54.30094687900711,755.8675406058676,,,,,68.91116287823374
ZWE,Zimbabwe,2008,2072123,33.9,51.2,70.0,75.0,75.0,75.0,75.0,9.34,12.669854,2.4287677,10406779091.0,2954.0994,0.456,101.2884,12221.08944633209,3505.604574,1614.2332990113366,842.3615221368201,51.33958062,187970.0558163983,241.8721875,3794.399702,1753.324717,33701.06124221926,21.76989165399515,34.07470488583014,11.61415053388243,54.320133198419946,658.6145507991337,,,,,31.116088965309917
ZWE,Zimbabwe,2009,2104483,33.5,50.8,76.0,73.0,73.0,69.0,73.0,9.03,12.55544,2.4250996,11787972496.0,3299.4138,0.488,101.27823,15166.11029092995,4043.836367,1674.156295811265,768.4621285,51.97834031,191370.2274019932,246.6996401,3808.45534,1764.567602,33721.51594407165,21.40115587016708,32.86656284372628,11.226718492569404,57.58089237221975,735.1669199593113,,,,,34.797495842607574
ZWE,Zimbabwe,2010,2155542,32.9,49.8,90.0,90.0,89.0,89.0,90.0,8.5,12.411165,2.389671,14107304144.0,3885.3938,0.512,101.24841,14989.17443444576,4202.659792,1547.0608306755494,708.155884,52.30319786,192268.96776918464,247.91563837976005,3715.06269,1766.0873358616502,33564.28838079912,22.18699525,33.88338885587341,12.21488023464819,56.567054287728446,685.4840888973945,,,5.863116352,,38.07527560180575
ZWE,Zimbabwe,2011,2222251,32.1,48.3,92.0,94.0,93.0,93.0,94.0,7.88,12.275406,2.3427587,16109682999.0,4358.926,0.529,101.20601,8962.919240349269,3873.284463,1530.9237384783353,657.5925929,52.42234186,188011.8969352992,244.6769267,3565.7143493007297,1741.404386,32729.31388824993,21.446036280731985,33.56152119,10.604370206669104,56.02993742774797,759.0971503,,,5.862449948,,28.848900230379208
ZWE,Zimbabwe,2012,2291785,31.0,46.2,97.0,97.0,95.0,95.0,97.0,7.14,12.168764,2.281381,18794430788.0,5003.4873,0.545,101.15085,7224.929802,3772.0512473387503,1473.3012385535828,608.1823356,52.54667054,178158.1916122616,238.1084651,3405.320412,1687.663433,31080.26560858014,22.072131883314853,34.32744773812407,11.505878265809216,51.89445310331294,516.8503153003602,99.56779174,73.09866412,5.877049204,87.99703547,25.11867292898183
ZWE,Zimbabwe,2013,2347468,29.7,44.3,93.0,95.0,95.0,95.0,95.0,6.55,12.111303,2.1728384,19168343271.0,5031.6875,0.554,101.15644,12279.02986248581,4048.900287,1403.063001,563.4496901,52.66137159,164949.02439619016,230.038567,3295.7599747979702,1623.402195,29083.899468072137,21.720479998955323,34.091882424001504,11.295621773298604,54.87640093684872,730.8168704719458,98.49025565,50.88562012,6.357552302,87.5353999,36.85585026485439
ZWE,Zimbabwe,2014,2377267,28.5,42.8,92.0,91.0,91.0,92.0,91.0,6.18,12.087942,1.9480027,19623972034.0,5081.1123,0.56,101.220825,16726.60011978223,4279.521886,1336.5407988021243,527.2003609933699,52.741131131500005,150666.4397377237,222.5590686,3228.289307,1565.866862,27221.74651688493,21.47075305348305,33.252014839340426,11.11107298434218,58.29489739743303,844.126261,97.51596567,,,85.9930062,42.96692844598102
ZWE,Zimbabwe,2015,2378323,27.3,41.7,86.0,87.0,87.0,88.0,87.0,5.98,12.076419,1.7567998,19973250000.0,5102.7144,0.567,101.287674,14593.87872593795,4121.031312,1289.3080507442592,503.0559524,52.76425911,137502.3400191053,216.6841967,3188.304781,1524.912167,25969.137900298363,22.32846536213917,34.26692775750386,11.73497326476391,53.12116844998814,580.9701503747049,96.491768,,9.930096452,89.95246234,35.159155281170115
ZWE,Zimbabwe,2016,2357409,26.3,40.5,95.0,90.0,90.0,90.0,90.0,5.69,12.055848,1.6459022,20124206636.0,5070.4023,0.57,101.355896,9289.396638,3776.841779,1255.5366986661463,488.8358867,52.54744587,123768.84503148762,211.6775667,3183.445436,1497.676285,25240.09193651603,22.56898133702612,35.03929089017887,12.382156038437593,53.787957044104495,639.1038487086497,95.1640468,,,89.22854749,27.616663000272705
ZWE,Zimbabwe,2017,2322038,25.3,39.6,90.0,89.0,89.0,89.0,89.0,5.5,12.014858,1.5905458,21076969325.0,5234.384,0.575,101.439735,16210.27457759786,4129.769307,1215.528688540163,478.4444531,52.04447349,107909.37067957204,206.93049176321003,3182.9945537928297,1477.016394,24645.66666333869,21.334987712032827,32.538954495478194,11.694289725270776,61.53555815986775,891.3014655484571,94.15918702,,,88.66026015,40.07102909308339
ZWE,Zimbabwe,2018,2283936,24.5,38.5,88.0,89.0,89.0,89.0,89.0,5.23,11.956295,1.6076134,22132908952.0,5415.4697,0.586,101.539505,7490.203683562049,3557.283664,1188.672281971381,469.498786,51.44772423,92227.28948443371,202.848989,3172.26033,1460.032166,24196.26058032747,21.90477598651216,33.43026896542981,11.888065961890147,56.94786406239411,691.3901469631032,93.75603756,,,89.03047062,26.4971301306116
ZWE,Zimbabwe,2019,2256262,23.9,37.8,85.0,90.0,90.0,90.0,90.0,5.11,11.891155,1.702171,20731353612.0,4993.8438,0.584,101.60976,8549.130608,3510.935284,1176.5163834207788,459.6536283,50.94875885,79032.12901836046,199.8168843,3173.615776,1442.857458,23904.05901,22.96400359914272,35.46133846848343,12.384978281748282,51.78449264,466.6403812301488,93.52053405,,,87.75600076,23.825411885173953
ZWE,Zimbabwe,2020,2246868,23.5,,85.0,86.0,86.0,86.0,86.0,5.01,11.82973,1.8660555,19110793941.0,4527.7197,0.582,101.65868,11927.28959,3542.685602,1138.6981619076755,446.5948649,50.73702046,70646.05731095752,197.84257250841003,3171.627227,1423.316587,23869.00476795073,22.09511821725939,34.49571541993659,12.195991547494469,56.43126673239465,757.5974567551234,93.98541534,,,89.33934942,31.19592843224669
